; Generated from disasm: C688:0EA3-A4F0
; NOTE: branch target labels are local aliases for readability.

BITS 16
org 0x0EA3

decimal_emit_tail_C688_0EA3:
    db 0xb5, 0x03    ; mov ch,0x03
loc_0EA5:
    db 0x8b, 0x1e, 0xef, 0x75    ; mov bx,[0x75ef]
    db 0x1e    ; push ds
    db 0x8e, 0xdf    ; mov ds,di
    db 0x8b, 0x17    ; mov dx,[bx]
    db 0x1f    ; pop ds
    db 0xff, 0x06, 0xef, 0x75    ; inc word [0x75ef]
    db 0xff, 0x06, 0xef, 0x75    ; inc word [0x75ef]
    db 0xb1, 0x2f    ; mov cl,0x2f
loc_0EB9:
    db 0xfe, 0xc1    ; inc cl
    db 0x2b, 0xf2    ; sub si,dx
    jnc loc_0EB9
    db 0x03, 0xf2    ; add si,dx
    db 0x8b, 0x1e, 0xed, 0x75    ; mov bx,[0x75ed]
    db 0x88, 0x0f    ; mov [bx],cl
    db 0xff, 0x06, 0xed, 0x75    ; inc word [0x75ed]
    db 0xfe, 0xcd    ; dec ch
    jnz loc_0EA5
    db 0x8b, 0x1e, 0xed, 0x75    ; mov bx,[0x75ed]
    db 0x8a, 0x47, 0xfd    ; mov al,[bx-0x03]
    db 0x3c, 0x3a    ; cmp al,0x3a
    jns loc_0EDB
    db 0xc3    ; ret
loc_0EDB:
    db 0xc6, 0x47, 0xfd, 0x78    ; mov byte [bx-0x03],0x78
    db 0xc3    ; ret
    db 0x8b, 0x36, 0xff, 0x78, 0x8b, 0x16, 0x0f, 0x79
    db 0x03, 0xf2, 0x4e, 0xbb, 0xe4, 0x79, 0x89, 0x1e
    db 0xed, 0x75
decimal_emit_3_digit_C688_0EF2:
    db 0xbb, 0x7b, 0x0e    ; mov bx,0x0e7b
    db 0x89, 0x1e, 0xef, 0x75    ; mov [0x75ef],bx
    db 0x8c, 0xcf    ; mov di,cs
    jmp decimal_emit_tail_C688_0EA3
decimal_emit_4_digit_C688_0EFD:
    db 0xbb, 0x79, 0x0e    ; mov bx,0x0e79
    db 0x89, 0x1e, 0xef, 0x75    ; mov [0x75ef],bx
    db 0xb5, 0x04    ; mov ch,0x04
    db 0x8c, 0xcf    ; mov di,cs
    jmp loc_0EA5
decimal_emit_5_digit_C688_0F0A:
    db 0xbb, 0x77, 0x0e    ; mov bx,0x0e77
    db 0x89, 0x1e, 0xef, 0x75    ; mov [0x75ef],bx
    db 0xb5, 0x05    ; mov ch,0x05
    db 0x8c, 0xcf    ; mov di,cs
    jmp loc_0EA5
decimal_parse_3_digit_C688_0F17:
    db 0xb5, 0x03    ; mov ch,0x03
    db 0xb6, 0x00    ; mov dh,0
    db 0xbe, 0x00, 0x00    ; mov si,0
loc_0F1E:
    db 0x8b, 0x1e, 0xed, 0x75    ; mov bx,[0x75ed]
    db 0x8a, 0x07    ; mov al,[bx]
    db 0x0a, 0xc0    ; or al,al
    jnz loc_0F29
    db 0xc3    ; ret
loc_0F29:
    db 0x3c, 0x20    ; cmp al,0x20
    jnz loc_0F2E
    db 0xc3    ; ret
loc_0F2E:
    db 0x8b, 0xd6    ; mov dx,si
    db 0x03, 0xf6    ; add si,si
    db 0x03, 0xf6    ; add si,si
    db 0x03, 0xf2    ; add si,dx
    db 0x03, 0xf6    ; add si,si
    db 0x24, 0x0f    ; and al,0x0f
    db 0xb6, 0x00    ; mov dh,0
    db 0x8a, 0xd0    ; mov dl,al
    db 0x03, 0xf2    ; add si,dx
    db 0xff, 0x06, 0xed, 0x75    ; inc word [0x75ed]
    db 0xfe, 0xcd    ; dec ch
    jnz loc_0F1E
    db 0xc3    ; ret
format_word_and_prepare_stream_C688_0F49:
    db 0x51    ; push cx
    db 0xff, 0x36, 0xed, 0x75    ; push word [0x75ed]
    db 0xff, 0x36, 0xef, 0x75    ; push word [0x75ef]
    call decimal_emit_3_digit_C688_0EF2
    db 0x8f, 0x06, 0xef, 0x75    ; pop word [0x75ef]
    db 0x8f, 0x06, 0xed, 0x75    ; pop word [0x75ed]
    db 0x59    ; pop cx
    db 0x80, 0x0e, 0x4f, 0x82, 0x01    ; or byte [0x824f],0x01
    db 0x80, 0xc9, 0x40    ; or cl,0x40
    db 0x5e    ; pop si
    db 0x8b, 0xec    ; mov bp,sp
    db 0x87, 0x76, 0x00    ; xchg [bp+0x00],si
    db 0x8b, 0x1e, 0xed, 0x75    ; mov bx,[0x75ed]
    db 0x89, 0x77, 0x04    ; mov [bx+0x04],si
    db 0xc6, 0x47, 0x03, 0xff    ; mov byte [bx+0x03],0xff
    db 0xff, 0x36, 0xed, 0x75    ; push word [0x75ed]
    db 0x5e    ; pop si
    db 0x8a, 0x04    ; mov al,[si]
    db 0x3c, 0x30    ; cmp al,0x30
    jnz loc_0F8A
    db 0x46    ; inc si
    db 0x8a, 0x04    ; mov al,[si]
    db 0x3c, 0x30    ; cmp al,0x30
    jnz loc_0F8A
    db 0x46    ; inc si
loc_0F8A:
    db 0x87, 0xd6    ; xchg si,dx
    db 0xc3    ; ret
    db 0xa0, 0x5f, 0x79, 0x8b, 0xd6, 0x03, 0xf6, 0x03
    db 0xf6, 0x03, 0xf2, 0x03, 0xf2, 0xc3, 0x8b, 0x16
    db 0x0a, 0x7a, 0xbe, 0x00, 0x00, 0x2b, 0xf2, 0x74
    db 0x0c, 0x87, 0xd6, 0xe8, 0xa5, 0x01, 0xbe, 0x00
    db 0x00, 0x89, 0x36, 0x0a, 0x7a, 0xc3, 0x8b, 0x16
    db 0x0c, 0x7a, 0xbe, 0x00, 0x00, 0x89, 0x36, 0x4a
    db 0x7a, 0x89, 0x36, 0x0c, 0x7a, 0x2b, 0xf2, 0x89
    db 0x36, 0x0a, 0x7a, 0xf6, 0x06, 0xf1, 0x77, 0x80
    db 0x74, 0x20, 0xe8, 0xf2, 0x34, 0xba, 0x10, 0x78
    db 0x8b, 0xfa, 0x8a, 0x05, 0x0a, 0xc0, 0x78, 0x12
    db 0x8b, 0x36, 0xc7, 0x77, 0xb9, 0x7c, 0x00, 0x03
    db 0xf1, 0x89, 0x36, 0xc3, 0x77, 0x87, 0xd6, 0xfe
    db 0x04, 0xc3, 0x32, 0xc0, 0xa2, 0x10, 0x78, 0x80
    db 0x0e, 0x0d, 0x79, 0x08, 0x8b, 0x36, 0xe5, 0x78
    db 0xe8, 0xf4, 0x00, 0x80, 0x26, 0x0d, 0x79, 0xf7
    db 0xa0, 0xbe, 0x77, 0x50, 0xe8, 0x8f, 0xff, 0x58
    db 0xa2, 0xbe, 0x77, 0xe8, 0xa4, 0x01, 0xb0, 0x08
    db 0xe8, 0x87, 0x01, 0xbe, 0xd5, 0x78, 0x80, 0x24
    db 0xfd, 0xc3, 0xb0, 0x0e, 0xeb, 0x02, 0xb0, 0x16
    db 0x50, 0x8b, 0x36, 0xfd, 0x78, 0x46, 0x46, 0x8b
    db 0x16, 0xf5, 0x78, 0x2b, 0xf2, 0xb0, 0x01, 0xba
    db 0x00, 0x00, 0xe8, 0x9d, 0x2c, 0xb0, 0x0c, 0xe8
    db 0xbd, 0x3f, 0x8b, 0x36, 0xff, 0x78, 0x4e, 0x89
    db 0x36, 0x13, 0x78, 0x89, 0x36, 0x15, 0x78, 0x87
    db 0xd6, 0xbe, 0x01, 0x00, 0x89, 0x36, 0x17, 0x78
    db 0x8b, 0x36, 0x01, 0x79, 0x8a, 0xc6, 0x0a, 0xc0
    db 0x75, 0x13, 0x8a, 0xc2, 0xfe, 0xc8, 0x75, 0x0d
    db 0xf6, 0x06, 0x2e, 0x79, 0x80, 0x75, 0x06, 0x8b
    db 0x0e, 0xfb, 0x78, 0x03, 0xf1, 0x58, 0xe8, 0x36
    db 0x00, 0xbe, 0xd5, 0x78, 0x80, 0x24, 0xfd, 0x80
    db 0x0c, 0x04, 0xe8, 0x42, 0x34, 0xa0, 0xb8, 0x77
    db 0x3c, 0x0e, 0x75, 0x01, 0xc3, 0x8b, 0x36, 0xa4
    db 0x79, 0x8b, 0xde, 0xd0, 0xcf, 0xd0, 0xcb, 0x8b
    db 0xf3, 0x8b, 0x16, 0xdf, 0x78, 0x03, 0xf2, 0x89
    db 0x36, 0xd9, 0x78, 0xe8, 0x57, 0x1c, 0xc3, 0xbe
    db 0x30, 0x75, 0xba, 0x01, 0x00, 0xb0, 0x16, 0x87
    db 0xd6, 0x50, 0x52, 0x89, 0x36, 0xd5, 0x77, 0xe8
    db 0x8c, 0x26, 0x32, 0xc0, 0xe8, 0x9f, 0x00, 0xe8
    db 0xf8, 0x00, 0x5e, 0xe8, 0x31, 0x00, 0x8b, 0x36
    db 0xc5, 0x77, 0x89, 0x36, 0x19, 0x78, 0x32, 0xc0
    db 0xba, 0x28, 0x78, 0xe8, 0x13, 0x00, 0xb0, 0x01
    db 0xba, 0x3b, 0x78, 0xe8, 0x0b, 0x00, 0x58, 0xe8
    db 0xc0, 0x00, 0xbe, 0xf1, 0x77, 0x80, 0x0c, 0x20
    db 0xc3, 0x50, 0x52, 0xe8, 0xd7, 0x5a, 0x5a, 0xe8
    db 0x0f, 0x00, 0x58, 0xe8, 0x2e, 0x5b, 0xc3, 0xba
    db 0xbe, 0x77, 0xe8, 0x07, 0x00, 0xe8, 0xc7, 0x33
    db 0xc3, 0xbe, 0x30, 0x75, 0x52, 0x87, 0xd6, 0xbe
    db 0xa1, 0x79, 0x8a, 0x04, 0x50, 0x80, 0x24, 0xfe
    db 0xbe, 0x17, 0x77, 0x8a, 0x04, 0x50, 0x80, 0x0c
    db 0x01, 0x52, 0xe8, 0x27, 0x0a, 0x5e, 0xe8, 0x4c
    db 0x09, 0x58, 0xa2, 0x17, 0x77, 0x58, 0xa2, 0xa1
    db 0x79, 0xa0, 0x5f, 0x79, 0xe8, 0xaf, 0x50, 0xbe
    db 0x5e, 0x79, 0x5a, 0x8b, 0xfa, 0xb9, 0x17, 0x00
    db 0x06, 0xbd, 0x00, 0x00, 0x8e, 0xc5, 0xfc, 0xf3
    db 0xa4, 0x07, 0xbe, 0xd5, 0x78, 0x80, 0x0c, 0x02
    db 0xc3, 0xbe, 0x00, 0x00, 0xba, 0x00, 0x00, 0xb5
    db 0x06, 0xeb, 0x26, 0xb5, 0x0c, 0x32, 0xc0, 0x87
    db 0xd6, 0xba, 0x00, 0x00, 0xeb, 0x1b, 0xa2, 0xf2
    db 0x77, 0xb5, 0x00, 0x8b, 0x36, 0xf3, 0x78, 0x8b
    db 0x16, 0x12, 0x79, 0x89, 0x16, 0xc1, 0x77, 0x2b
    db 0xf2, 0x87, 0xd6, 0xbe, 0x00, 0x00, 0xa0, 0x3d
    db 0x79, 0xe8, 0x3e, 0x00, 0x89, 0x36, 0xbb, 0x77
    db 0x89, 0x16, 0xb9, 0x77, 0xa2, 0xbe, 0x77, 0x8b
    db 0x36, 0x65, 0x79, 0x89, 0x36, 0xc5, 0x77, 0x89
    db 0x36, 0x19, 0x78, 0x8b, 0x36, 0x3e, 0x79, 0x89
    db 0x36, 0xbf, 0x77, 0xb0, 0xff, 0xa2, 0xbd, 0x77
    db 0x8a, 0xc5, 0x80, 0x0e, 0xf1, 0x77, 0x80, 0xa2
    db 0xb8, 0x77, 0xbe, 0xb2, 0x11, 0x8c, 0xcb, 0xb4
    db 0x0b, 0xe8, 0xb3, 0x81, 0xc3, 0x0b, 0x00, 0x00
    db 0x00, 0x00, 0x56, 0x52, 0x9f, 0x50, 0xbe, 0xf1
    db 0x77, 0xf6, 0x04, 0x40, 0x75, 0x20, 0xf6, 0x04
    db 0x80, 0x74, 0x1b, 0xbb, 0xf8, 0x77, 0x89, 0x1e
    db 0xef, 0x75, 0xbe, 0x0b, 0x00, 0xb4, 0x05, 0xe8
    db 0x8d, 0x81, 0x8b, 0x1e, 0xef, 0x75, 0x8a, 0x47
    db 0x04, 0xe8, 0x07, 0x00, 0xeb, 0xd8, 0x58, 0x9e
    db 0x5a, 0x5e, 0xc3, 0xbe, 0xf1, 0x77, 0x0a, 0xc0
    db 0x75, 0x29, 0x80, 0x24, 0x7f, 0xf6, 0x04, 0x20
    db 0x75, 0x01, 0xc3, 0x51, 0x80, 0x24, 0xdf, 0xa0
    db 0x9b, 0x79, 0x50, 0xe8, 0xc1, 0x32, 0xbf, 0x19
    db 0x78, 0x8b, 0x1d, 0x89, 0x1e, 0xef, 0x75, 0x80
    db 0x27, 0xfd, 0x80, 0x27, 0xfb, 0x58, 0xe8, 0x5d
    db 0x32, 0x59, 0xc3, 0x80, 0x24, 0x7f, 0x74, 0x0e
    db 0x80, 0x0c, 0x40, 0x3c, 0x01, 0x74, 0x07, 0x3c
    db 0x02, 0x75, 0x03, 0x80, 0x0c, 0x08, 0xc3, 0x32
    db 0xc0, 0xa2, 0x81, 0x78, 0x56, 0x0b, 0xf6, 0x75
    db 0x23, 0xa0, 0xec, 0x79, 0xa8, 0x20, 0x75, 0x1c
    db 0x0a, 0xc0, 0x8b, 0x36, 0x4a, 0x7a, 0x13, 0xf2
    db 0x87, 0xd6, 0xbe, 0x00, 0x00, 0x89, 0x36, 0x4a
    db 0x7a, 0x75, 0x02, 0x5e, 0xc3, 0xf6, 0x06, 0xf1
    db 0x77, 0x80, 0x74, 0x0d, 0x52, 0xe8, 0x5a, 0xff
    db 0x5a, 0x8b, 0x36, 0x4a, 0x7a, 0x03, 0xf2, 0x87
    db 0xd6, 0xbe, 0x00, 0x00, 0x89, 0x36, 0x4a, 0x7a
    db 0x80, 0x26, 0xec, 0x79, 0xdf, 0x5e, 0xb5, 0x04
    db 0xa0, 0x3d, 0x79, 0x24, 0xfe, 0xe9, 0xf9, 0xfe
    db 0xb0, 0x09, 0xbe, 0x04, 0x00, 0xe8, 0xbc, 0x82
    db 0xc3
marker_e7_noop_hook_C688_1286:
    db 0xc3    ; ret
    db 0xc3, 0xe8, 0xb5, 0xef, 0x3c, 0x00, 0xe8, 0x7d
    db 0x28, 0x73, 0xfb, 0xe8, 0x56, 0x28, 0x73, 0xfb
    db 0xe8, 0xa6, 0xef, 0xa8, 0x3c, 0x00, 0x3a, 0x02
    db 0xc3, 0xe8, 0x88, 0x4f, 0xe8, 0x9a, 0xef, 0x44
    db 0x00, 0x00, 0xe8, 0xe4, 0x48, 0xa8, 0x10, 0x74
    db 0x07, 0xe8, 0xe1, 0x48, 0xa8, 0x10, 0x75, 0x3a
    db 0xe8, 0x0e, 0x00, 0x72, 0xed, 0xe8, 0x81, 0xef
    db 0x52, 0x04, 0x98, 0xe7, 0x16, 0x1a, 0x1c, 0x38
    db 0x02, 0xa0, 0x55, 0x7a, 0x0a, 0xc0, 0x74, 0x01
    db 0xc3, 0xa0, 0x54, 0x7a, 0x3c, 0x08, 0xc3, 0xe8
    db 0x52, 0x4f, 0xbe, 0xff, 0xff, 0x89, 0x36, 0x7d
    db 0x79, 0xa0, 0xd5, 0x78, 0xa8, 0x02, 0x75, 0x0a
    db 0xe8, 0xc1, 0x39, 0xa0, 0xd5, 0x78, 0xa8, 0x02
    db 0x74, 0x07, 0xe8, 0x37, 0x88, 0xb0, 0x0b, 0xeb
    db 0x15, 0xb0, 0x00, 0xa2, 0x4f, 0x7a, 0xe8, 0x40
    db 0xef, 0xa2, 0x25, 0x09, 0x58, 0x25, 0x20, 0xb2
    db 0xc9, 0x86, 0x00, 0xe8, 0x08, 0x00, 0x9f, 0x50
    db 0xe8, 0xb2, 0x31, 0x58, 0x9e, 0xc3, 0xe8, 0x78
    db 0x17, 0xe8, 0xdf, 0x19, 0xf6, 0x06, 0xb3, 0x8d
    db 0x40, 0x74, 0x0b, 0xe8, 0x3a, 0x9b, 0x80, 0x0e
    db 0x3f, 0x8e, 0x01, 0xb0, 0x03, 0xc3, 0xe8, 0x71
    db 0x3c, 0x80, 0x26, 0xa1, 0x79, 0xfb, 0x8b, 0x36
    db 0x49, 0x79, 0x56, 0xe8, 0x1b, 0x40, 0xbe, 0x90
    db 0x79, 0xf6, 0x06, 0x90, 0x79, 0x01, 0x74, 0x05
    db 0x80, 0x0e, 0x3f, 0x8e, 0x01, 0xc6, 0x04, 0x00
    db 0x5a, 0x8b, 0xde, 0x8a, 0xd8, 0x8b, 0xf3, 0x3c
    db 0xea, 0x75, 0x02, 0x8a, 0xc3, 0x3c, 0x0b, 0x75
    db 0x09, 0xf6, 0x06, 0x3c, 0x79, 0x80, 0x75, 0xce
    db 0x8a, 0xc3, 0x0a, 0xc0, 0x74, 0x14, 0x50, 0xf6
    db 0x06, 0x3c, 0x79, 0x04, 0x74, 0x03, 0xe8, 0xeb
    db 0x25, 0x5b, 0x86, 0xfb, 0x8b, 0xf3, 0x8a, 0xc7
    db 0xeb, 0x00, 0x3c, 0xe9, 0x74, 0x0e, 0x3c, 0x18
    db 0x75, 0x05, 0xe8, 0x99, 0x1a, 0xeb, 0x9f, 0x74
    db 0x01, 0xc3, 0xb0, 0xff, 0xe8, 0xb9, 0x8e, 0xeb
    db 0x95, 0xbe, 0x41, 0x77, 0xb0, 0x00, 0xa2, 0x3e
    db 0x77, 0x88, 0x04, 0x46, 0x88, 0x04, 0x46, 0x88
    db 0x04, 0x46, 0x88, 0x04, 0x46, 0xc6, 0x04, 0x0a
    db 0x8b, 0x36, 0xd7, 0x78, 0x8b, 0x16, 0xdb, 0x78
    db 0xe8, 0x9f, 0x3b, 0x8b, 0x36, 0xdd, 0x78, 0x46
    db 0xe8, 0xd0, 0x00, 0x52, 0x8b, 0x36, 0x86, 0x79
    db 0x89, 0x36, 0x3b, 0x77, 0x8b, 0x36, 0xd9, 0x78
    db 0x8b, 0x16, 0x84, 0x79, 0xe8, 0xbc, 0x00, 0x59
    db 0x79, 0x18, 0x56, 0x8b, 0x36, 0xdf, 0x78, 0x4e
    db 0x4e, 0x2b, 0xf2, 0x78, 0x04, 0x03, 0xf2, 0x87
    db 0xd6, 0x5e, 0x89, 0x0e, 0x3b, 0x77, 0x8b, 0x0e
    db 0x86, 0x79, 0x56, 0xb0, 0x02, 0x8b, 0x36, 0xe1
    db 0x78, 0x2b, 0xf2, 0x72, 0x07, 0x5e, 0x56, 0x4e
    db 0x2b, 0xf2, 0x75, 0x02, 0xfe, 0xc8, 0x8b, 0x36
    db 0xdf, 0x78, 0x87, 0xd6, 0x89, 0x36, 0x39, 0x77
    db 0x2b, 0xf2, 0xa2, 0x3d, 0x77, 0x79, 0x0e, 0x46
    db 0x0b, 0xf6, 0x75, 0x4e, 0xb0, 0x01, 0x89, 0x16
    db 0x39, 0x77, 0xa2, 0x3d, 0x77, 0x8b, 0x16, 0x39
    db 0x77, 0x5e, 0x56, 0x2b, 0xf2, 0x8b, 0x16, 0x3b
    db 0x77, 0x8b, 0x36, 0xdd, 0x78, 0x9f, 0x46, 0x9e
    db 0x75, 0x0b, 0x8b, 0xf1, 0xe8, 0x54, 0x00, 0x79
    db 0x04, 0x89, 0x16, 0x3b, 0x77, 0x2b, 0xf2, 0x74
    db 0x21, 0x78, 0x1f, 0x89, 0x36, 0x3f, 0x77, 0x51
    db 0x8b, 0x16, 0xfd, 0x78, 0x42, 0x42, 0xe8, 0x44
    db 0x00, 0x74, 0x0e, 0x8b, 0x16, 0xfb, 0x78, 0x4a
    db 0x4a, 0xe8, 0x39, 0x00, 0x74, 0x03, 0xe8, 0x00
    db 0x28, 0x59, 0x8b, 0x36, 0xdb, 0x78, 0x89, 0x36
    db 0x3b, 0x77, 0x8b, 0x16, 0x39, 0x77, 0x8b, 0x36
    db 0x3d, 0x77, 0x03, 0xf2, 0x87, 0xd6, 0x8b, 0x36
    db 0xe1, 0x78, 0x46, 0x2b, 0xf2, 0x5e, 0x79, 0x01
    db 0xc3, 0x56, 0x2b, 0xf2, 0x5e, 0x78, 0x03, 0xe9
    db 0x60, 0xff, 0xc3, 0x56, 0x2b, 0xf2, 0x5e, 0x78
    db 0x01, 0xc3, 0x87, 0xd6, 0xc3, 0xe8, 0x91, 0x06
    db 0x87, 0xd6, 0x2b, 0xf2, 0x8b, 0x16, 0xdf, 0x78
    db 0x03, 0xf2, 0x87, 0xd6, 0x8b, 0x36, 0x39, 0x77
    db 0x46, 0x2b, 0xf2, 0x73, 0x01, 0xc3, 0x74, 0x1b
    db 0x8b, 0xde, 0x8a, 0xc7, 0x0a, 0xc0, 0x74, 0x01
    db 0xc3, 0x8a, 0xc3, 0xfe, 0xc8, 0x75, 0x01, 0xc3
    db 0xfe, 0xc8, 0x74, 0x01, 0xc3, 0x03, 0xf2, 0x89
    db 0x36, 0x39, 0x77, 0xbe, 0x3d, 0x77, 0xfe, 0x0c
    db 0xc3, 0x0c, 0x20, 0xd1, 0xee, 0x2d, 0xdb, 0x20
    db 0xe0, 0x80, 0xa0, 0x81, 0xa0, 0xa7, 0x81, 0x81
    db 0xa1, 0x27, 0x40, 0x40, 0x98, 0xa2, 0x27, 0xc4
    db 0x82, 0xa2, 0x00, 0x00, 0x00, 0x00, 0x20, 0x27
    db 0x84, 0x00, 0x20, 0x8d, 0x00, 0x00, 0x00, 0x20
    db 0x27, 0x83, 0x00, 0x20, 0x00, 0x00, 0x00, 0x00
    db 0x20, 0x27, 0x00, 0x00, 0x20, 0x0c, 0x26, 0x00
    db 0x00, 0x00, 0x27, 0x04, 0x00, 0x20, 0xc3, 0xc3
    db 0x8b, 0x9d, 0xca, 0xca, 0xc3, 0x8b, 0xab, 0x8c
    db 0x80, 0x80, 0x80, 0x80, 0xa7, 0x84, 0x80, 0xa0
    db 0x80, 0x80, 0x80, 0x80, 0x80, 0xa7, 0x84, 0x80
    db 0xa0, 0xa0, 0x0d, 0x79, 0xa8, 0x20, 0x74, 0x07
    db 0xa0, 0x3d, 0x79, 0x34, 0xff, 0xa8, 0x02, 0xc3
    db 0xe8, 0xfe, 0xec, 0x1a, 0x02, 0xb0, 0x01, 0xeb
    db 0x02, 0x32, 0xc0, 0xa2, 0xdb, 0x79, 0xbe, 0x00
    db 0x00, 0x89, 0x36, 0x54, 0x79, 0xa0, 0x3d, 0x79
    db 0xa2, 0x5e, 0x79, 0xeb, 0x1a, 0xbe, 0x5e, 0x79
    db 0xb9, 0x3d, 0x79, 0xa0, 0x3d, 0x79, 0x8a, 0x34
    db 0x88, 0x04, 0x88, 0x36, 0x3d, 0x79, 0x8a, 0xc6
    db 0xc3, 0xa0, 0xfa, 0x79, 0xa2, 0x3c, 0x79, 0xe8
    db 0xe3, 0xff, 0x8b, 0x36, 0x7b, 0x79, 0x89, 0x36
    db 0xf8, 0x79, 0x8b, 0x36, 0x3e, 0x79, 0x89, 0x36
    db 0xfe, 0x79, 0xa0, 0xe5, 0x78, 0xa2, 0x51, 0x79
    db 0x33, 0xc0, 0xa2, 0x91, 0x79, 0xa3, 0x8b, 0x79
    db 0x8a, 0xd0, 0x80, 0xca, 0x40, 0xb1, 0x88, 0xe8
    db 0xf9, 0x45, 0x9f, 0x50, 0x8b, 0x36, 0xf8, 0x79
    db 0x89, 0x36, 0x7b, 0x79, 0xe8, 0xae, 0xff, 0xa0
    db 0x3c, 0x79, 0xa2, 0xfa, 0x79, 0x8b, 0x36, 0xfe
    db 0x79, 0x89, 0x36, 0x3e, 0x79, 0xa0, 0x51, 0x79
    db 0xa2, 0xe5, 0x78, 0x58, 0x9e, 0x50, 0xa8, 0x10
    db 0x74, 0x04, 0xb0, 0xdb, 0xeb, 0x46, 0xbe, 0x91
    db 0x79, 0xa8, 0x80, 0x8a, 0xc2, 0x74, 0x0e, 0x9f
    db 0x50, 0xa0, 0xc3, 0x79, 0x56, 0xe8, 0x95, 0x0f
    db 0x5e, 0x28, 0x14, 0x58, 0x9e, 0xfe, 0x0c, 0x3c
    db 0x20, 0x74, 0x1b, 0x3c, 0xd7, 0x74, 0x13, 0x3c
    db 0xd1, 0x75, 0x21, 0xb0, 0xd7, 0xe8, 0x7d, 0x0f
    db 0x8b, 0x36, 0x8b, 0x79, 0x03, 0xf2, 0x89, 0x36
    db 0x8b, 0x79, 0xb0, 0xd1, 0xeb, 0x0e, 0x8b, 0x36
    db 0x8b, 0x79, 0x8b, 0x0e, 0x09, 0x79, 0x2b, 0xf1
    db 0x89, 0x36, 0x8b, 0x79, 0x8c, 0xc5, 0x8c, 0xc9
    db 0x8e, 0xc1, 0xb9, 0x06, 0x00, 0xbf, 0xdd, 0x14
    db 0xfd, 0xf2, 0xae, 0x8e, 0xc5, 0x51, 0x8b, 0x36
    db 0x8b, 0x79, 0x83, 0xfe, 0x00, 0x74, 0x49, 0xb1
    db 0x07, 0x8b, 0x16, 0xf3, 0x78, 0x03, 0xf2, 0xe8
    db 0xc3, 0x50, 0xa0, 0x54, 0x79, 0x3c, 0x07, 0x74
    db 0x08, 0x3c, 0x03, 0x74, 0x04, 0x3c, 0x06, 0x75
    db 0x03, 0xba, 0x00, 0x00, 0x03, 0xf2, 0x8b, 0x16
    db 0x14, 0x79, 0x2b, 0xf2, 0x74, 0x22, 0x72, 0x20
    db 0xfe, 0xc9, 0xa0, 0xa1, 0x79, 0xa8, 0x08, 0x74
    db 0x17, 0x8b, 0x36, 0x0b, 0x79, 0x8b, 0x16, 0xf3
    db 0x78, 0x2b, 0xf2, 0x72, 0x0b, 0x74, 0x09, 0xa0
    db 0x0d, 0x79, 0xa8, 0x01, 0x75, 0x02, 0xb1, 0x08
    db 0x8a, 0xc1, 0xa2, 0x55, 0x79, 0x8b, 0x36, 0x54
    db 0x79, 0x8b, 0xd6, 0x03, 0xf6, 0x03, 0xf6, 0x03
    db 0xf6, 0x03, 0xf2, 0x03, 0xf1, 0x81, 0xe6, 0xff
    db 0x00, 0xba, 0xdf, 0x14, 0x03, 0xf2, 0x2e, 0x8a
    db 0x04, 0x83, 0xc6, 0x03, 0x2e, 0x8a, 0x2c, 0x8b
    db 0x36, 0xc4, 0x79, 0x56, 0xa8, 0x10, 0x74, 0x0c
    db 0x8b, 0x36, 0xc4, 0x79, 0x8b, 0x16, 0x7b, 0x79
    db 0x2b, 0xf2, 0x74, 0x00, 0xa8, 0x80, 0x74, 0x0a
    db 0x8b, 0x36, 0x0d, 0x79, 0xf7, 0xc6, 0x01, 0x00
    db 0x74, 0x03, 0xe8, 0x98, 0x01, 0x5a, 0x59, 0x5b
    db 0x86, 0xfb, 0x8a, 0xd8, 0x8b, 0xf3, 0x56, 0x52
    db 0x24, 0x0f, 0x02, 0xc0, 0x8a, 0xd0, 0xb6, 0x00
    db 0xbe, 0xec, 0x16, 0x03, 0xf2, 0x8a, 0xc1, 0xfe
    db 0xc0, 0xa2, 0x54, 0x79, 0xa0, 0x0d, 0x79, 0xa8
    db 0x01, 0x75, 0x63, 0xff, 0xe6, 0xeb, 0x5f, 0xeb
    db 0x3a, 0xeb, 0x1a, 0xeb, 0x1f, 0xeb, 0x2f, 0xeb
    db 0x22, 0xeb, 0x4e, 0xeb, 0x51, 0xeb, 0x3a, 0xeb
    db 0x3c, 0xeb, 0x1e, 0xeb, 0x04, 0xeb, 0x3a, 0xeb
    db 0x3c, 0xb2, 0xd1, 0xeb, 0x02, 0xb2, 0x20, 0xe8
    db 0x72, 0x44, 0xeb, 0x3a, 0xb2, 0xd7, 0xe8, 0x6b
    db 0x44, 0xeb, 0x0b, 0x8b, 0x36, 0x2c, 0x79, 0xeb
    db 0x13, 0xb2, 0xd1, 0xe8, 0x5e, 0x44, 0xb2, 0x0c
    db 0xe8, 0x59, 0x44, 0x8b, 0x36, 0x7b, 0x79, 0x83
    db 0xfe, 0x00, 0x74, 0x1a, 0xe8, 0x5a, 0x01, 0xeb
    db 0x15, 0xb0, 0x01, 0xeb, 0x0e, 0xb0, 0x05, 0xeb
    db 0x0a, 0xb0, 0x08, 0xeb, 0x06, 0xb0, 0x06, 0xeb
    db 0x02, 0xb0, 0x07, 0xa2, 0x54, 0x79, 0xbe, 0x29
    db 0x7f, 0x89, 0x36, 0xe2, 0x79, 0xa0, 0x91, 0x79
    db 0x8a, 0xd0, 0x0a, 0xc0, 0x74, 0x17, 0xb6, 0x00
    db 0x03, 0xf2, 0x87, 0xf2, 0x52, 0xb1, 0x46, 0xb2
    db 0x00, 0xe8, 0x2f, 0x44, 0x5a, 0x8b, 0x36, 0xe2
    db 0x79, 0x2b, 0xf2, 0x72, 0xef, 0x5e, 0x89, 0x36
    db 0x2c, 0x79, 0x89, 0x36, 0xc4, 0x79, 0x5e, 0xf7
    db 0xc6, 0x00, 0x08, 0x75, 0x7d, 0xf7, 0xc6, 0x40
    db 0x00, 0x74, 0x07, 0xa0, 0xdb, 0x79, 0x0a, 0xc0
    db 0x75, 0x05, 0xe8, 0x9c, 0xfd, 0x74, 0x06, 0x8b
    db 0xde, 0xb3, 0x27, 0x8b, 0xf3, 0xa0, 0xa1, 0x79
    db 0xa8, 0x08, 0x74, 0x19, 0x56, 0x8b, 0x36, 0x14
    db 0x79, 0x8b, 0x16, 0xf3, 0x78, 0x2b, 0xf2, 0x5e
    db 0x73, 0x0b, 0x8b, 0xde, 0xb3, 0x20, 0x8b, 0xf3
    db 0xb0, 0x08, 0xa2, 0x55, 0x79, 0xf7, 0xc6, 0x20
    db 0x00, 0x75, 0x03, 0xe9, 0xab, 0xfd, 0x8b, 0xc6
    db 0xe8, 0x92, 0x00, 0x24, 0x0f, 0x3c, 0x07, 0x74
    db 0x7e, 0xa0, 0x54, 0x79, 0x3c, 0x07, 0x74, 0x05
    db 0xb0, 0x00, 0xa2, 0x54, 0x79, 0xa0, 0x55, 0x79
    db 0x3c, 0x08, 0x74, 0x03, 0xe9, 0x8a, 0xfd, 0xb2
    db 0x00, 0xb1, 0x15, 0xe8, 0xad, 0x43, 0xb0, 0xd7
    db 0xe8, 0x82, 0x0d, 0x8b, 0x36, 0x14, 0x79, 0x2b
    db 0xf2, 0x87, 0xd6, 0xb1, 0x12, 0xe8, 0x9b, 0x43
    db 0xeb, 0x5a, 0x56, 0x8b, 0x36, 0x14, 0x79, 0x8b
    db 0x16, 0xf3, 0x78, 0x2b, 0xf2, 0x5e, 0x9f, 0x50
    db 0xf7, 0xc6, 0x00, 0x10, 0x75, 0x2d, 0x8b, 0x36
    db 0xe2, 0x79, 0xbf, 0xc3, 0x79, 0xb9, 0x08, 0x00
    db 0x06, 0xbd, 0x00, 0x00, 0x8e, 0xc5, 0xfc, 0xf3
    db 0xa4, 0x07, 0x8b, 0xd7, 0x8b, 0x36, 0xe2, 0x79
    db 0x8a, 0x14, 0xe8, 0x4f, 0x43, 0x58, 0x9e, 0x73
    db 0x16, 0xbe, 0xa1, 0x79, 0xf6, 0x04, 0x08, 0x74
    db 0x0e, 0xeb, 0xa4, 0x58, 0x9e, 0x73, 0x08, 0xbe
    db 0xa1, 0x79, 0xf6, 0x04, 0x08, 0x75, 0x9f, 0xbe
    db 0xa1, 0x79, 0xf6, 0x04, 0x08, 0x74, 0x05, 0x9f
    db 0x80, 0x24, 0xf7, 0x9e, 0xc3, 0x8b, 0x36, 0x54
    db 0x79, 0x81, 0xe6, 0xff, 0x00, 0xba, 0xd8, 0x14
    db 0x4a, 0x03, 0xf2, 0x2e, 0x8a, 0x14, 0x9f, 0x50
    db 0x8a, 0xc2, 0x3c, 0xee, 0x75, 0x0a, 0x8b, 0x36
    db 0x2c, 0x79, 0xe8, 0x14, 0x00, 0x58, 0x9e, 0xc3
    db 0x3c, 0xdb, 0x75, 0x07, 0xb2, 0xd1, 0xe8, 0xfb
    db 0x42, 0xb2, 0x0c, 0xe8, 0xf6, 0x42, 0x58, 0x9e
    db 0xc3, 0xb0, 0xee, 0xa2, 0xc3, 0x79, 0x89, 0x36
    db 0xc4, 0x79, 0xa2, 0xc8, 0x79, 0x8b, 0x16, 0xf3
    db 0x78, 0x87, 0xd6, 0x2b, 0xf2, 0x8a, 0xd0, 0x73
    db 0x03, 0xe8, 0xd8, 0x42, 0xc3
root_editor_span_emitter_C688_18AC:
    db 0xf6, 0xc1, 0x04    ; test cl,0x04
    jnz loc_18B4
    jmp restore_redraw_state_C688_19B2
loc_18B4:
    db 0x56    ; push si
    call redraw_state_primer_C688_194F
    db 0x80, 0xc9, 0x20    ; or cl,0x20
    db 0xf6, 0xc1, 0x10    ; test cl,0x10
    jnz span_emitter_long_path_C688_18C3
    jmp loc_19A4
span_emitter_long_path_C688_18C3:
    db 0x80, 0xc9, 0x10    ; or cl,0x10
    db 0xbe, 0x7e, 0x00    ; mov si,0x007e
    db 0x89, 0x36, 0xd9, 0x79    ; mov [0x79d9],si
    db 0xbe, 0x7b, 0x00    ; mov si,0x007b
    db 0x89, 0x36, 0xd7, 0x79    ; mov [0x79d7],si
    db 0xbe, 0xff, 0xff    ; mov si,0xffff
    db 0x89, 0x36, 0x5c, 0x79    ; mov [0x795c],si
    db 0x89, 0x36, 0xd5, 0x79    ; mov [0x79d5],si
    db 0x8b, 0x16, 0xeb, 0x78    ; mov dx,[0x78eb]
    db 0xf6, 0xc2, 0x40    ; test dl,0x40
    jz plain_delta_seed_C688_1910
    call signed_delta_seed_C688_18EE
    jmp loc_1E0D
signed_delta_seed_C688_18EE:
    call loc_1A0A
    db 0x89, 0x16, 0x67, 0x79    ; mov [0x7967],dx
    db 0x8b, 0x36, 0xe9, 0x78    ; mov si,[0x78e9]
    db 0x89, 0x36, 0x69, 0x79    ; mov [0x7969],si
    db 0x8b, 0x36, 0xf1, 0x78    ; mov si,[0x78f1]
    db 0xf7, 0xc6, 0x80, 0x00    ; test si,0x0080
    jz loc_190B
    db 0x81, 0xce, 0x00, 0xff    ; or si,0xff00
loc_190B:
    db 0x03, 0xf2    ; add si,dx
    db 0x87, 0xd6    ; xchg si,dx
    db 0xc3    ; ret
plain_delta_seed_C688_1910:
    db 0x89, 0x16, 0x67, 0x79    ; mov [0x7967],dx
    db 0x8b, 0x36, 0xe7, 0x78    ; mov si,[0x78e7]
    db 0x89, 0x36, 0x69, 0x79    ; mov [0x7969],si
    db 0x8b, 0x36, 0xef, 0x78    ; mov si,[0x78ef]
    db 0x03, 0xf2    ; add si,dx
    db 0x87, 0xd6    ; xchg si,dx
    db 0x4e    ; dec si
    db 0x89, 0x36, 0x63, 0x79    ; mov [0x7963],si
    jmp redraw_stream_next_byte_C688_1D7D
default_span_fields_C688_192C:
    db 0xc7, 0x06, 0xd9, 0x79    ; 7C00 mov word [0x79d9],0x007c
    db 0x7c, 0x00
    db 0x8b, 0x36, 0x15, 0x7a    ; mov si,[0x7a15]
    db 0x89, 0x36, 0x6b, 0x79    ; mov [0x796b],si
    db 0xbe, 0x00, 0x00    ; mov si,0
    db 0x89, 0x36, 0xd7, 0x79    ; mov [0x79d7],si
    db 0xc7, 0x06, 0xd5, 0x79    ; 7C00 mov word [0x79d5],0x007c
    db 0x7c, 0x00
    db 0xbe, 0x01, 0x00    ; mov si,0x0001
    db 0x89, 0x36, 0x5c, 0x79    ; mov [0x795c],si
    db 0xc3    ; ret
redraw_state_primer_C688_194F:
    db 0x56    ; push si
    db 0xc7, 0x06, 0xf6, 0x79    ; 0000 mov word [0x79f6],0
    db 0x00, 0x00
    db 0x8b, 0x36, 0x3e, 0x79    ; mov si,[0x793e]
    db 0x89, 0x36, 0x5f, 0x79    ; mov [0x795f],si
    db 0xc7, 0x06, 0xed, 0x75    ; 5C79 mov word [0x75ed],0x795c
    db 0x5c, 0x79
    db 0x8b, 0x36, 0xe5, 0x78    ; mov si,[0x78e5]
    db 0x8b, 0x16, 0xa1, 0x79    ; mov dx,[0x79a1]
    db 0xf6, 0xc2, 0x01    ; test dl,0x01
    jz loc_1974
    db 0xbe, 0x02, 0x00    ; mov si,0x0002
loc_1974:
    db 0x89, 0x36, 0x15, 0x7a    ; mov [0x7a15],si
    db 0x89, 0x36, 0x6b, 0x79    ; mov [0x796b],si
    db 0x8b, 0x36, 0x7b, 0x79    ; mov si,[0x797b]
    db 0x89, 0x36, 0x6d, 0x79    ; mov [0x796d],si
    db 0x8b, 0x36, 0x12, 0x79    ; mov si,[0x7912]
    db 0x89, 0x36, 0x61, 0x79    ; mov [0x7961],si
    db 0x5e    ; pop si
    db 0xc3    ; ret
loc_198E:
    db 0xe8, 0xbe, 0xff, 0x8b, 0x36, 0xf3, 0x78, 0x89
    db 0x36, 0xdb, 0x79, 0xc6, 0x06, 0xdf, 0x79, 0x01
    db 0xa0, 0x3d, 0x79, 0xa2, 0x5e, 0x79
loc_19A4:
    db 0xe8, 0x85, 0xff, 0x8b, 0x16, 0xe9, 0x78, 0x89
    db 0x16, 0x67, 0x79, 0xe9, 0x08, 0x04
restore_redraw_state_C688_19B2:
    db 0x32, 0xc0    ; xor al,al
    db 0x56    ; push si
    db 0xbe, 0xec, 0x79    ; mov si,0x79ec
    db 0x80, 0x24, 0xbf    ; and byte [si],0xbf
    db 0xa2, 0x2b, 0x77    ; mov [0x772b],al
    db 0xf6, 0xc1, 0x01    ; test cl,0x01
    jnz loc_198E
    db 0x8b, 0x16, 0x69, 0x79    ; mov dx,[0x7969]
    db 0xf6, 0xc2, 0x40    ; test dl,0x40
    jnz loc_19CF
    call save_and_normalize_redraw_flags_C688_39BE
loc_19CF:
    db 0xa0, 0x5e, 0x79    ; mov al,[0x795e]
    db 0xa2, 0x88, 0x79    ; mov [0x7988],al
    db 0x8b, 0x36, 0x6b, 0x79    ; mov si,[0x796b]
    db 0x89, 0x36, 0xf6, 0x79    ; mov [0x79f6],si
    db 0x8b, 0x36, 0x15, 0x7a    ; mov si,[0x7a15]
    db 0x89, 0x36, 0x6b, 0x79    ; mov [0x796b],si
    db 0x8b, 0x36, 0x6d, 0x79    ; mov si,[0x796d]
    db 0x89, 0x36, 0x41, 0x7a    ; mov [0x7a41],si
    db 0x8b, 0x36, 0x61, 0x79    ; mov si,[0x7961]
    db 0x89, 0x36, 0xdb, 0x79    ; mov [0x79db],si
    db 0x89, 0x36, 0x79, 0x79    ; mov [0x7979],si
    db 0xa0, 0x67, 0x79    ; mov al,[0x7967]
    db 0xa8, 0x40    ; test al,0x40
    jz loc_1A03
    jmp loc_1F53
loc_1A03:
    db 0x8b, 0x16, 0x6f, 0x79    ; mov dx,[0x796f]
    jmp redraw_stream_next_byte_C688_1D7D
loc_1A0A:
    db 0x8b, 0x16, 0xe9, 0x78, 0xf6, 0xc2, 0x40, 0x75
    db 0x03, 0xe8, 0xa8, 0x1f, 0xc3
redraw_stream_boundary_compare_C688_1A17:
    db 0x8b, 0x36, 0xe9, 0x78    ; mov si,[0x78e9]
    db 0x2b, 0xf2    ; sub si,dx
    jnz loc_1A23
    db 0x8b, 0x16, 0xed, 0x78    ; mov dx,[0x78ed]
loc_1A23:
    db 0xc3    ; ret
redraw_stream_range_save_C688_1A24:
    db 0x89, 0x16, 0x67, 0x79    ; mov [0x7967],dx
    db 0x8b, 0x36, 0xd5, 0x79    ; mov si,[0x79d5]
    db 0x03, 0xf2    ; add si,dx
    db 0x89, 0x36, 0x63, 0x79    ; mov [0x7963],si
    db 0x8b, 0x16, 0x69, 0x79    ; mov dx,[0x7969]
    db 0x8b, 0x36, 0xe7, 0x78    ; mov si,[0x78e7]
    db 0x2b, 0xf2    ; sub si,dx
    jnz loc_1A50
    db 0x8b, 0x36, 0xef, 0x78    ; mov si,[0x78ef]
    db 0x8b, 0x16, 0x67, 0x79    ; mov dx,[0x7967]
    db 0x03, 0xf2    ; add si,dx
    db 0x89, 0x36, 0x63, 0x79    ; mov [0x7963],si
    db 0x8b, 0x16, 0x69, 0x79    ; mov dx,[0x7969]
loc_1A50:
    db 0xc3    ; ret
append_redraw_position_record_C688_1A51:
    db 0x56    ; push si
    db 0xa2, 0x4e, 0x79    ; mov [0x794e],al
    call write_redraw_mode_table_byte_C688_61DB
    db 0x5e    ; pop si
    db 0xc7, 0x04, 0xff, 0x04    ; mov word [si],0x04ff
    db 0x83, 0xc6, 0x02    ; add si,byte +0x02
    db 0x89, 0x14    ; mov [si],dx
    db 0x83, 0xc6, 0x02    ; add si,byte +0x02
    db 0x89, 0x16, 0x13, 0x77    ; mov [0x7713],dx
    db 0xc3    ; ret
    db 0xb1, 0x14, 0xe8, 0x3d, 0xfe, 0xeb, 0x0a, 0xb1
    db 0x2b, 0x32, 0xc0, 0xa2, 0x7f, 0x79, 0xe8, 0x31
    db 0xfe
finish_redraw_kick_C688_1A7B:
    db 0x32, 0xc0    ; xor al,al
    db 0x8b, 0x16, 0xe7, 0x78    ; mov dx,[0x78e7]
    call normalize_redraw_flag_bits_C688_39B5
    db 0xc3    ; ret
emit_clamped_redraw_range_C688_1A85:
    db 0x32, 0xc0    ; xor al,al
    db 0xa2, 0xff, 0x79    ; mov [0x79ff],al
    db 0x8b, 0x0e, 0x58, 0x79    ; mov cx,[0x7958]
    db 0x2b, 0xca    ; sub cx,dx
    js loc_1AA0
    jz loc_1AA0
    db 0x2b, 0xf1    ; sub si,cx
    jns loc_1A99
    db 0xc3    ; ret
loc_1A99:
    jnz loc_1A9C
    db 0xc3    ; ret
loc_1A9C:
    db 0x8b, 0x16, 0x58, 0x79    ; mov dx,[0x7958]
loc_1AA0:
    db 0x8b, 0x0e, 0x54, 0x79    ; mov cx,[0x7954]
    db 0xa0, 0x90, 0x79    ; mov al,[0x7990]
    db 0x0a, 0xc0    ; or al,al
    jz loc_1AD2
    db 0x56    ; push si
    db 0x52    ; push dx
    db 0x8b, 0x36, 0x16, 0x79    ; mov si,[0x7916]
    db 0x03, 0xf1    ; add si,cx
    call quarter_width_helper_C688_4239
    db 0x8b, 0xce, 0x8b, 0x36, 0x2e, 0x77, 0x03, 0xf1
    db 0xba, 0xdf, 0x01, 0x2b, 0xf2, 0x72, 0x0b, 0xbe
    db 0xdf, 0x01, 0x8b, 0x16, 0x2e, 0x77, 0x2b, 0xf2
    db 0x8b, 0xce, 0x5a, 0x5e
loc_1AD2:
    db 0x51    ; push cx
    db 0x56    ; push si
    db 0x03, 0xf2    ; add si,dx
    db 0x4e    ; dec si
    db 0x8b, 0xce    ; mov cx,si
    db 0x8b, 0x36, 0xe1, 0x78    ; mov si,[0x78e1]
    db 0x46    ; inc si
    db 0x2b, 0xf1    ; sub si,cx
    jnc loc_1AF6
    db 0x8b, 0xce, 0x5e, 0x03, 0xf1, 0x59, 0x83, 0xfe
    db 0x00, 0x75, 0x01, 0xc3, 0xf6, 0xc6, 0x80, 0x74
    db 0x01, 0xc3, 0x51, 0x56
loc_1AF6:
    db 0x8b, 0x36, 0x2e, 0x77, 0x56, 0x52
    db 0xa0, 0xff, 0x79    ; mov al,[0x79ff]
    call renderer_descriptor_from_stack_C688_3C2B
    db 0xa0, 0x9a, 0x79    ; mov al,[0x799a]
    db 0xa8, 0x02    ; test al,0x02
    jz loc_1B11
    db 0xb0, 0x0a    ; mov al,0x0a
    db 0xa2, 0x45, 0x77    ; mov [0x7745],al
    call renderer_descriptor_flush_C688_3C68
loc_1B11:
    db 0xc3    ; ret
editor_mode_bit_predicate_C688_1B12:
    db 0xa0, 0xd5, 0x78    ; mov al,[0x78d5]
    db 0xa8, 0x01    ; test al,0x01
    jz loc_1B11
    db 0xa0, 0x17, 0x77    ; mov al,[0x7717]
    db 0xa8, 0x01    ; test al,0x01
    db 0xc3    ; ret
    db 0x8b, 0x36, 0xf3, 0x78, 0x8b, 0x0e, 0xdb, 0x78
    db 0x03, 0xf1, 0x8b, 0x0e, 0xd7, 0x78, 0x1b, 0xf1
    db 0xc3, 0x8b, 0x36, 0xf5, 0x78, 0x8b, 0x0e, 0xdf
    db 0x78, 0x03, 0xf1, 0x8b, 0x0e, 0xd9, 0x78, 0x1b
    db 0xf1, 0xc3
snapshot_redraw_window_bounds_C688_1B41:
    db 0xa0, 0x3e, 0x79    ; mov al,[0x793e]
    db 0xc7, 0x06, 0xed, 0x75    ; 5C79 mov word [0x75ed],0x795c
    db 0x5c, 0x79
    call write_redraw_mode_table_byte_C688_61DB
    db 0x8b, 0x36, 0xff, 0x78    ; mov si,[0x78ff]
    db 0x89, 0x36, 0x75, 0x79    ; mov [0x7975],si
    db 0x8b, 0x36, 0xfb, 0x78    ; mov si,[0x78fb]
    db 0x89, 0x36, 0x71, 0x79    ; mov [0x7971],si
    db 0x8b, 0x36, 0xf5, 0x78    ; mov si,[0x78f5]
    db 0x89, 0x36, 0x73, 0x79    ; mov [0x7973],si
    db 0xa0, 0x3d, 0x79    ; mov al,[0x793d]
    db 0xa2, 0x5e, 0x79    ; mov [0x795e],al
    db 0xa2, 0x9a, 0x79    ; mov [0x799a],al
    db 0xc3    ; ret
append_redraw_mode_markers_C688_1B6F:
    db 0xa0, 0x5e, 0x79    ; mov al,[0x795e]
loc_1B72:
    db 0x8b, 0x36, 0xe2, 0x79    ; mov si,[0x79e2]
    db 0xba, 0x28, 0x7f    ; mov dx,0x7f28
    db 0x2b, 0xf2    ; sub si,dx
    db 0x8b, 0xd6    ; mov dx,si
    db 0x8b, 0x36, 0xe2, 0x79    ; mov si,[0x79e2]
    db 0xb6, 0xf0    ; mov dh,0xf0
loc_1B83:
    db 0x0a, 0xc0    ; or al,al
    jz loc_1B9A
    db 0xa8, 0x01    ; test al,0x01
    jz loc_1B93
    db 0x88, 0x34    ; mov [si],dh
    db 0xfe, 0xc2    ; inc dl
    jnz loc_1B92
    db 0xc3    ; ret
loc_1B92:
    db 0x46    ; inc si
loc_1B93:
    db 0xd0, 0xe8    ; shr al,1
    db 0x80, 0xc6, 0x02    ; add dh,0x02
    jmp loc_1B83
loc_1B9A:
    db 0x8b, 0x16, 0x4e, 0x79    ; mov dx,[0x794e]
    db 0xa0, 0x5f, 0x79    ; mov al,[0x795f]
    db 0x3a, 0xc2    ; cmp al,dl
    jz loc_1BA8
    call append_redraw_position_record_C688_1A51
loc_1BA8:
    db 0xc3    ; ret
append_final_mode_span_markers_C688_1BA9:
    db 0xa0, 0x90, 0x79    ; mov al,[0x7990]
    db 0x0a, 0xc0    ; or al,al
    jz loc_1BD2
    db 0x8b, 0x36, 0x16, 0x79    ; mov si,[0x7916]
    call quarter_width_helper_C688_4239
    db 0x8b, 0x36, 0xdb, 0x78    ; mov si,[0x78db]
    db 0x03, 0xf2    ; add si,dx
    db 0x8b, 0x16, 0xdd, 0x78    ; mov dx,[0x78dd]
    db 0x2b, 0xf2    ; sub si,dx
    db 0x8b, 0x36, 0x16, 0x79    ; mov si,[0x7916]
    jc loc_1BCF
    db 0x8b, 0x16, 0xdb, 0x78    ; mov dx,[0x78db]
    db 0x2b, 0xf2    ; sub si,dx
loc_1BCF:
    call append_span_record_C688_1C39
loc_1BD2:
    db 0xb2, 0x00    ; mov dl,0
    db 0x80, 0xca, 0x02    ; or dl,0x02
    db 0xa0, 0x88, 0x79    ; mov al,[0x7988]
    db 0x22, 0xc2    ; and al,dl
    db 0x9f    ; lahf
    db 0x50    ; push ax
    jz loc_1BE7
    call loc_1B72
    db 0x89, 0x36, 0xe2, 0x79    ; mov [0x79e2],si
loc_1BE7:
    db 0x8b, 0x36, 0x52, 0x79    ; mov si,[0x7952]
    db 0x8b, 0x16, 0x79, 0x79    ; mov dx,[0x7979]
    db 0x2b, 0xf2    ; sub si,dx
    db 0x87, 0xd6    ; xchg si,dx
    jnc loc_1BF7
    db 0x03, 0xf2    ; add si,dx
loc_1BF7:
    db 0x8b, 0x16, 0x50, 0x79    ; mov dx,[0x7950]
    db 0x2b, 0xf2    ; sub si,dx
    db 0xb6, 0x0e    ; mov dh,0x0e
    call loc_1C3B
    db 0x58    ; pop ax
    db 0x9e    ; sahf
    db 0xa0, 0x5e, 0x79    ; mov al,[0x795e]
    jz loc_1C1C
    db 0xa8, 0x02    ; test al,0x02
    jnz loc_1C1A
    db 0x8b, 0x36, 0xe2, 0x79    ; mov si,[0x79e2]
    db 0xc7, 0x04    ; F300 mov word [si],0x00f3
    db 0xf3, 0x00
    db 0x46    ; inc si
    db 0x89, 0x36, 0xe2, 0x79    ; mov [0x79e2],si
loc_1C1A:
    db 0x24, 0xfd    ; and al,0xfd
loc_1C1C:
    call loc_1B72
    db 0xc3    ; ret
append_mode_dependent_span_record_C688_1C20:
    db 0x83, 0xfe, 0x00    ; cmp si,0
    jz loc_1C38
    db 0xa0, 0xd5, 0x78    ; mov al,[0x78d5]
    db 0xa8, 0x01    ; test al,0x01
    db 0xb0, 0x0e    ; mov al,0x0e
    jz loc_1C35
    db 0xa0, 0x17, 0x77    ; mov al,[0x7717]
    db 0x24, 0x02    ; and al,0x02
    db 0x04, 0x0e    ; add al,0x0e
loc_1C35:
    call append_span_record_tail_C688_1C47
loc_1C38:
    db 0xc3    ; ret
append_span_record_C688_1C39:
    db 0xb6, 0x0e    ; mov dh,0x0e
loc_1C3B:
    db 0x8b, 0xc6    ; mov ax,si
    db 0x0a, 0xe4    ; or ah,ah
    js loc_1C38
    db 0x0a, 0xe0    ; or ah,al
    jz loc_1C38
    db 0x8a, 0xc6    ; mov al,dh
append_span_record_tail_C688_1C47:
    db 0x87, 0xd6    ; xchg si,dx
    db 0x8b, 0x36, 0xe2, 0x79    ; mov si,[0x79e2]
    db 0xc6, 0x04, 0xff    ; mov byte [si],0xff
    db 0x46    ; inc si
    db 0x88, 0x04    ; mov [si],al
    db 0x46    ; inc si
    db 0x88, 0x14    ; mov [si],dl
    db 0x46    ; inc si
    db 0x88, 0x34    ; mov [si],dh
    db 0x46    ; inc si
    db 0x89, 0x36, 0xe2, 0x79    ; mov [0x79e2],si
    db 0xc3    ; ret
redraw_cl10_distance_adjust_C688_1C5F:
    db 0x8b, 0x16, 0xf9, 0x79    ; mov dx,[0x79f9]
    db 0xf6, 0xc1, 0x10    ; test cl,0x10
    jz normalize_redraw_bound_C688_1CA7
    db 0x8b, 0x36, 0x75, 0x79    ; mov si,[0x7975]
    db 0x4e    ; dec si
    db 0x89, 0x36, 0x75, 0x79    ; mov [0x7975],si
    db 0x4e    ; dec si
    db 0x83, 0xfe, 0x00    ; cmp si,0
    jnz loc_1C86
    db 0xa0, 0x2e, 0x79    ; mov al,[0x792e]
    db 0xa8, 0x80    ; test al,0x80
    jnz loc_1C86
    db 0x8b, 0x36, 0x03, 0x79    ; mov si,[0x7903]
    db 0x89, 0x36, 0x71, 0x79    ; mov [0x7971],si
loc_1C86:
    db 0xa0, 0xf8, 0x79    ; mov al,[0x79f8]
    db 0x8a, 0xf0    ; mov dh,al
    db 0x8b, 0x36, 0x01, 0x79    ; mov si,[0x7901]
    call editor_mode_bit_predicate_C688_1B12
    jnz loc_1C9E
    db 0x8b, 0x36, 0xfd, 0x78    ; mov si,[0x78fd]
    db 0x83, 0xc6, 0x04    ; add si,0x04
    db 0x2b, 0xf2    ; sub si,dx
    db 0xc3    ; ret
loc_1C9E:
    db 0x2b, 0xf2    ; sub si,dx
loc_1CA0:
    db 0x8b, 0x16, 0x07, 0x79    ; mov dx,[0x7907]
    db 0x03, 0xf2    ; add si,dx
    db 0xc3    ; ret
normalize_redraw_bound_C688_1CA7:
    call editor_mode_bit_predicate_C688_1B12
    jnz loc_1CC5
    db 0x8b, 0x36, 0xfd, 0x78    ; mov si,[0x78fd]
    db 0x83, 0xc6, 0x02    ; add si,0x02
    db 0x2b, 0xf2    ; sub si,dx
    js loc_1CB9
    jnz loc_1CC4
loc_1CB9:
    db 0x87, 0xd6    ; xchg si,dx
    db 0x8b, 0x36, 0xfd, 0x78    ; mov si,[0x78fd]
    db 0x83, 0xc6, 0x02    ; add si,0x02
    db 0x03, 0xf2    ; add si,dx
loc_1CC4:
    db 0xc3    ; ret
loc_1CC5:
    db 0x8b, 0x36, 0x01, 0x79    ; mov si,[0x7901]
    db 0x2b, 0xf2    ; sub si,dx
    js loc_1CCF
    jnz loc_1CA0
loc_1CCF:
    db 0x8b, 0x16, 0x01, 0x79    ; mov dx,[0x7901]
    db 0x03, 0xf2    ; add si,dx
    jmp loc_1CA0
redraw_active_cursor_advance_C688_1CD7:
    db 0x8b, 0x36, 0x52, 0x79    ; mov si,[0x7952]
    db 0x2b, 0xf2    ; sub si,dx
    db 0x87, 0xd6    ; xchg si,dx
    jnc loc_1CE3
    db 0x03, 0xf2    ; add si,dx
loc_1CE3:
    db 0x56    ; push si
    db 0x8b, 0x16, 0xdb, 0x79    ; mov dx,[0x79db]
    db 0x2b, 0xf2    ; sub si,dx
    db 0x5a    ; pop dx
    jc loc_1CC4
    jz loc_1CC4
    db 0x56    ; push si
    db 0x52    ; push dx
    db 0x8b, 0x36, 0xdb, 0x79    ; mov si,[0x79db]
    db 0x8b, 0x16, 0x41, 0x7a    ; mov dx,[0x7a41]
    db 0x2b, 0xf2    ; sub si,dx
    db 0x5a    ; pop dx
    jnc loc_1D14
    db 0x8b, 0x36, 0x41, 0x7a    ; mov si,[0x7a41]
    db 0x2b, 0xf2    ; sub si,dx
    jc loc_1D14
    db 0x5e    ; pop si
    db 0x56    ; push si
    db 0x52    ; push dx
    db 0x8b, 0x16, 0x79, 0x79    ; mov dx,[0x7979]
    db 0x03, 0xf2    ; add si,dx
    db 0x89, 0x36, 0x79, 0x79    ; mov [0x7979],si
    db 0x5a    ; pop dx
loc_1D14:
    db 0x5e    ; pop si
    db 0x89, 0x16, 0xdb, 0x79    ; mov [0x79db],dx
    db 0xa0, 0xdf, 0x79    ; mov al,[0x79df]
    db 0x24, 0x03    ; and al,0x03
    jz loc_1D25
    db 0xfe, 0xc8    ; dec al
    jz loc_1D49
    db 0xc3    ; ret
loc_1D25:
    db 0x87, 0xd6    ; xchg si,dx
    db 0x8b, 0x16, 0x50, 0x79    ; mov dx,[0x7950]
    db 0x2b, 0xf2    ; sub si,dx
    jc loc_1D4C
    db 0x8b, 0x1e, 0x79, 0x79    ; mov bx,[0x7979]
    db 0x2b, 0xda    ; sub bx,dx
    db 0x8b, 0xd3    ; mov dx,bx
    jc loc_1D3B
    db 0x2b, 0xf2    ; sub si,dx
loc_1D3B:
    db 0x56    ; push si
    call append_final_mode_span_markers_C688_1BA9
    db 0x89, 0x36, 0xe2, 0x79    ; mov [0x79e2],si
    db 0x5e    ; pop si
    db 0xb0, 0x01    ; mov al,0x01
    db 0xa2, 0xdf, 0x79    ; mov [0x79df],al
loc_1D49:
    call append_mode_dependent_span_record_C688_1C20
loc_1D4C:
    db 0xc3    ; ret
redraw_final_marker_return_C688_1D4D:
    db 0xba, 0x00, 0x00    ; mov dx,0
    db 0xa2, 0x3b, 0x79    ; mov [0x793b],al
    db 0xa0, 0xf8, 0x79    ; mov al,[0x79f8]
    db 0x3c, 0x04    ; cmp al,0x04
    jnz loc_1D68
    db 0x8b, 0x36, 0xf9, 0x79    ; mov si,[0x79f9]
    db 0xa8, 0x80    ; test al,0x80
    jnz loc_1D68
    db 0xb0, 0x00    ; mov al,0
    db 0x03, 0xc6    ; add ax,si
    db 0x03, 0xc6    ; add ax,si
loc_1D68:
    db 0xa2, 0x7f, 0x79    ; mov [0x797f],al
    db 0xf6, 0xc1, 0x08    ; test cl,0x08
    jz loc_1D4C
    db 0x58    ; pop ax
    db 0x9e    ; sahf
    jmp redraw_direct_span_return_C688_2310
redraw_stream_wrapper_C688_1D75:
    db 0x56    ; push si
    db 0x8b, 0x16, 0x6f, 0x79    ; mov dx,[0x796f]
    jmp redraw_stream_next_byte_C688_1D7D
loc_1D7C:
    db 0x5a    ; pop dx
redraw_stream_next_byte_C688_1D7D:
    db 0xf6, 0xc1, 0x40    ; test cl,0x40
    jz loc_1D99
    db 0x8b, 0xda    ; mov bx,dx
    db 0x1e    ; push ds
    db 0x56    ; push si
    db 0xf6, 0x06, 0x4f, 0x82, 0x01    ; test byte [0x824f],0x01
    jnz loc_1D91
    db 0x8c, 0xc6    ; mov si,es
    db 0x8e, 0xde    ; mov ds,si
loc_1D91:
    db 0x8a, 0x07    ; mov al,[bx]
    db 0x5e    ; pop si
    db 0x1f    ; pop ds
    db 0x42    ; inc dx
    jmp redraw_stream_byte_dispatch_C688_1E27
loc_1D99:
    db 0x8b, 0x36, 0x5c, 0x79    ; mov si,[0x795c]
    db 0x03, 0xf2    ; add si,dx
loc_1D9F:
    db 0x26, 0x8a, 0x04    ; mov al,[es:si]
    db 0x87, 0xd6    ; xchg si,dx
    db 0x8b, 0x36, 0x63, 0x79    ; mov si,[0x7963]
    db 0x2b, 0xf2    ; sub si,dx
    jnz loc_1DEB
    db 0x8b, 0x36, 0x67, 0x79    ; mov si,[0x7967]
    db 0x8b, 0x16, 0xd9, 0x79    ; mov dx,[0x79d9]
    db 0x03, 0xf2    ; add si,dx
    db 0x26, 0x8b, 0x14    ; mov dx,[es:si]
    db 0x46    ; inc si
    db 0xf6, 0xc2, 0x40    ; test dl,0x40
    jnz redraw_stream_sentinel_C688_1DED
    call save_and_normalize_redraw_flags_C688_39BE
    db 0x8b, 0x36, 0xd7, 0x79    ; mov si,[0x79d7]
    db 0x03, 0xf2    ; add si,dx
    db 0x56    ; push si
    call redraw_stream_range_save_C688_1A24
    call redraw_stream_boundary_compare_C688_1A17
    db 0x5e    ; pop si
    jnz loc_1D9F
    db 0x8b, 0x36, 0xf1, 0x78    ; mov si,[0x78f1]
    db 0xf7, 0xc6    ; 8000 test si,0x0080
    db 0x80, 0x00
    jz loc_1DE0
    db 0x81, 0xce    ; 00FF or si,0xff00
    db 0x00, 0xff
loc_1DE0:
    db 0x03, 0xf2    ; add si,dx
    db 0x87, 0xd6    ; xchg si,dx
    call synthetic_stream_allowed_predicate_C688_A355
    jz redraw_stream_next_byte_C688_1D7D
    db 0xb0, 0x40    ; mov al,0x40
loc_1DEB:
    jmp redraw_stream_byte_dispatch_C688_1E27
redraw_stream_sentinel_C688_1DED:
    db 0xb0, 0x1f    ; mov al,0x1f
    db 0xa2, 0x3b, 0x79    ; mov [0x793b],al
    db 0x8b, 0x36, 0x63, 0x79    ; mov si,[0x7963]
    db 0x8b, 0x16, 0x5c, 0x79    ; mov dx,[0x795c]
    db 0x32, 0xc0    ; xor al,al
    db 0xf6, 0xc1, 0x10    ; test cl,0x10
    jnz loc_1E03
    db 0x2b, 0xf2    ; sub si,dx
loc_1E03:
    db 0x87, 0xd6    ; xchg si,dx
    db 0xf6, 0xc1, 0x04    ; test cl,0x04
    jnz loc_1E0D
    jmp redraw_state_save_tail_C688_1F45
loc_1E0D:
    db 0xf6, 0xc1, 0x10    ; test cl,0x10
    jnz loc_1E15
    jmp redraw_state_save_tail_C688_1F45
loc_1E15:
    db 0x5e    ; pop si
    db 0x56    ; push si
    db 0x80, 0xe1, 0xfd    ; and cl,0xfd
    db 0xf7, 0xc6    ; 0080 test si,0x8000
    db 0x00, 0x80
    db 0x89, 0x36, 0xf6, 0x79    ; mov [0x79f6],si
    jnz loc_1E89
    jmp redraw_state_save_tail_C688_1F45
redraw_stream_byte_dispatch_C688_1E27:
    db 0x52    ; push dx
    db 0x8a, 0xe8    ; mov ch,al
    db 0xf6, 0xc1, 0x80    ; test cl,0x80
    jz loc_1E32
    jmp buffered_marker_dispatch_C688_1F7E
loc_1E32:
    db 0x80, 0xe1, 0xfd    ; and cl,0xfd
    db 0x3c, 0xff    ; cmp al,0xff
    jnz loc_1E57
    db 0x8b, 0x16, 0x13, 0x7a    ; mov dx,[0x7a13]
    db 0x80, 0x26, 0x4f, 0x82, 0xfe    ; and byte [0x824f],0xfe
    db 0xf6, 0xc1, 0x40    ; test cl,0x40
    jnz loc_1E50
    db 0xc7, 0x06, 0x79, 0x6d    ; 321E mov word [0x6d79],0x1e32
    db 0x32, 0x1e
    jmp loc_01B6
loc_1E50:
    db 0x80, 0xe1, 0xbf    ; and cl,0xbf
    db 0x5e    ; pop si
    jmp redraw_stream_next_byte_C688_1D7D
loc_1E57:
    call classify_redraw_stream_byte_C688_2574
    db 0x0a, 0xc0    ; or al,al
    jz redraw_classifier_zero_C688_1E61
    jmp classifier_70_buffer_setup_C688_21F4
redraw_classifier_zero_C688_1E61:
    db 0xa0, 0x3b, 0x79    ; mov al,[0x793b]
    db 0xf6, 0xc1, 0x04    ; test cl,0x04
    jnz loc_1E6C
    jmp redraw_final_span_gate_C688_231C
loc_1E6C:
    db 0x5a    ; pop dx
    db 0xa8, 0x02    ; test al,0x02
    jnz loc_1E74
    jmp redraw_stream_next_byte_C688_1D7D
loc_1E74:
    db 0xf6, 0xc1, 0x10    ; test cl,0x10
    jnz redraw_positive_range_rebase_C688_1E7C
    jmp redraw_short_range_rebase_C688_1F0E
redraw_positive_range_rebase_C688_1E7C:
    db 0x5e    ; pop si
    db 0x56    ; push si
    db 0x83, 0xfe, 0x00    ; cmp si,0
    jz loc_1E8D
    db 0xf7, 0xc6    ; 0080 test si,0x8000
    db 0x00, 0x80
    jz redraw_visible_bound_rebase_C688_1EAC
loc_1E89:
    db 0x89, 0x36, 0xf6, 0x79    ; mov [0x79f6],si
loc_1E8D:
    db 0xf6, 0xc1, 0x02    ; test cl,0x02
    jnz loc_1E95
    jmp redraw_state_save_tail_C688_1F45
loc_1E95:
    db 0x8b, 0x16, 0x19, 0x7a    ; mov dx,[0x7a19]
    db 0x89, 0x16, 0x67, 0x79    ; mov [0x7967],dx
    db 0x8b, 0x16, 0x17, 0x7a    ; mov dx,[0x7a17]
    db 0x89, 0x16, 0x69, 0x79    ; mov [0x7969],dx
    db 0x8b, 0x16, 0xfe, 0x79    ; mov dx,[0x79fe]
    jmp redraw_state_save_tail_C688_1F45
redraw_visible_bound_rebase_C688_1EAC:
    db 0x52    ; push dx
    db 0x8b, 0x36, 0x73, 0x79    ; mov si,[0x7973]
    db 0x8b, 0x16, 0x6b, 0x79    ; mov dx,[0x796b]
    call editor_mode_bit_predicate_C688_1B12
    jnz loc_1EE2
    db 0x2b, 0xf2    ; sub si,dx
    jns loc_1ECB
    db 0x8b, 0x36, 0xfd, 0x78    ; mov si,[0x78fd]
    db 0x83, 0xc6, 0x04    ; add si,0x04
    db 0x2b, 0xf2    ; sub si,dx
    db 0x8b, 0x16, 0x6b, 0x79    ; mov dx,[0x796b]
loc_1ECB:
    db 0x8b, 0x16, 0x71, 0x79    ; mov dx,[0x7971]
    db 0x2b, 0xf2    ; sub si,dx
    jns loc_1EDA
    db 0x8b, 0x16, 0xfd, 0x78    ; mov dx,[0x78fd]
    db 0x83, 0xc2, 0x04    ; add dx,0x04
loc_1EDA:
    db 0x03, 0xf2    ; add si,dx
    db 0x8b, 0x16, 0x6b, 0x79    ; mov dx,[0x796b]
    jmp loc_1EF0
loc_1EE2:
    db 0x2b, 0xf2    ; sub si,dx
    jns loc_1EF0
    db 0x8b, 0x16, 0x01, 0x79    ; mov dx,[0x7901]
    db 0x03, 0xf2    ; add si,dx
    db 0x8b, 0x16, 0x6b, 0x79    ; mov dx,[0x796b]
loc_1EF0:
    db 0x89, 0x36, 0x73, 0x79    ; mov [0x7973],si
    db 0x5e    ; pop si
    db 0x8b, 0xec    ; mov bp,sp
    db 0x87, 0x76, 0x00    ; xchg [bp+0x00],si
    db 0x2b, 0xf2    ; sub si,dx
loc_1EFC:
    db 0x8b, 0xec    ; mov bp,sp
    db 0x87, 0x76, 0x00    ; xchg [bp+0x00],si
    db 0x87, 0xd6    ; xchg si,dx
    db 0x8b, 0x36, 0x15, 0x7a    ; mov si,[0x7a15]
    db 0x89, 0x36, 0x6b, 0x79    ; mov [0x796b],si
    jmp redraw_stream_next_byte_C688_1D7D
redraw_short_range_rebase_C688_1F0E:
    db 0x52    ; push dx
    db 0x8b, 0x36, 0x73, 0x79    ; mov si,[0x7973]
    db 0x8b, 0x16, 0x6b, 0x79    ; mov dx,[0x796b]
    db 0x03, 0xf2    ; add si,dx
    db 0x89, 0x36, 0x73, 0x79    ; mov [0x7973],si
    db 0x5e    ; pop si
    db 0x8b, 0xec    ; mov bp,sp
    db 0x87, 0x76, 0x00    ; xchg [bp+0x00],si
    db 0x2b, 0xf2    ; sub si,dx
    jz loc_1F33
    jc loc_1F33
    db 0x8b, 0xc6    ; mov ax,si
    db 0x0a, 0xe4    ; or ah,ah
    jnz loc_1EFC
    db 0xfe, 0xc8    ; dec al
    jnz loc_1EFC
loc_1F33:
    db 0xba, 0x00, 0x00    ; mov dx,0
    db 0x87, 0xd6    ; xchg si,dx
    db 0x2b, 0xf2    ; sub si,dx
    db 0x89, 0x36, 0xf6, 0x79    ; mov [0x79f6],si
    db 0x8b, 0xec    ; mov bp,sp
    db 0x87, 0x76, 0x00    ; xchg [bp+0x00],si
    db 0x87, 0xd6    ; xchg si,dx
redraw_state_save_tail_C688_1F45:
    db 0x89, 0x16, 0x6f, 0x79    ; mov [0x796f],dx
    call default_span_fields_C688_192C
    db 0x8b, 0x16, 0x67, 0x79    ; mov dx,[0x7967]
    call redraw_stream_range_save_C688_1A24
loc_1F53:
    db 0x32, 0xc0    ; xor al,al
    db 0xf6, 0xc1, 0x20    ; test cl,0x20
    jz loc_1F5D
    jmp loc_24C9
loc_1F5D:
    db 0xa0, 0xdf, 0x79    ; mov al,[0x79df]
    db 0x3c, 0x02    ; cmp al,0x02
    jz loc_1F79
    db 0x0a, 0xc0    ; or al,al
    jnz loc_1F70
    db 0x8b, 0x36, 0x6f, 0x79    ; mov si,[0x796f]
    db 0x56    ; push si
    jmp redraw_final_clamp_C688_24CE
loc_1F70:
    db 0xfe, 0xc8    ; dec al
    jnz loc_1F79
    db 0x32, 0xc0    ; xor al,al
    jmp redraw_final_mode_span_C688_24F0
loc_1F79:
    db 0x32, 0xc0    ; xor al,al
    jmp loc_24C9
buffered_marker_dispatch_C688_1F7E:
    db 0x8b, 0x1e, 0xef, 0x75    ; mov bx,[0x75ef]
    db 0x88, 0x2f    ; mov [bx],ch
    db 0xff, 0x06, 0xef, 0x75    ; inc word [0x75ef]
    db 0xbe, 0x56, 0x79    ; mov si,0x7956
    db 0xfe, 0x0c    ; dec byte [si]
    jz loc_1F92
    jmp loc_1D7C
loc_1F92:
    db 0x80, 0xe1, 0x7f    ; and cl,0x7f
    call predicated_synthetic_stream_builder_C688_A378
    db 0x3c, 0xee    ; cmp al,0xee
    jnz loc_1F9F
    jmp marker_ee_boundary_C688_21D7
loc_1F9F:
    db 0x3c, 0xe8    ; cmp al,0xe8
    jnz loc_1FA6
    jmp marker_e8_saved_start_C688_209B
loc_1FA6:
    db 0x3c, 0xef    ; cmp al,0xef
    jz marker_ef_or_width_clamp_C688_1FAD
    jmp marker_misc_dispatch_C688_207F
marker_ef_or_width_clamp_C688_1FAD:
    db 0xa0, 0xf8, 0x79    ; mov al,[0x79f8]
    db 0xf6, 0xc1, 0x10    ; test cl,0x10
    jz loc_1FB8
    db 0xa0, 0xfc, 0x79    ; mov al,[0x79fc]
loc_1FB8:
    db 0x3c, 0x06    ; cmp al,0x06
    jnz loc_1FE6
    db 0xa0, 0xa1, 0x79    ; mov al,[0x79a1]
    db 0xa8, 0x01    ; test al,0x01
    jz loc_1FC6
    jmp loc_1D7C
loc_1FC6:
    db 0xf6, 0xc1, 0x10    ; test cl,0x10
    jnz loc_1FCE
    jmp loc_1D7C
loc_1FCE:
    db 0x8b, 0x36, 0xfa, 0x79    ; mov si,[0x79fa]
    db 0x89, 0x36, 0xf8, 0x79    ; mov [0x79f8],si
    call redraw_cl10_distance_adjust_C688_1C5F
    db 0x8b, 0x16, 0x6b, 0x79    ; mov dx,[0x796b]
    db 0x03, 0xf2    ; add si,dx
    db 0x89, 0x36, 0x6b, 0x79    ; mov [0x796b],si
    jmp loc_1D7C
loc_1FE6:
    db 0xf6, 0xc1, 0x10    ; test cl,0x10
    jnz marker_width_clamp_alt_C688_204E
    db 0x3c, 0x04    ; cmp al,0x04
    jnz marker_saved_span_C688_2068
    db 0xc6, 0x06, 0x3b, 0x79, 0xcb    ; mov byte [0x793b],0xcb
    db 0xb0, 0xff    ; mov al,0xff
    db 0xa2, 0x7f, 0x79    ; mov [0x797f],al
    db 0xba, 0x00, 0x00    ; mov dx,0
    db 0xf6, 0xc1, 0x08    ; test cl,0x08
    jz loc_2004
    jmp redraw_direct_span_return_C688_2310
loc_2004:
    db 0xa0, 0xa1, 0x79    ; mov al,[0x79a1]
    db 0xa8, 0x01    ; test al,0x01
    jz loc_200E
    jmp loc_2043
    db 0x90
loc_200E:
    db 0x8b, 0x16, 0x73, 0x79    ; mov dx,[0x7973]
    db 0x8b, 0x36, 0xf6, 0x79    ; mov si,[0x79f6]
    db 0x03, 0xf2    ; add si,dx
    db 0x8b, 0x16, 0xfd, 0x78    ; mov dx,[0x78fd]
    db 0x2b, 0xf2    ; sub si,dx
    js loc_2026
    db 0x8b, 0x36, 0x07, 0x79    ; mov si,[0x7907]
    jmp loc_2028
loc_2026:
    db 0x03, 0xf2    ; add si,dx
loc_2028:
    db 0x87, 0xd6    ; xchg si,dx
    db 0x8b, 0x36, 0xf9, 0x79    ; mov si,[0x79f9]
loc_202E:
    db 0x2b, 0xf2    ; sub si,dx
    db 0xba, 0x02, 0x00    ; mov dx,0x0002
    db 0x2b, 0xf2    ; sub si,dx
    jns loc_203A
    db 0xbe, 0x00, 0x00    ; mov si,0
loc_203A:
    db 0x03, 0xf2    ; add si,dx
    db 0x89, 0x36, 0x6b, 0x79    ; mov [0x796b],si
    db 0x80, 0xc9, 0x02    ; or cl,0x02
loc_2043:
    db 0xb0, 0xcb    ; mov al,0xcb
    db 0xa2, 0x3b, 0x79    ; mov [0x793b],al
    db 0xba, 0x00, 0x00    ; mov dx,0
    jmp redraw_classifier_zero_C688_1E61
marker_width_clamp_alt_C688_204E:
    db 0x3c, 0x04    ; cmp al,0x04
    jnz marker_saved_span_C688_2068
    db 0xa0, 0xa1, 0x79    ; mov al,[0x79a1]
    db 0xa8, 0x01    ; test al,0x01
    jnz loc_2043
    db 0xa1, 0xfa, 0x79    ; mov ax,[0x79fa]
    db 0x8b, 0x16, 0xf8, 0x79    ; mov dx,[0x79f8]
    db 0x86, 0xe0    ; xchg al,ah
    db 0x8b, 0xf0    ; mov si,ax
    db 0x86, 0xf2    ; xchg dl,dh
    jmp loc_202E
marker_saved_span_C688_2068:
    db 0x8b, 0x36, 0xf9, 0x79    ; mov si,[0x79f9]
    db 0xf6, 0xc1, 0x10    ; test cl,0x10
    jz loc_2078
    db 0xa1, 0xf8, 0x79    ; mov ax,[0x79f8]
    db 0x86, 0xe0    ; xchg al,ah
    db 0x8b, 0xf0    ; mov si,ax
loc_2078:
    db 0x89, 0x36, 0x6d, 0x79    ; mov [0x796d],si
    jmp loc_1D7C
marker_misc_dispatch_C688_207F:
    db 0x3c, 0xed    ; cmp al,0xed
    jnz marker_e9_jump_table_C688_20D6
    db 0xa0, 0xf8, 0x79    ; mov al,[0x79f8]
    db 0x8b, 0x36, 0xa1, 0x79    ; mov si,[0x79a1]
    db 0xf7, 0xc6    ; 0100 test si,0x0001
    db 0x01, 0x00
    jz loc_2092
    db 0xb0, 0x02    ; mov al,0x02
loc_2092:
    db 0xa2, 0x6b, 0x79    ; mov [0x796b],al
    db 0xa2, 0x15, 0x7a    ; mov [0x7a15],al
    jmp loc_1D7C
marker_e8_saved_start_C688_209B:
    db 0x8b, 0x36, 0xf8, 0x79    ; mov si,[0x79f8]
    db 0xf6, 0xc1, 0x10    ; test cl,0x10
    jz loc_20AA
    db 0x8b, 0xc6    ; mov ax,si
    db 0x86, 0xe0    ; xchg al,ah
    db 0x8b, 0xf0    ; mov si,ax
loc_20AA:
    db 0x89, 0x36, 0x61, 0x79    ; mov [0x7961],si
    jmp loc_1D7C
loc_20B1:
    db 0xa0, 0x0d, 0x79, 0xa8, 0x08, 0x75, 0x03, 0xe9
    db 0x95, 0x00, 0xf6, 0xc1, 0x10, 0x75, 0x03, 0xe9
    db 0x8d, 0x00, 0xa1, 0xf8, 0x79, 0x86, 0xe0, 0x8b
    db 0xf0, 0x8b, 0x16, 0x0a, 0x7a, 0x03, 0xf2, 0x89
    db 0x36, 0x0a, 0x7a, 0xeb, 0x7a
marker_e9_jump_table_C688_20D6:
    db 0x3c, 0xe9    ; cmp al,0xe9
    jz loc_20DD
    jmp marker_ec_e7_dispatch_C688_21AA
loc_20DD:
    db 0x8b, 0x36, 0xf8, 0x79    ; mov si,[0x79f8]
    db 0xf6, 0xc1, 0x10    ; test cl,0x10
    jz loc_20EA
    db 0x8b, 0x36, 0xfa, 0x79    ; mov si,[0x79fa]
loc_20EA:
    db 0x81, 0xe6    ; FF00 and si,0x00ff
    db 0xff, 0x00
    db 0xba, 0xf5, 0x20    ; mov dx,0x20f5
    db 0x03, 0xf2    ; add si,dx
    jmp si
    jmp loc_2150
    jmp marker_e9_span_case_C688_2158
    jmp marker_e9_table_cases_C688_211A
    jmp loc_2113
    db 0xeb, 0x51, 0xeb, 0x4f, 0xeb, 0x4d, 0xeb, 0x4b
    db 0xeb, 0x49, 0xeb, 0x47, 0xeb, 0x45, 0xeb, 0x43
    db 0xeb, 0x41
    jmp loc_20B1
    jmp loc_2150
loc_2113:
    db 0xb0, 0xdf    ; mov al,0xdf
    db 0x8a, 0xe8    ; mov ch,al
    jmp loc_1E57
marker_e9_table_cases_C688_211A:
    db 0xa0, 0xd5, 0x78    ; mov al,[0x78d5]
    db 0xa8, 0x10    ; test al,0x10
    jz loc_2150
    db 0xa0, 0x9c, 0x79    ; mov al,[0x799c]
    db 0x3c, 0x04    ; cmp al,0x04
    jz loc_2150
    db 0xf6, 0xc1, 0x10    ; test cl,0x10
    jnz loc_2155
    db 0xc7, 0x06, 0xed, 0x75    ; 0F7A mov word [0x75ed],0x7a0f
    db 0x0f, 0x7a
    db 0x8b, 0x36, 0x77, 0x79    ; mov si,[0x7977]
    db 0x8b, 0x16, 0xf9, 0x79    ; mov dx,[0x79f9]
    db 0x03, 0xf2    ; add si,dx
    db 0x8b, 0x16, 0x0f, 0x79    ; mov dx,[0x790f]
    db 0x4a    ; dec dx
    db 0x03, 0xf2    ; add si,dx
    call format_word_and_prepare_stream_C688_0F49
    db 0xc7, 0x06, 0xed, 0x75    ; 5C79 mov word [0x75ed],0x795c
    db 0x5c, 0x79
    jmp redraw_stream_next_byte_C688_1D7D
loc_2150:
    db 0x32, 0xc0    ; xor al,al
    call redraw_final_marker_return_C688_1D4D
loc_2155:
    jmp loc_1D7C
marker_e9_span_case_C688_2158:
    db 0xf6, 0xc1, 0x10    ; test cl,0x10
    jnz loc_217A
    db 0x8b, 0x16, 0x73, 0x79    ; mov dx,[0x7973]
    db 0x8b, 0x36, 0xf6, 0x79    ; mov si,[0x79f6]
    db 0x03, 0xf2    ; add si,dx
    db 0x87, 0xd6    ; xchg si,dx
    db 0x8b, 0x36, 0xfd, 0x78    ; mov si,[0x78fd]
    db 0x2b, 0xf2    ; sub si,dx
    jns loc_2175
    db 0x8b, 0x16, 0x01, 0x79    ; mov dx,[0x7901]
loc_2175:
    call normalize_redraw_bound_C688_1CA7
    jmp loc_217D
loc_217A:
    call redraw_cl10_distance_adjust_C688_1C5F
loc_217D:
    db 0x80, 0xc9, 0x02    ; or cl,0x02
    db 0xb5, 0xd6    ; mov ch,0xd6
    db 0xa0, 0xa1, 0x79    ; mov al,[0x79a1]
    db 0xa8, 0x01    ; test al,0x01
    jz loc_218C
    jmp loc_2195
    db 0x90
loc_218C:
    db 0xf6, 0xc1, 0x08    ; test cl,0x08
    jnz loc_2195
    db 0x89, 0x36, 0x6b, 0x79    ; mov [0x796b],si
loc_2195:
    db 0x8a, 0xc5    ; mov al,ch
    call classify_redraw_stream_byte_C688_2574
    db 0xb0, 0xcb    ; mov al,0xcb
    db 0xa2, 0x3b, 0x79    ; mov [0x793b],al
    db 0xf6, 0xc1, 0x08    ; test cl,0x08
    jnz loc_21A7
    jmp redraw_classifier_zero_C688_1E61
loc_21A7:
    jmp redraw_direct_span_return_C688_2310
marker_ec_e7_dispatch_C688_21AA:
    db 0x3c, 0xec    ; cmp al,0xec
    jz loc_21BB
    db 0x3c, 0xe7    ; cmp al,0xe7
    jz loc_21B5
    jmp loc_1D7C
loc_21B5:
    call marker_e7_noop_hook_C688_1286
    jmp loc_1D7C
loc_21BB:
    db 0xa0, 0xf8, 0x79    ; mov al,[0x79f8]
    db 0xf6, 0xc1, 0x20    ; test cl,0x20
    jz loc_21C9
    call write_redraw_mode_table_byte_C688_61DB
    jmp loc_1D7C
loc_21C9:
    db 0x8b, 0x36, 0xe2, 0x79    ; mov si,[0x79e2]
    call append_redraw_position_record_C688_1A51
    db 0x89, 0x36, 0xe2, 0x79    ; mov [0x79e2],si
    jmp loc_1D7C
marker_ee_boundary_C688_21D7:
    call state_record_width_or_default_C688_66FC
    db 0xf6, 0xc1, 0x08    ; test cl,0x08
    jz loc_21E2
    jmp redraw_direct_span_return_C688_2310
loc_21E2:
    db 0xf6, 0xc1, 0x04    ; test cl,0x04
    jz loc_21EA
    jmp loc_1D7C
loc_21EA:
    db 0x8b, 0x16, 0xf8, 0x79    ; mov dx,[0x79f8]
    call redraw_active_cursor_advance_C688_1CD7
    jmp loc_1D7C
classifier_70_buffer_setup_C688_21F4:
    db 0x3c, 0x70    ; cmp al,0x70
    jnz classifier_general_path_C688_2254
    db 0x89, 0x16, 0x56, 0x79    ; mov [0x7956],dx
    db 0x83, 0xfa, 0x00    ; cmp dx,0
    jz loc_2204
    jmp loc_2233
    db 0x90
loc_2204:
    db 0xb0, 0x1f    ; mov al,0x1f
    db 0x3a, 0xc5    ; cmp al,ch
    jz loc_2210
    db 0xb0, 0x1e    ; mov al,0x1e
    db 0x3a, 0xc5    ; cmp al,ch
    jnz loc_221B
loc_2210:
    db 0xf6, 0xc1, 0x10    ; test cl,0x10
    jnz loc_2218
    jmp synthetic_stream_builder_C688_A37F
loc_2218:
    jmp loc_1D7C
loc_221B:
    db 0xb0, 0xd1    ; mov al,0xd1
    db 0x3a, 0xc5    ; cmp al,ch
    jz loc_2224
    jmp loc_1D7C
loc_2224:
    call synthetic_stream_allowed_predicate_C688_A355
    jnz loc_222C
    jmp loc_1D7C
loc_222C:
    db 0xb0, 0xd7    ; mov al,0xd7
    db 0x8a, 0xe8    ; mov ch,al
    jmp loc_1E57
loc_2233:
    db 0xc7, 0x06, 0xef, 0x75    ; F879 mov word [0x75ef],0x79f8
    db 0xf8, 0x79
    db 0x80, 0xc9, 0x80    ; or cl,0x80
    db 0x8b, 0x16, 0x67, 0x79    ; mov dx,[0x7967]
    db 0x89, 0x16, 0x19, 0x7a    ; mov [0x7a19],dx
    db 0x8b, 0x16, 0x69, 0x79    ; mov dx,[0x7969]
    db 0x89, 0x16, 0x17, 0x7a    ; mov [0x7a17],dx
    db 0x5a    ; pop dx
    db 0x89, 0x16, 0xfe, 0x79    ; mov [0x79fe],dx
    jmp redraw_stream_next_byte_C688_1D7D
classifier_general_path_C688_2254:
    call classifier_pair_synthetic_stream_C688_A494
    db 0x9f    ; lahf
    db 0x50    ; push ax
    db 0x8a, 0xc5    ; mov al,ch
    db 0x24, 0xfe    ; and al,0xfe
    db 0x3c, 0xea    ; cmp al,0xea
    jnz loc_2288
    db 0xa0, 0x0e, 0x79    ; mov al,[0x790e]
    db 0x3c, 0x01    ; cmp al,0x01
    db 0x8a, 0xc5    ; mov al,ch
    jnz loc_2288
    db 0xa0, 0x99, 0x79    ; mov al,[0x7999]
    db 0x3a, 0xc5    ; cmp al,ch
    db 0x8a, 0xc5    ; mov al,ch
    jnz loc_2288
    db 0x8b, 0x16, 0xf3, 0x78    ; mov dx,[0x78f3]
    db 0x8b, 0x36, 0xdb, 0x79    ; mov si,[0x79db]
    db 0x2b, 0xf2    ; sub si,dx
    jz loc_2285
    db 0xbe, 0xec, 0x79    ; mov si,0x79ec
    db 0x80, 0x0c, 0x40    ; or byte [si],0x40
loc_2285:
    call redraw_active_cursor_advance_C688_1CD7
loc_2288:
    db 0x58    ; pop ax
    db 0x9e    ; sahf
    db 0xbe, 0x5e, 0x79    ; mov si,0x795e
    db 0x8a, 0x14    ; mov dl,[si]
    db 0x52    ; push dx
    call merge_redraw_marker_mask_C688_626D
    db 0x5a    ; pop dx
    db 0x8a, 0xc2    ; mov al,dl
    db 0xf6, 0xd0    ; not al
    db 0x22, 0x04    ; and al,[si]
    db 0xa8, 0x04    ; test al,0x04
    jz classifier_mode_gate_C688_22A6
    db 0x32, 0xc0    ; xor al,al
    db 0xa2, 0x09, 0x79    ; mov [0x7909],al
    db 0xa2, 0x0a, 0x79    ; mov [0x790a],al
classifier_mode_gate_C688_22A6:
    db 0xa0, 0xdf, 0x79    ; mov al,[0x79df]
    db 0xfe, 0xc8    ; dec al
    jz loc_22B0
    jmp loc_1D7C
loc_22B0:
    db 0xf6, 0xc1, 0x08    ; test cl,0x08
    jz loc_22BF
    db 0x8a, 0x04    ; mov al,[si]
    db 0x32, 0xc2    ; xor al,dl
    db 0x22, 0xc2    ; and al,dl
    db 0xa8, 0x04    ; test al,0x04
    jnz loc_2314
loc_22BF:
    db 0xf6, 0xc1, 0x20    ; test cl,0x20
    jz loc_22C7
    jmp loc_1D7C
loc_22C7:
    db 0xbe, 0x3b, 0x79    ; mov si,0x793b
    db 0x8a, 0x04    ; mov al,[si]
    db 0xc6, 0x04, 0x00    ; mov byte [si],0
    db 0x0a, 0xc0    ; or al,al
    jnz loc_22D6
    jmp loc_1D7C
loc_22D6:
    db 0x8a, 0xc5    ; mov al,ch
    db 0x24, 0xfe    ; and al,0xfe
    db 0x3c, 0xea    ; cmp al,0xea
    db 0x8a, 0xc5    ; mov al,ch
    jz loc_22E7
    jc loc_22E5
    jmp loc_23FF
loc_22E5:
    db 0xd0, 0xd8    ; rcr al,1
loc_22E7:
    db 0x24, 0x01    ; and al,0x01
    db 0x04, 0xf2    ; add al,0xf2
    db 0x8a, 0xe8    ; mov ch,al
    jmp loc_23FF
redraw_cl08_span_cache_C688_22F0:
    db 0xa0, 0x5e, 0x79    ; mov al,[0x795e]
    db 0xa8, 0x04    ; test al,0x04
    jnz loc_22FA
    jmp redraw_direct_span_return_C688_2310
    db 0x90    ; nop
loc_22FA:
    db 0x8b, 0x36, 0x09, 0x79    ; mov si,[0x7909]
    db 0x87, 0xd6    ; xchg si,dx
    db 0x2b, 0xf2    ; sub si,dx
    jnc loc_2307
    jmp loc_1D7C
loc_2307:
    db 0x03, 0xf2    ; add si,dx
    db 0x89, 0x36, 0x09, 0x79    ; mov [0x7909],si
    jmp loc_1D7C
redraw_direct_span_return_C688_2310:
    db 0x89, 0x16, 0x09, 0x79    ; mov [0x7909],dx
loc_2314:
    db 0x5e    ; pop si
    db 0x5e    ; pop si
    db 0x8a, 0xc5    ; mov al,ch
    db 0xa2, 0x25, 0x7f    ; mov [0x7f25],al
    db 0xc3    ; ret
redraw_final_span_gate_C688_231C:
    db 0xf6, 0xc1, 0x08    ; test cl,0x08
    jnz redraw_cl08_span_cache_C688_22F0
    db 0xa0, 0x5e, 0x79    ; mov al,[0x795e]
    db 0xa8, 0x04    ; test al,0x04
    jz loc_233F
    db 0x8b, 0x36, 0x09, 0x79    ; mov si,[0x7909]
    db 0x87, 0xd6    ; xchg si,dx
    db 0x2b, 0xf2    ; sub si,dx
    jc loc_233C
    db 0x87, 0xd6    ; xchg si,dx
    db 0x03, 0xf2    ; add si,dx
    db 0x89, 0x36, 0x09, 0x79    ; mov [0x7909],si
    jmp loc_233F
loc_233C:
    db 0xba, 0x00, 0x00    ; mov dx,0
loc_233F:
    db 0x8b, 0x36, 0x3b, 0x79    ; mov si,[0x793b]
    db 0xf7, 0xc6    ; 0200 test si,0x0002
    db 0x02, 0x00
    jz redraw_final_state_gate_C688_2356
    db 0xa0, 0xdf, 0x79    ; mov al,[0x79df]
    db 0x0a, 0xc0    ; or al,al
    jz redraw_active_output_builder_C688_2392
    db 0xa0, 0x5e, 0x79    ; mov al,[0x795e]
    db 0xa2, 0x88, 0x79    ; mov [0x7988],al
redraw_final_state_gate_C688_2356:
    db 0x8a, 0xc5    ; mov al,ch
    db 0x3c, 0xe0    ; cmp al,0xe0
    jc loc_236A
    db 0xa0, 0xa1, 0x79    ; mov al,[0x79a1]
    db 0xa8, 0x10    ; test al,0x10
    jz loc_236A
    db 0xb5, 0xc0    ; mov ch,0xc0
    db 0x8a, 0xc5    ; mov al,ch
    jmp loc_1E57
loc_236A:
    db 0xa0, 0xdf, 0x79    ; mov al,[0x79df]
    db 0x3c, 0x02    ; cmp al,0x02
    jz loc_2387
    db 0x0a, 0xc0    ; or al,al
    jz redraw_active_output_builder_C688_2392
    jns loc_23F5
    db 0xf7, 0xc6    ; 0200 test si,0x0002
    db 0x02, 0x00
    jnz loc_237F
    jmp loc_2384
loc_237F:
    db 0x32, 0xc0    ; xor al,al
loc_2381:
    db 0xa2, 0xdf, 0x79    ; mov [0x79df],al
loc_2384:
    jmp loc_1D7C
loc_2387:
    db 0xf7, 0xc6    ; 0200 test si,0x0002
    db 0x02, 0x00
    jz loc_2384
    db 0x32, 0xc0    ; xor al,al
    jmp redraw_return_tail_C688_24C4
redraw_active_output_builder_C688_2392:
    db 0x8b, 0xc6    ; mov ax,si
    db 0x8b, 0x36, 0xdb, 0x79    ; mov si,[0x79db]
    db 0x56    ; push si
    db 0x03, 0xf2    ; add si,dx
    db 0x89, 0x36, 0xdb, 0x79    ; mov [0x79db],si
    db 0x4e    ; dec si
    db 0x8b, 0x16, 0x50, 0x79    ; mov dx,[0x7950]
    db 0x2b, 0xf2    ; sub si,dx
    db 0x5e    ; pop si
    jns loc_23B0
    db 0xa8, 0x02    ; test al,0x02
    jz loc_2384
    jmp redraw_final_clamp_C688_24CE
loc_23B0:
    db 0xa8, 0x02    ; test al,0x02
    jz loc_23C1
    db 0x8a, 0xc5    ; mov al,ch
    db 0x3c, 0xdb    ; cmp al,0xdb
    jz loc_23C1
    db 0x3c, 0xd6    ; cmp al,0xd6
    jz loc_23C1
    jmp redraw_final_clamp_C688_24CE
loc_23C1:
    db 0x87, 0xd6    ; xchg si,dx
    db 0x32, 0xc0    ; xor al,al
    db 0x2b, 0xf2    ; sub si,dx
    jc loc_23CB
    db 0x8b, 0xc6    ; mov ax,si
loc_23CB:
    db 0xa2, 0x2b, 0x77    ; mov [0x772b],al
    db 0x8b, 0x36, 0x52, 0x79    ; mov si,[0x7952]
    db 0x2b, 0xf2    ; sub si,dx
    db 0x9f    ; lahf
    db 0x50    ; push ax
    db 0xb0, 0x01    ; mov al,0x01
    db 0xa2, 0xdf, 0x79    ; mov [0x79df],al
    call append_final_mode_span_markers_C688_1BA9
    db 0x58    ; pop ax
    db 0x9e    ; sahf
    jnc loc_2403
    db 0xb0, 0x02    ; mov al,0x02
    db 0x89, 0x36, 0xe2, 0x79    ; mov [0x79e2],si
    db 0x8b, 0x36, 0x3b, 0x79    ; mov si,[0x793b]
    db 0xf7, 0xc6    ; 0200 test si,0x0002
    db 0x02, 0x00
    jz loc_2381
    jmp loc_24E9
loc_23F5:
    db 0x8b, 0x36, 0xdb, 0x79    ; mov si,[0x79db]
    db 0x03, 0xf2    ; add si,dx
    db 0x89, 0x36, 0xdb, 0x79    ; mov [0x79db],si
loc_23FF:
    db 0x8b, 0x36, 0xe2, 0x79    ; mov si,[0x79e2]
loc_2403:
    db 0xa0, 0x3b, 0x79    ; mov al,[0x793b]
    db 0xa8, 0x08    ; test al,0x08
    jz loc_2415
    db 0xa0, 0xec, 0x79    ; mov al,[0x79ec]
    db 0xa8, 0x40    ; test al,0x40
    jz loc_241C
    db 0xb5, 0x20    ; mov ch,0x20
    jmp loc_241C
loc_2415:
    db 0xa8, 0x02    ; test al,0x02
    jz loc_241C
    jmp loc_24E5
loc_241C:
    db 0x88, 0x2c    ; mov [si],ch
    db 0x46    ; inc si
    db 0x89, 0x36, 0xe2, 0x79    ; mov [0x79e2],si
redraw_output_length_gate_C688_2423:
    db 0x8b, 0x36, 0xdb, 0x79    ; mov si,[0x79db]
    db 0x8b, 0x16, 0x52, 0x79    ; mov dx,[0x7952]
    db 0x32, 0xc0    ; xor al,al
    db 0x2b, 0xf2    ; sub si,dx
    jz loc_2459
    jc loc_245B
    db 0x8b, 0xde    ; mov bx,si
    db 0x8a, 0xd3    ; mov dl,bl
    db 0x8b, 0x36, 0xe2, 0x79    ; mov si,[0x79e2]
    db 0x4e    ; dec si
    db 0xa0, 0x5e, 0x79    ; mov al,[0x795e]
    db 0xa8, 0x04    ; test al,0x04
    jz loc_244B
    db 0x4e    ; dec si
    db 0x8a, 0x04    ; mov al,[si]
    db 0x3c, 0xf4    ; cmp al,0xf4
    jnz loc_2459
    db 0x46    ; inc si
loc_244B:
    db 0xc6, 0x04, 0xfe    ; mov byte [si],0xfe
    db 0x46    ; inc si
    db 0x88, 0x14    ; mov [si],dl
    db 0x46    ; inc si
    db 0x88, 0x2c    ; mov [si],ch
    db 0x46    ; inc si
    db 0x89, 0x36, 0xe2, 0x79    ; mov [0x79e2],si
loc_2459:
    db 0xb0, 0x01    ; mov al,0x01
loc_245B:
    db 0x8a, 0xe8    ; mov ch,al
    db 0xa0, 0x3b, 0x79    ; mov al,[0x793b]
    db 0xa8, 0x02    ; test al,0x02
    jz loc_2467
    jmp loc_24E9
loc_2467:
    db 0x8b, 0x36, 0xe2, 0x79    ; mov si,[0x79e2]
    db 0xba, 0x28, 0x7f    ; mov dx,0x7f28
    db 0x32, 0xc0    ; xor al,al
    db 0x2b, 0xf2    ; sub si,dx
    db 0x8b, 0xc6    ; mov ax,si
    db 0x0a, 0xe4    ; or ah,ah
    jnz loc_2495
    db 0x3c, 0xf0    ; cmp al,0xf0
    jnc loc_247F
    jmp redraw_small_output_fallback_C688_24A7
    db 0x90
loc_247F:
    db 0x3c, 0xf6    ; cmp al,0xf6
    jnc loc_2495
    db 0xa0, 0x5e, 0x79    ; mov al,[0x795e]
    db 0xa8, 0x04    ; test al,0x04
    jz loc_248D
    jmp loc_1D7C
loc_248D:
    db 0xf6, 0xc1, 0x40    ; test cl,0x40
    jz loc_2495
    jmp loc_1D7C
loc_2495:
    db 0x5e    ; pop si
    db 0x89, 0x36, 0x6f, 0x79    ; mov [0x796f],si
    db 0x5e    ; pop si
    db 0xbe, 0x0d, 0x79    ; mov si,0x790d
    db 0x80, 0x0c, 0x40    ; or byte [si],0x40
    db 0x8a, 0xc1    ; mov al,cl
    db 0xa2, 0x60, 0x7a    ; mov [0x7a60],al
    db 0xc3    ; ret
redraw_small_output_fallback_C688_24A7:
    db 0x8b, 0x16, 0x5e, 0x79    ; mov dx,[0x795e]
    db 0xf6, 0xc2, 0x04    ; test dl,0x04
    jz loc_24B3
    jmp loc_1D7C
loc_24B3:
    db 0x8a, 0xc5    ; mov al,ch
    db 0x0a, 0xc0    ; or al,al
    jnz loc_24BC
    jmp loc_1D7C
loc_24BC:
    db 0xb0, 0x02    ; mov al,0x02
    db 0xa2, 0xdf, 0x79    ; mov [0x79df],al
    jmp loc_1D7C
redraw_return_tail_C688_24C4:
    db 0x5a    ; pop dx
    db 0x89, 0x16, 0x6f, 0x79    ; mov [0x796f],dx
loc_24C9:
    db 0x5e    ; pop si
    db 0xa2, 0xdf, 0x79    ; mov [0x79df],al
    db 0xc3    ; ret
redraw_final_clamp_C688_24CE:
    db 0x8b, 0x36, 0xdb, 0x79    ; mov si,[0x79db]
    db 0x8b, 0x16, 0x50, 0x79    ; mov dx,[0x7950]
    db 0x2b, 0xf2    ; sub si,dx
    jnc loc_24E2
    db 0x8b, 0x36, 0x50, 0x79    ; mov si,[0x7950]
    db 0x89, 0x36, 0xdb, 0x79    ; mov [0x79db],si
loc_24E2:
    call append_final_mode_span_markers_C688_1BA9
loc_24E5:
    db 0x89, 0x36, 0xe2, 0x79    ; mov [0x79e2],si
loc_24E9:
    db 0x32, 0xc0    ; xor al,al
    db 0x5a    ; pop dx
    db 0x89, 0x16, 0x6f, 0x79    ; mov [0x796f],dx
redraw_final_mode_span_C688_24F0:
    db 0xf6, 0xc1, 0x20    ; test cl,0x20
    jnz loc_24C9
    db 0x9f    ; lahf
    db 0x50    ; push ax
    db 0xa0, 0x5e, 0x79    ; mov al,[0x795e]
    db 0xa8, 0x01    ; test al,0x01
    jz loc_250A
    db 0x8b, 0x36, 0xe2, 0x79    ; mov si,[0x79e2]
    db 0xc6, 0x04, 0xf1    ; mov byte [si],0xf1
    db 0x46    ; inc si
    db 0x89, 0x36, 0xe2, 0x79    ; mov [0x79e2],si
loc_250A:
    db 0x8b, 0x16, 0xdb, 0x79    ; mov dx,[0x79db]
    db 0x8b, 0x36, 0x52, 0x79    ; mov si,[0x7952]
    db 0x2b, 0xf2    ; sub si,dx
    call append_span_record_C688_1C39
    db 0x58    ; pop ax
    db 0x9e    ; sahf
    jmp loc_24C9
    db 0x89, 0x36, 0xb8, 0x79, 0xba, 0x25, 0x25, 0x52
    db 0xff, 0xe6, 0x72, 0x1a, 0xbe, 0xc4, 0x6e, 0x8a
    db 0xd0, 0xb6, 0x00, 0x03, 0xf2, 0x03, 0xf2, 0x2e
    db 0x8a, 0x34, 0x46, 0x2e, 0x8a, 0x04, 0x24, 0x70
    db 0x75, 0x05, 0x8a, 0xc6, 0x0a, 0xc0, 0xc3, 0x3c
    db 0x70, 0x74, 0x04, 0xb6, 0x20, 0xeb, 0xf3, 0x2e
    db 0x8a, 0x04, 0x24, 0x0f, 0x74, 0xec, 0x52, 0x8a
    db 0xe8, 0xba, 0xc4, 0x79, 0x52, 0x51, 0x8b, 0x36
    db 0xb8, 0x79, 0xba, 0x63, 0x25, 0x52, 0xff, 0xe6
    db 0x59, 0x5a, 0x72, 0x09, 0x8b, 0xda, 0x88, 0x07
    db 0x42, 0xfe, 0xcd, 0x75, 0xe7, 0x5a, 0x8a, 0xc6
    db 0xc3
classify_redraw_stream_byte_C688_2574:
    db 0x8a, 0xd8    ; mov bl,al
    db 0x32, 0xff    ; xor bh,bh
    db 0x8b, 0xeb    ; mov bp,bx
    db 0x33, 0xd2    ; xor dx,dx
    db 0x03, 0xdb    ; add bx,bx
    db 0x2e, 0x8b, 0x87    ; C46E mov ax,[cs:bx+0x6ec4]
    db 0xc4, 0x6e
    db 0xa2, 0x3b, 0x79    ; mov [0x793b],al
    db 0x8a, 0xc4    ; mov al,ah
    db 0x24, 0xf0    ; and al,0xf0
    js loc_25CF
    db 0x8b, 0x1e, 0xed, 0x75    ; mov bx,[0x75ed]
    db 0x0a, 0x97    ; 0400 or dl,[bx+0x0004]
    db 0x04, 0x00
    jz loc_25A1
    db 0xf6, 0x87    ; 0200 08 test byte [bx+0x0002],0x08
    db 0x02, 0x00, 0x08
    jnz loc_259E
    db 0xc3    ; ret
loc_259E:
    db 0xd0, 0xc2    ; rol dl,1
    db 0xc3    ; ret
loc_25A1:
    db 0x83, 0xed, 0x20    ; sub bp,0x20
    db 0x06    ; push es
    db 0x56    ; push si
    db 0xba, 0xef, 0xd7    ; mov dx,0xd7ef
    db 0x8e, 0xc2    ; mov es,dx
    db 0x8a, 0x16, 0x59, 0x6d    ; mov dl,[0x6d59]
    db 0x32, 0xf6    ; xor dh,dh
    db 0x03, 0xd2    ; add dx,dx
    db 0xbe, 0x38, 0x00    ; mov si,0x0038
    db 0x03, 0xf2    ; add si,dx
    db 0x26, 0x8b, 0x34    ; mov si,[es:si]
    db 0x26, 0x8a, 0x12    ; mov dl,[es:bp+si]
    db 0x5e    ; pop si
    db 0x07    ; pop es
    db 0x8b, 0x1e, 0xed, 0x75    ; mov bx,[0x75ed]
    db 0xf6, 0x87    ; 0200 08 test byte [bx+0x0002],0x08
    db 0x02, 0x00, 0x08
    jnz loc_25CC
    db 0xc3    ; ret
loc_25CC:
    db 0x02, 0xd2    ; add dl,dl
    db 0xc3    ; ret
loc_25CF:
    db 0x8a, 0xd4    ; mov dl,ah
    db 0x80, 0xe2, 0x0f    ; and dl,0x0f
    db 0x8a, 0xc4    ; mov al,ah
    db 0x24, 0x70    ; and al,0x70
    db 0xc3    ; ret
    db 0x2c, 0x20, 0x06, 0xba, 0xef, 0xd7, 0x8e, 0xc2
    db 0x8a, 0x16, 0x59, 0x6d, 0x32, 0xf6, 0x03, 0xd2
    db 0xbe, 0x38, 0x00, 0x03, 0xf2, 0x26, 0x8b, 0x34
    db 0x8a, 0xd0, 0x32, 0xf6, 0x03, 0xf2, 0x26, 0x8a
    db 0x04, 0x8a, 0xd0, 0x07, 0xc3, 0xa0, 0xd5, 0x78
    db 0xa8, 0x01, 0x74, 0x43, 0xa8, 0x10, 0x75, 0x3f
    db 0xa0, 0x56, 0x7a, 0xa8, 0x01, 0x75, 0x38, 0xa0
    db 0x90, 0x79, 0x0a, 0xc0, 0x74, 0x32, 0x8b, 0x36
    db 0xac, 0x79, 0x83, 0xfe, 0x00, 0x75, 0x0e, 0x8b
    db 0x16, 0xdf, 0x78, 0x4a, 0xb0, 0x00, 0xe8, 0xe7
    db 0x02, 0x8b, 0x36, 0xac, 0x79, 0x8b, 0x16, 0xa4
    db 0x79, 0x03, 0xf2, 0x8b, 0x16, 0x01, 0x79, 0x32
    db 0xc0, 0x2b, 0xf2, 0x78, 0x0a, 0x8b, 0x16, 0xe1
    db 0x78, 0x83, 0xc2, 0x02, 0xe8, 0xc9, 0x02, 0xc3
    db 0x8b, 0x36, 0x14, 0x79, 0xe8, 0x88, 0x02, 0xa0
    db 0xa1, 0x79, 0xa8, 0x01, 0x75, 0xf1, 0x8b, 0x36
    db 0xf9, 0x78, 0xe8, 0x7a, 0x02, 0x8b, 0x36, 0xff
    db 0x78, 0x89, 0x36, 0x77, 0x79, 0x8b, 0x0e, 0x01
    db 0x79, 0xa0, 0x17, 0x77, 0xa8, 0x01, 0x75, 0x0f
    db 0x8b, 0x36, 0xfd, 0x78, 0x8b, 0x0e, 0x07, 0x79
    db 0x2b, 0xf1, 0x83, 0xc6, 0x04, 0x8b, 0xce, 0x8b
    db 0x36, 0xd9, 0x78, 0x2b, 0xf1, 0x56, 0x8b, 0x16
    db 0x58, 0x79, 0x2b, 0xf2, 0x8b, 0x36, 0x77, 0x79
    db 0x9f, 0x4e, 0x9e, 0x89, 0x36, 0x77, 0x79, 0x5e
    db 0x78, 0x02, 0xeb, 0xe7, 0x56, 0x51, 0x8b, 0x16
    db 0xf5, 0x78, 0x2b, 0xf2, 0x56, 0x8b, 0x16, 0xfd
    db 0x78, 0x03, 0xf2, 0x83, 0xc6, 0x02, 0xa0, 0x17
    db 0x77, 0xa8, 0x01, 0x75, 0x21, 0x5a, 0x8b, 0xd6
    db 0x42, 0xb0, 0xff, 0x87, 0x06, 0xf1, 0x75, 0xa0
    db 0x2e, 0x79, 0xa8, 0x80, 0x75, 0x0c, 0x8b, 0x0e
    db 0x77, 0x79, 0x83, 0xf9, 0x00, 0x75, 0x03, 0xe9
    db 0x84, 0x00, 0xb0, 0x03, 0xeb, 0x7d, 0x8b, 0xec
    db 0x87, 0x76, 0x00, 0x03, 0xf1, 0x4e, 0x8b, 0xd6
    db 0x87, 0x76, 0x00, 0xa0, 0x78, 0x79, 0x0a, 0xc0
    db 0x75, 0x10, 0xa0, 0x77, 0x79, 0xfe, 0xc8, 0x75
    db 0x09, 0xa0, 0x2e, 0x79, 0xa8, 0x40, 0xb0, 0xff
    db 0x74, 0x02, 0xb0, 0x01, 0x87, 0x06, 0xf1, 0x75
    db 0xb0, 0x43, 0xe8, 0x6e, 0x00, 0xb9, 0x00, 0x82
    db 0x8b, 0x16, 0x77, 0x79, 0x83, 0xfa, 0x00, 0x75
    db 0x0a, 0xa0, 0x2e, 0x79, 0xa8, 0x80, 0x75, 0x03
    db 0xb9, 0xff, 0x83, 0xb0, 0xff, 0x87, 0x06, 0xf1
    db 0x75, 0x8a, 0xc5, 0x5a, 0x51, 0x8b, 0x36, 0x07
    db 0x79, 0x03, 0xf2, 0x56, 0x8b, 0xce, 0x8b, 0x36
    db 0x03, 0x79, 0x03, 0xf2, 0x56, 0x2b, 0xf1, 0x75
    db 0x02, 0xb0, 0x83, 0x03, 0xf1, 0x42, 0x87, 0xd6
    db 0xe8, 0x30, 0x00, 0x5e, 0x46, 0x5a, 0x59, 0x8a
    db 0xc1, 0x0a, 0xc0, 0x75, 0x09, 0x87, 0x06, 0xf1
    db 0x75, 0xb0, 0x01, 0xe8, 0x1d, 0x00, 0x8b, 0x0e
    db 0x77, 0x79, 0x41, 0x89, 0x0e, 0x77, 0x79, 0x59
    db 0x5e, 0x03, 0xf1, 0x87, 0xd6, 0x8b, 0x36, 0x5a
    db 0x79, 0x2b, 0xf2, 0x87, 0xd6, 0x78, 0x03, 0xe9
    db 0x2a, 0xff, 0xc3, 0x56, 0x8b, 0x36, 0x5a, 0x79
    db 0x2b, 0xf2, 0x87, 0xd6, 0x78, 0x03, 0xeb, 0x05
    db 0x90, 0x03, 0xf2, 0x24, 0xfe, 0x8b, 0xec, 0x87
    db 0x76, 0x00, 0x87, 0xd6, 0x8b, 0x36, 0x5a, 0x79
    db 0x2b, 0xf2, 0x79, 0x03, 0xeb, 0x14, 0x90, 0xb9
    db 0x00, 0x00, 0x8b, 0x36, 0x58, 0x79, 0x2b, 0xf2
    db 0x7e, 0x0a, 0x87, 0xd6, 0x03, 0xf2, 0x8b, 0xca
    db 0x87, 0xd6, 0x24, 0xfd, 0x5e, 0x52, 0x56, 0x2b
    db 0xf2, 0x79, 0x11, 0x8b, 0x36, 0x17, 0x77, 0xf7
    db 0xc6, 0x01, 0x00, 0x74, 0x03, 0xe9, 0x8d, 0x00
    db 0x24, 0x02, 0xeb, 0x6e, 0x9f, 0x50, 0x87, 0x06
    db 0xf1, 0x75, 0x46, 0x0a, 0xc0, 0x79, 0x0f, 0xb0
    db 0x00, 0x56, 0xbe, 0x9a, 0x79, 0x80, 0x24, 0xfd
    db 0x5e, 0xe8, 0xaa, 0xf2, 0xeb, 0x52, 0x52, 0x56
    db 0x51, 0x9f, 0x50, 0xe8, 0xdd, 0x1c, 0x58, 0x9e
    db 0xe8, 0xd6, 0x43, 0x8b, 0x36, 0x07, 0x79, 0x89
    db 0x36, 0xf5, 0x78, 0x8b, 0x36, 0xdf, 0x78, 0x89
    db 0x36, 0xd9, 0x78, 0xbe, 0x17, 0x77, 0x80, 0x24
    db 0xfe, 0x5a, 0x8b, 0x36, 0x07, 0x79, 0x03, 0xf2
    db 0x5a, 0x59, 0x56, 0x8b, 0x36, 0xfd, 0x78, 0x8b
    db 0xec, 0x87, 0x76, 0x00, 0xb0, 0x7f, 0xa2, 0xfe
    db 0x78, 0xe8, 0xbe, 0x1c, 0x5e, 0x89, 0x36, 0xfd
    db 0x78, 0xbe, 0x17, 0x77, 0x80, 0x0c, 0x01, 0xe8
    db 0xf6, 0x43, 0xa0, 0x9c, 0x79, 0xe8, 0x42, 0x1c
    db 0x58, 0x9e, 0x8b, 0x36, 0x50, 0x79, 0x8b, 0x16
    db 0x54, 0x79, 0x03, 0xf2, 0x8b, 0x16, 0xf9, 0x78
    db 0xe8, 0x15, 0x27, 0x8b, 0x16, 0x50, 0x79, 0x2b
    db 0xf2, 0x74, 0x02, 0x73, 0x03, 0x5e, 0x5e, 0xc3
    db 0x87, 0x06, 0xf1, 0x75, 0xa0, 0x90, 0x79, 0x0a
    db 0xc0, 0x74, 0x0a, 0x8b, 0x0e, 0x16, 0x79, 0x03
    db 0xf1, 0xd1, 0xee, 0xd1, 0xee, 0x8b, 0xce, 0xbe
    db 0x28, 0x7f, 0x5a, 0xa0, 0x8f, 0x79, 0xd0, 0xe8
    db 0xfe, 0xc8, 0x87, 0x06, 0xf1, 0x75, 0xe8, 0x20
    db 0x00, 0x5a, 0xd0, 0xd8, 0x87, 0x06, 0xf1, 0x75
    db 0x32, 0xc0, 0x87, 0x06, 0xf1, 0x75, 0xe8, 0x10
    db 0x00, 0x89, 0x36, 0xe2, 0x79, 0xe8, 0xfb, 0x42
    db 0xc3, 0x51, 0x8b, 0x0e, 0x2e, 0x77, 0x49, 0xeb
    db 0x09, 0xa8, 0x01, 0x74, 0x39, 0x51, 0x8b, 0x0e
    db 0x2e, 0x77, 0xc6, 0x04, 0xff, 0x46, 0xc6, 0x04
    db 0x0c, 0x46, 0x89, 0x14, 0x83, 0xc6, 0x02, 0x89
    db 0x0c, 0x83, 0xc6, 0x02, 0x59, 0x89, 0x0c, 0x83
    db 0xc6, 0x02, 0x87, 0x06, 0xf1, 0x75, 0x88, 0x04
    db 0x46, 0x87, 0x06, 0xf1, 0x75, 0xc6, 0x04, 0x00
    db 0x46, 0xa8, 0x40, 0x74, 0x05, 0xc6, 0x04, 0x0f
    db 0x46, 0xc3, 0xc6, 0x04, 0x10, 0x46, 0xc3, 0xa0
    db 0x3c, 0x79, 0xa8, 0x04, 0xb0, 0x0f, 0x74, 0x02
    db 0xb0, 0x0a, 0x8b, 0x16, 0x50, 0x79, 0x2b, 0xf2
    db 0x72, 0xec, 0x56, 0x8b, 0x16, 0x54, 0x79, 0x2b
    db 0xf2, 0x5a, 0x73, 0xe2, 0xbe, 0x01, 0x00, 0x56
    db 0x8b, 0x36, 0x5a, 0x79, 0x8b, 0x0e, 0x58, 0x79
    db 0x2b, 0xf1, 0x46, 0x56, 0x8b, 0x36, 0x2e, 0x77
    db 0x03, 0xf2, 0x56, 0x51, 0xe8, 0x1b, 0x13, 0xc3
    db 0x87, 0x06, 0xf1, 0x75, 0x8b, 0x0e, 0xf9, 0x78
    db 0x8b, 0x36, 0x16, 0x79, 0x03, 0xf1, 0x8b, 0xce
    db 0xd1, 0xe9, 0xd1, 0xe9, 0x8b, 0x36, 0x2e, 0x77
    db 0x03, 0xf1, 0x51, 0x8b, 0xce, 0xbe, 0xdf, 0x01
    db 0x2b, 0xf1, 0x59, 0x73, 0x04, 0x03, 0xf1, 0x8b
    db 0xce, 0xbe, 0x28, 0x7f, 0xb0, 0xff, 0x41, 0xe8
    db 0x4f, 0xff, 0x89, 0x36, 0xe2, 0x79, 0xe8, 0x42
    db 0x42, 0xc3, 0xb9, 0xff, 0xff, 0xbe, 0x17, 0x8a
    db 0x2e, 0x8a, 0x04, 0x3c, 0xff, 0x74, 0x5e, 0x46
    db 0x2e, 0x8a, 0x34, 0x46, 0x56, 0xb2, 0x00, 0xd1
    db 0xea, 0x8a, 0xe0, 0xb0, 0x00, 0x8b, 0xf0, 0xe8
    db 0xec, 0x29, 0x03, 0xf2, 0x5a, 0x8b, 0xda, 0x2e
    db 0x8a, 0x07, 0x42, 0x52, 0x8a, 0xd0, 0xb0, 0x55
    db 0x26, 0x88, 0x04, 0xb0, 0xaa, 0x46, 0x26, 0x88
    db 0x04, 0x4e, 0x26, 0x8a, 0x04, 0x3c, 0x55, 0x75
    db 0x29, 0x52, 0x8b, 0xd6, 0x83, 0xe6, 0x80, 0x26
    db 0x89, 0x0c, 0xff, 0x06, 0x52, 0x7a, 0x8b, 0xca
    db 0xbe, 0x80, 0x00, 0x03, 0xf2, 0x8b, 0xc6, 0xd1
    db 0xd0, 0x80, 0xe4, 0x1f, 0x5a, 0x3a, 0xe2, 0x74
    db 0x09, 0x52, 0x8b, 0xc6, 0x80, 0xfc, 0xf0, 0x72
    db 0xd9, 0x58, 0x5e, 0xeb, 0x9b, 0xb0, 0xff, 0xa2
    db 0xe0, 0x79, 0xa2, 0xe1, 0x79, 0xa2, 0x1b, 0x78
    db 0x89, 0x0e, 0x50, 0x7a, 0x81, 0xc1, 0x80, 0x00
    db 0x89, 0x0e, 0x2f, 0x82, 0x8b, 0x36, 0x52, 0x7a
    db 0x89, 0x36, 0x54, 0x7a, 0xe8, 0x2f, 0x4e, 0xc3
    db 0xbf, 0xb8, 0x77, 0xb9, 0x29, 0x7f, 0x81, 0xe9
    db 0xb8, 0x77, 0x32, 0xc0, 0x06, 0x8c, 0xdd, 0x8e
    db 0xc5, 0xfc, 0xf3, 0xaa, 0x07, 0x2e, 0x8b, 0x36
    db 0x63, 0x2a, 0x89, 0x36, 0x71, 0x76, 0xc6, 0x06
    db 0x73, 0x76, 0x00, 0xc6, 0x06, 0x3f, 0x8e, 0x00
    db 0xe8, 0x47, 0xff, 0xe8, 0x6e, 0x03, 0xb0, 0x02
    db 0xc7, 0x06, 0xed, 0x75, 0x3b, 0x79, 0xe8, 0xc9
    db 0x37, 0xe8, 0x2b, 0xd8, 0xa8, 0xc9, 0x02, 0xb6
    db 0x02, 0x05, 0x00, 0xa8, 0xca, 0x01, 0xb6, 0x01
    db 0x06, 0x00, 0xb6, 0x03, 0x04, 0x00, 0xb6, 0x04
    db 0x04, 0x00, 0x56, 0x08, 0xb6, 0x08, 0x04, 0x00
    db 0x00, 0xe8, 0x4b, 0x21, 0xb0, 0xff, 0xa2, 0x1b
    db 0x78, 0xa2, 0x10, 0x78, 0xa2, 0x94, 0x79, 0xbe
    db 0x17, 0x77, 0x80, 0x24, 0xfe, 0xbe, 0x30, 0x30
    db 0x89, 0x36, 0x7e, 0x78, 0xb0, 0x08, 0xa2, 0x8f
    db 0x79, 0xb0, 0x03, 0xbe, 0x04, 0x00, 0xe8, 0xe7
    db 0x6a, 0xe8, 0x9e, 0x73, 0xe8, 0xba, 0x19, 0xe9
    db 0xc6, 0x4c, 0x56, 0x06, 0x8b, 0x16, 0xd9, 0x78
    db 0x8b, 0x36, 0xe1, 0x78, 0x2b, 0xf2, 0x78, 0x1f
    db 0x8b, 0x36, 0xdf, 0x78, 0x87, 0xd6, 0x2b, 0xf2
    db 0x78, 0x15, 0xba, 0x02, 0x00, 0x8b, 0x36, 0xf5
    db 0x78, 0x8b, 0x0e, 0xd9, 0x78, 0xe8, 0x59, 0x1a
    db 0xe8, 0xfa, 0xe7, 0xe8, 0x6f, 0xfb, 0xc3, 0xa0
    db 0x90, 0x79, 0xa8, 0x01, 0x75, 0xf8, 0x8b, 0x36
    db 0xd7, 0x78, 0x8b, 0x16, 0xdb, 0x78, 0x32, 0xc0
    db 0x2b, 0xf2, 0x8b, 0xd6, 0x8b, 0x0e, 0xa2, 0x79
    db 0xd1, 0xe9, 0xd1, 0xe9, 0x2b, 0xf1, 0x78, 0x03
    db 0xe9, 0x8b, 0x00, 0x8b, 0x36, 0xf3, 0x78, 0x2b
    db 0xf2, 0x7e, 0xf5, 0xbe, 0x00, 0x00, 0x2b, 0xf2
    db 0x87, 0xd6, 0xbe, 0x3c, 0x00, 0x03, 0xf1, 0x8b
    db 0xce, 0x8b, 0x36, 0xf3, 0x78, 0x2b, 0xf1, 0x73
    db 0x04, 0x03, 0xf1, 0xeb, 0x02, 0x8b, 0xf1, 0x03
    db 0xf2, 0x83, 0xc6, 0x07, 0x83, 0xe6, 0xf8, 0x8b
    db 0xce, 0x8b, 0x36, 0xf3, 0x78, 0x03, 0xf2, 0x2b
    db 0xf1, 0x89, 0x36, 0x50, 0x79, 0x8b, 0x36, 0xa2
    db 0x79, 0x32, 0xc0, 0x2b, 0xf1, 0x56, 0xff, 0x36
    db 0xa4, 0x79, 0xff, 0x36, 0xdb, 0x78, 0xff, 0x36
    db 0xdf, 0x78, 0xbe, 0x00, 0x00, 0x56, 0x51, 0x8b
    db 0x36, 0xd7, 0x78, 0x03, 0xf1, 0x89, 0x36, 0xd7
    db 0x78, 0x8b, 0x36, 0xa2, 0x79, 0x2b, 0xf1, 0x73
    db 0x04, 0x8b, 0x0e, 0xa2, 0x79, 0x89, 0x0e, 0x54
    db 0x79, 0xe8, 0x10, 0x11, 0x8b, 0x36, 0xdb, 0x78
    db 0xe9, 0xb7, 0x00, 0x8b, 0x36, 0xd7, 0x78, 0xba
    db 0x06, 0x00, 0x03, 0xf2, 0x4e, 0x8b, 0x16, 0xdd
    db 0x78, 0x32, 0xc0, 0x2b, 0xf2, 0xc3, 0xe8, 0xea
    db 0xff, 0x73, 0x03, 0xe9, 0xbd, 0x00, 0x75, 0x03
    db 0xe9, 0xb8, 0x00, 0x87, 0xd6, 0x8b, 0x36, 0xd7
    db 0x78, 0x8b, 0x0e, 0xdb, 0x78, 0x2b, 0xf1, 0x75
    db 0x03, 0xe9, 0xa1, 0x00, 0x87, 0xd6, 0xb9, 0x06
    db 0x00, 0xa0, 0x95, 0x79, 0x0a, 0xc0, 0x74, 0x03
    db 0xb9, 0x40, 0x00, 0x03, 0xf1, 0xba, 0x06, 0x00
    db 0x2b, 0xf2, 0x51, 0x56, 0xba, 0x08, 0x00, 0x03
    db 0xf2, 0x83, 0xe6, 0xf8, 0x4e, 0x56, 0x46, 0x87
    db 0xd6, 0x8b, 0x36, 0xa2, 0x79, 0x32, 0xc0, 0x2b
    db 0xf2, 0x56, 0x8b, 0x36, 0xa4, 0x79, 0x56, 0x8b
    db 0x36, 0xdb, 0x78, 0x03, 0xf2, 0x56, 0xff, 0x36
    db 0xdf, 0x78, 0xbe, 0x00, 0x00, 0x56, 0x32, 0xc0
    db 0x2b, 0xf2, 0x56, 0x8b, 0x16, 0xd7, 0x78, 0x03
    db 0xf2, 0x89, 0x36, 0xd7, 0x78, 0xe8, 0x84, 0x10
    db 0x5a, 0x8b, 0x36, 0xa2, 0x79, 0x2b, 0xf2, 0x59
    db 0x73, 0x10, 0xbe, 0x00, 0x00, 0x2b, 0xf2, 0x8b
    db 0x16, 0xa2, 0x79, 0x4a, 0x03, 0xf2, 0x03, 0xf1
    db 0x8b, 0xce, 0x8b, 0x36, 0xf3, 0x78, 0x2b, 0xf1
    db 0x59, 0x03, 0xf1, 0x89, 0x36, 0x50, 0x79, 0x8b
    db 0x36, 0xdd, 0x78, 0x2b, 0xf2, 0x42, 0x89, 0x16
    db 0x54, 0x79, 0x89, 0x36, 0x2e, 0x77, 0xe8, 0x46
    db 0xef, 0x8b, 0x16, 0xa4, 0x79, 0x8b, 0x0e, 0xdf
    db 0x78, 0xe8, 0xed, 0x18, 0xe8, 0x8e, 0xe6, 0xe8
    db 0x03, 0xfa, 0xe8, 0xcb, 0x2b, 0xbe, 0x56, 0x7a
    db 0x80, 0x0c, 0x40, 0x8b, 0x36, 0xe1, 0x78, 0x8b
    db 0x16, 0xd9, 0x78, 0x32, 0xc0, 0x2b, 0xf2, 0x79
    db 0x03, 0xe9, 0xb0, 0x00, 0x8b, 0x36, 0xdf, 0x78
    db 0x87, 0xd6, 0x32, 0xc0, 0x2b, 0xf2, 0x78, 0x01
    db 0xc3, 0x87, 0xd6, 0xbe, 0x56, 0x7a, 0x80, 0x0c
    db 0x80, 0xbe, 0x00, 0x00, 0x32, 0xc0, 0x2b, 0xf2
    db 0x87, 0xd6, 0x8b, 0x36, 0xdf, 0x78, 0x56, 0x8b
    db 0xce, 0x52, 0x89, 0x36, 0xd9, 0x78, 0x8b, 0x36
    db 0xa2, 0x79, 0x56, 0x8b, 0x36, 0xa4, 0x79, 0xf6
    db 0xc6, 0x80, 0x74, 0x04, 0x03, 0xf2, 0xeb, 0x02
    db 0x2b, 0xf2, 0x83, 0xfe, 0x00, 0x75, 0x03, 0xeb
    db 0x1b, 0x90, 0xf7, 0xc6, 0x00, 0x80, 0x74, 0x03
    db 0xeb, 0x12, 0x90, 0x56, 0x8b, 0x36, 0xdb, 0x78
    db 0x56, 0x51, 0x52, 0xbe, 0x00, 0x00, 0x56, 0xe8
    db 0xc2, 0x0f, 0xeb, 0x01, 0x5e, 0x5a, 0x8b, 0x36
    db 0xdb, 0x78, 0x89, 0x36, 0x2e, 0x77, 0x8b, 0x36
    db 0xa2, 0x79, 0x89, 0x36, 0x54, 0x79, 0xe8, 0x95
    db 0xee, 0x89, 0x36, 0x50, 0x79, 0x8a, 0xc6, 0x0a
    db 0xc0, 0x74, 0x07, 0xbe, 0x00, 0x00, 0x2b, 0xf2
    db 0x87, 0xd6, 0x8b, 0x36, 0xa4, 0x79, 0x2b, 0xf2
    db 0x73, 0x04, 0x8b, 0x16, 0xa4, 0x79, 0xe8, 0x86
    db 0xee, 0x8b, 0x0e, 0xdf, 0x78, 0x32, 0xc0, 0x2b
    db 0xf1, 0x59, 0x03, 0xf1, 0xe8, 0x2a, 0x18, 0xe8
    db 0xcb, 0xe5, 0xe8, 0x40, 0xf9, 0xe8, 0x08, 0x2b
    db 0xe8, 0xa9, 0x13, 0xc3, 0x87, 0xd6, 0xbe, 0x56
    db 0x7a, 0x80, 0x0c, 0x80, 0xbe, 0x00, 0x00, 0x2b
    db 0xf2, 0x8b, 0x0e, 0xa4, 0x79, 0x2b, 0xf1, 0x72
    db 0x07, 0xbe, 0x00, 0x00, 0x2b, 0xf1, 0x87, 0xd6
    db 0x8b, 0x36, 0xe1, 0x78, 0x03, 0xf2, 0x83, 0xc6
    db 0x02, 0x56, 0x8b, 0x36, 0xdf, 0x78, 0x2b, 0xf2
    db 0x8b, 0xce, 0x8b, 0x36, 0xe1, 0x78, 0xe9, 0x40
    db 0xff, 0x8b, 0x36, 0x90, 0x79, 0xf7, 0xc6, 0x01
    db 0x00, 0x74, 0x03, 0xe9, 0xc9, 0x13, 0x8b, 0x16
    db 0xa4, 0x79, 0x8b, 0x0e, 0xdf, 0x78, 0x51, 0xe9
    db 0x64, 0xff, 0x8b, 0x0e, 0xd9, 0x78, 0x8b, 0x36
    db 0xe1, 0x78, 0x2b, 0xf1, 0x83, 0xc6, 0x02, 0x87
    db 0xd6, 0x51, 0xe9, 0x51, 0xff, 0xc7, 0x06, 0xef
    db 0x75, 0x2a, 0x82, 0x8b, 0x36, 0x42, 0x79, 0xf7
    db 0xc6, 0x02, 0x00, 0x75, 0x25, 0xf7, 0xc6, 0x10
    db 0x00, 0x75, 0x1f, 0xbe, 0x0b, 0x00, 0xb4, 0x07
    db 0xe8, 0x20, 0x66, 0x8b, 0x1e, 0xef, 0x75, 0x8a
    db 0x47, 0x04, 0x80, 0x3f, 0xff, 0x74, 0x0b, 0xff
    db 0x36, 0xef, 0x75, 0xe8, 0x91, 0xe4, 0x8f, 0x06
    db 0xef, 0x75, 0xbe, 0x02, 0x00, 0xb4, 0x07, 0xe8
    db 0x01, 0x66, 0x8b, 0x1e, 0xef, 0x75, 0x8a, 0x07
    db 0xfe, 0xc0, 0xa2, 0x95, 0x79, 0x8a, 0x47, 0x04
    db 0xa2, 0x96, 0x79, 0xc3, 0xb0, 0x01, 0xeb, 0x03
    db 0xa0, 0x95, 0x79, 0xc7, 0x06, 0xef, 0x75, 0x2a
    db 0x82, 0x0a, 0xc0, 0xa0, 0x96, 0x79, 0x75, 0x61
    db 0x8b, 0x36, 0x42, 0x79, 0xf7, 0xc6, 0x02, 0x00
    db 0xa0, 0xf1, 0x77, 0x75, 0x12, 0xf7, 0xc6, 0x10
    db 0x00, 0x74, 0x14, 0xa8, 0x80, 0x74, 0x04, 0xa8
    db 0x40, 0x74, 0x0c, 0xb0, 0xea, 0xeb, 0xc9, 0x24
    db 0xe0, 0x75, 0x04, 0xb0, 0x01, 0xeb, 0xc1, 0xbe
    db 0xf2, 0x2d, 0x8c, 0xcb, 0xb4, 0x04, 0xe8, 0xaa
    db 0x65, 0x8b, 0x1e, 0xef, 0x75, 0x8a, 0x07, 0x3c
    db 0x02, 0x75, 0x05, 0x8a, 0x47, 0x04, 0xeb, 0x21
    db 0x3c, 0x0b, 0x74, 0x0d, 0x3c, 0xe0, 0xb0, 0x00
    db 0x74, 0x00, 0xa2, 0x0e, 0x7a, 0x32, 0xc0, 0xeb
    db 0x97, 0x8a, 0x47, 0x04, 0xff, 0x36, 0xef, 0x75
    db 0xe8, 0x04, 0xe4, 0x8f, 0x06, 0xef, 0x75, 0xeb
    db 0x9f, 0xeb, 0x85, 0x02, 0x00, 0x00, 0x00, 0x00
    db 0x00, 0x02, 0x00, 0x0b, 0x00, 0xe0, 0x00, 0xff
    db 0x02, 0x08, 0x04, 0x01, 0x08, 0x02, 0x01, 0x04
    db 0xc0, 0x03, 0xc1, 0x0b, 0xc2, 0x0e, 0xc3, 0x07
    db 0xc4, 0x0a, 0xc5, 0x0f, 0xc6, 0x05, 0xc7, 0x0d
    db 0xc8, 0x0c, 0xc9, 0x09, 0xca, 0x06, 0x00, 0x00
    db 0x11, 0x10, 0x13, 0x12, 0xdf, 0xdc, 0x0f, 0x0e
    db 0xfd, 0xfe, 0xde, 0xdd, 0xe8, 0x18, 0xd4, 0x58
    db 0x83, 0x58, 0xa3, 0xa8, 0xd7, 0x00, 0x6e, 0x38
    db 0x00, 0xbe, 0x29, 0x82, 0x80, 0x0c, 0x01, 0xe8
    db 0x04, 0x02, 0xe8, 0x02, 0xd4, 0xaa, 0x6c, 0x00
    db 0xa8, 0x6e, 0xff, 0x56, 0x09, 0x00, 0xe8, 0x0e
    db 0x25, 0x9f, 0x50, 0xbe, 0x56, 0x7a, 0x80, 0x24
    db 0xfe, 0xe8, 0xea, 0x01, 0x58, 0x9e, 0x8c, 0xc5
    db 0x8c, 0xc9, 0x8e, 0xc1, 0xb9, 0x0d, 0x00, 0xbf
    db 0x24, 0x2e, 0xfd, 0xf2, 0xae, 0x8e, 0xc5, 0x8b
    db 0xde, 0x8a, 0xf8, 0x8b, 0xf3, 0x8a, 0xc1, 0xfe
    db 0xc8, 0x79, 0x03, 0xe9, 0xce, 0x00, 0x8b, 0xde
    db 0x8a, 0xd8, 0x8b, 0xf3, 0x56, 0x24, 0xfc, 0x75
    db 0x03, 0xe9, 0x49, 0x01, 0x51, 0xe8, 0xdb, 0x01
    db 0xbb, 0xaa, 0x79, 0x8a, 0x07, 0xbe, 0xff, 0x2d
    db 0x46, 0x46, 0x2e, 0x8a, 0x34, 0x0a, 0xf6, 0x74
    db 0x08, 0x3a, 0xc6, 0x75, 0xf3, 0x46, 0x2e, 0x8a
    db 0x34, 0x8a, 0x47, 0x02, 0x8c, 0xc5, 0x8c, 0xc9
    db 0x8e, 0xc1, 0xb9, 0x0d, 0x00, 0xbf, 0x24, 0x2e
    db 0xfd, 0xf2, 0xae, 0x8e, 0xc5, 0xfe, 0xc9, 0xb2
    db 0x00, 0x80, 0xf9, 0x03, 0x7e, 0x0b, 0x80, 0xe1
    db 0x03, 0x8b, 0xd9, 0xbe, 0xf9, 0x2d, 0x2e, 0x8a
    db 0x10, 0x5b, 0xfe, 0xcb, 0xf6, 0xc3, 0x04, 0x9f
    db 0x80, 0xe3, 0x03, 0xbe, 0xfd, 0x2d, 0x2e, 0x8a
    db 0x00, 0x0a, 0xd2, 0x75, 0x0b, 0x0a, 0xf6, 0x75
    db 0x07, 0x81, 0xc3, 0xf9, 0x2d, 0x2e, 0x8a, 0x17
    db 0x8a, 0xda, 0x0a, 0xc2, 0x8a, 0xf8, 0x8a, 0xd0
    db 0x0a, 0xc6, 0x80, 0xf2, 0xff, 0x22, 0xd6, 0x9e
    db 0x8a, 0xe7, 0x75, 0x54, 0xbe, 0x00, 0x2e, 0xb0
    db 0x20, 0x46, 0x46, 0x2e, 0x8a, 0x34, 0x0a, 0xf6
    db 0x74, 0x08, 0x3a, 0xd6, 0x75, 0xf3, 0x4e, 0x2e
    db 0x8a, 0x04, 0x8b, 0x36, 0x5e, 0x79, 0xf7, 0xc6
    db 0x01, 0x00, 0x74, 0x25, 0x9f, 0x50, 0xb0, 0xf4
    db 0xa2, 0x94, 0x79, 0xe8, 0x5e, 0x18, 0xc6, 0x06
    db 0x41, 0x79, 0xff, 0x32, 0xc0, 0xa2, 0x43, 0x79
    db 0xbe, 0xec, 0x79, 0x80, 0x0c, 0x08, 0xe8, 0x1e
    db 0x24, 0xe8, 0x52, 0x18, 0xe8, 0xa1, 0x1f, 0x58
    db 0x9e, 0xeb, 0x2f, 0x90, 0xbe, 0x29, 0x82, 0x80
    db 0x24, 0xfe, 0xe8, 0xf2, 0xd2, 0x70, 0x38, 0x02
    db 0x50, 0x53, 0xe8, 0x2f, 0x18, 0x5b, 0x58, 0xe8
    db 0x20, 0x01, 0x8a, 0xe0, 0xbe, 0x00, 0x2e, 0xb0
    db 0x20, 0x46, 0x46, 0x2e, 0x8a, 0x34, 0x0a, 0xf6
    db 0x74, 0x08, 0x3a, 0xe6, 0x75, 0xf3, 0x4e, 0x2e
    db 0x8a, 0x04, 0x50, 0xe8, 0x0e, 0x18, 0xbe, 0x0d
    db 0x79, 0x80, 0x0c, 0x02, 0x58, 0x3c, 0xc4, 0x74
    db 0x30, 0x9f, 0x86, 0xc4, 0x50, 0x86, 0xc4, 0xe8
    db 0xb5, 0xd2, 0x2a, 0x9a, 0x0b, 0x5c, 0x20, 0x8e
    db 0xfb, 0x5c, 0xee, 0x8e, 0xf7, 0x2e, 0x74, 0x1e
    db 0x2c, 0x5c, 0xee, 0x98, 0x06, 0x6c, 0xef, 0x8e
    db 0x06, 0xa4, 0x81, 0x04, 0x30, 0x00, 0x8b, 0x36
    db 0xbb, 0x79, 0xe8, 0x8f, 0x72, 0x58, 0x86, 0xc4
    db 0x9e, 0x50, 0xe8, 0xbb, 0xea, 0x58, 0xb6, 0x00
    db 0xe8, 0x39, 0x6f, 0x58, 0x50, 0x86, 0xc4, 0x3c
    db 0xdc, 0x75, 0x03, 0xeb, 0x74, 0x90, 0x3c, 0xfe
    db 0x74, 0xf9, 0xe8, 0xc1, 0x17, 0x5e, 0x56, 0x83
    db 0xe6, 0x03, 0xba, 0x19, 0x2e, 0x03, 0xf2, 0x2e
    db 0x8a, 0x04, 0xa2, 0x94, 0x79, 0x3c, 0x13, 0x74
    db 0x04, 0x3c, 0x12, 0x75, 0x1e, 0x5e, 0x56, 0x8b
    db 0xc6, 0x3c, 0x04, 0x72, 0x16, 0xe8, 0x4f, 0xd2
    db 0x4e, 0x02, 0x9a, 0x06, 0xa4, 0x61, 0x06, 0x2a
    db 0x64, 0xdb, 0x4c, 0x02, 0x00, 0xe8, 0x8e, 0x17
    db 0xe8, 0x61, 0xfa, 0xc6, 0x06, 0x41, 0x79, 0xff
    db 0x32, 0xc0, 0xa2, 0x43, 0x79, 0xbe, 0xec, 0x79
    db 0x80, 0x0c, 0x08, 0xe8, 0x41, 0x23, 0x5e, 0x8b
    db 0xc6, 0x8a, 0xc4, 0xa2, 0xac, 0x79, 0x3c, 0xdf
    db 0x75, 0x14, 0xa0, 0x3d, 0x79, 0xa8, 0x08, 0x74
    db 0x0d, 0x8b, 0x36, 0xbb, 0x79, 0x8b, 0x16, 0xf3
    db 0x78, 0x2b, 0xf2, 0xe8, 0xc5, 0x36, 0xe9, 0xfe
    db 0xfd, 0xe8, 0x53, 0xfa, 0xeb, 0xd8, 0x8b, 0x36
    db 0x3f, 0x79, 0x81, 0xe6, 0xff, 0x00, 0x0b, 0xf6
    db 0x75, 0x03, 0xbe, 0x05, 0x00, 0x4e, 0x4e, 0x56
    db 0xbe, 0x02, 0x00, 0x56, 0x8b, 0x36, 0xd7, 0x78
    db 0x46, 0x56, 0x8b, 0x36, 0xd9, 0x78, 0x56, 0xe8
    db 0xc6, 0x0b, 0xc3, 0xe8, 0xd9, 0xd1, 0xb2, 0x5d
    db 0x6b, 0xb2, 0xe1, 0x4e, 0x18, 0x0a, 0x78, 0x00
    db 0xa4, 0x21, 0x05, 0x74, 0xbe, 0x7c, 0xd5, 0x1e
    db 0x00, 0xc3, 0x50, 0x53, 0x8a, 0xd4, 0x80, 0xf2
    db 0xff, 0x88, 0x16, 0xee, 0x74, 0xc6, 0x06, 0xe9
    db 0x74, 0x00, 0x8b, 0x1e, 0xd7, 0x78, 0x89, 0x1e
    db 0xea, 0x74, 0x8b, 0x1e, 0xf5, 0x78, 0x89, 0x1e
    db 0xec, 0x74, 0xd0, 0x1e, 0xee, 0x74, 0x73, 0x1a
    db 0x8b, 0x1e, 0xfb, 0x78, 0x3b, 0x1e, 0xec, 0x74
    db 0x74, 0x10, 0xe8, 0x03, 0x02, 0xe8, 0x89, 0x00
    db 0x80, 0xe3, 0x04, 0x74, 0x05, 0x80, 0x0e, 0xe9
    db 0x74, 0x01, 0xd0, 0x1e, 0xee, 0x74, 0x73, 0x1c
    db 0x8b, 0x1e, 0xdd, 0x78, 0x3b, 0x1e, 0xea, 0x74
    db 0x74, 0x12, 0xe8, 0x8e, 0x00, 0x8a, 0xf8, 0xe8
    db 0x67, 0x00, 0x80, 0xe3, 0x08, 0x74, 0x05, 0x80
    db 0x0e, 0xe9, 0x74, 0x02, 0xd0, 0x1e, 0xee, 0x74
    db 0x73, 0x1a, 0x8b, 0x1e, 0xfd, 0x78, 0x3b, 0x1e
    db 0xec, 0x74, 0x74, 0x10, 0xe8, 0x70, 0x01, 0xe8
    db 0x47, 0x00, 0x80, 0xe3, 0x01, 0x74, 0x05, 0x80
    db 0x0e, 0xe9, 0x74, 0x04, 0xd0, 0x1e, 0xee, 0x74
    db 0x73, 0x1c, 0x8b, 0x1e, 0xdb, 0x78, 0x3b, 0x1e
    db 0xea, 0x74, 0x74, 0x12, 0xe8, 0xde, 0x00, 0x8a
    db 0xf8, 0xe8, 0x25, 0x00, 0x80, 0xe3, 0x02, 0x74
    db 0x05, 0x80, 0x0e, 0xe9, 0x74, 0x08, 0x5b, 0x58
    db 0xa0, 0xe9, 0x74, 0x0a, 0xdb, 0x75, 0x0f, 0x0a
    db 0xc0, 0x75, 0x0b, 0xb0, 0x0a, 0x80, 0xe4, 0x0a
    db 0x74, 0x01, 0xc3, 0xb0, 0x05, 0xc3, 0x0a, 0xc4
    db 0xc3, 0xbe, 0xff, 0x2d, 0xb3, 0x00, 0x80, 0xef
    db 0xc0, 0x80, 0xff, 0x0a, 0x7f, 0x14, 0x80, 0xc7
    db 0xc0, 0x46, 0x46, 0x2e, 0x8a, 0x1c, 0x0a, 0xdb
    db 0x74, 0x08, 0x3a, 0xdf, 0x75, 0xf3, 0x46, 0x2e
    db 0x8a, 0x1c, 0xc3, 0xe8, 0x8c, 0x09, 0x72, 0x24
    db 0xa2, 0xef, 0x74, 0xe8, 0x84, 0x09, 0x73, 0x08
    db 0xa0, 0xef, 0x74, 0xe8, 0xc0, 0x09, 0xeb, 0x14
    db 0xa2, 0xf0, 0x74, 0x3c, 0xee, 0x74, 0x10, 0xe8
    db 0xb4, 0x09, 0xa0, 0xef, 0x74, 0xe8, 0xae, 0x09
    db 0xa0, 0xf0, 0x74, 0xc3, 0xb0, 0x00, 0xc3, 0xe8
    db 0x60, 0x09, 0xa2, 0xf1, 0x74, 0xe8, 0x5a, 0x09
    db 0xa2, 0xf2, 0x74, 0xe8, 0x54, 0x09, 0xa2, 0xf3
    db 0x74, 0xe8, 0x4e, 0x09, 0xa2, 0xf4, 0x74, 0xe8
    db 0x48, 0x09, 0xa2, 0xf5, 0x74, 0xe8, 0x42, 0x09
    db 0xa2, 0xf6, 0x74, 0x8b, 0x36, 0xf1, 0x74, 0x3b
    db 0x36, 0xf3, 0x74, 0xb0, 0x00, 0x72, 0x03, 0xa0
    db 0xf6, 0x74, 0x50, 0xa0, 0xf6, 0x74, 0xe8, 0x6d
    db 0x09, 0xa0, 0xf5, 0x74, 0xe8, 0x67, 0x09, 0xa0
    db 0xf4, 0x74, 0xe8, 0x61, 0x09, 0xa0, 0xf3, 0x74
    db 0xe8, 0x5b, 0x09, 0xa0, 0xf2, 0x74, 0xe8, 0x55
    db 0x09, 0xa0, 0xf1, 0x74, 0xe8, 0x4f, 0x09, 0xa0
    db 0xf0, 0x74, 0xe8, 0x49, 0x09, 0xa0, 0xef, 0x74
    db 0xe8, 0x43, 0x09, 0x58, 0xc3, 0xe8, 0x1c, 0x09
    db 0x72, 0x92, 0x3c, 0xee, 0x74, 0x06, 0x50, 0xe8
    db 0x67, 0x09, 0x58, 0xc3, 0xa2, 0xef, 0x74, 0xe8
    db 0x0a, 0x09, 0xa2, 0xf0, 0x74, 0xe8, 0x04, 0x09
    db 0xa2, 0xf1, 0x74, 0xe8, 0xfe, 0x08, 0xa2, 0xf2
    db 0x74, 0xe8, 0xf8, 0x08, 0xa2, 0xf3, 0x74, 0xe8
    db 0xf2, 0x08, 0xa2, 0xf4, 0x74, 0xe8, 0xec, 0x08
    db 0xa2, 0xf5, 0x74, 0x8b, 0x36, 0xf0, 0x74, 0x3b
    db 0x36, 0xf2, 0x74, 0xb0, 0x00, 0x72, 0x03, 0xa0
    db 0xf5, 0x74, 0x50, 0xa0, 0xf5, 0x74, 0xe8, 0x28
    db 0x09, 0xa0, 0xf4, 0x74, 0xe8, 0x22, 0x09, 0xa0
    db 0xf3, 0x74, 0xe8, 0x1c, 0x09, 0xa0, 0xf2, 0x74
    db 0xe8, 0x16, 0x09, 0xa0, 0xf1, 0x74, 0xe8, 0x10
    db 0x09, 0xa0, 0xf0, 0x74, 0xe8, 0x0a, 0x09, 0xa0
    db 0xef, 0x74, 0xe8, 0x04, 0x09, 0x58, 0xc3, 0x8b
    db 0x36, 0xf3, 0x78, 0x56, 0xc6, 0x06, 0x94, 0x79
    db 0x12, 0xc6, 0x06, 0x41, 0x79, 0xff, 0x32, 0xc0
    db 0xa2, 0x43, 0x79, 0xbe, 0xec, 0x79, 0x80, 0x0c
    db 0x08, 0xe8, 0xdb, 0x20, 0xe8, 0xe4, 0xfd, 0x8a
    db 0x3e, 0xaa, 0x79, 0x53, 0xc6, 0x06, 0x94, 0x79
    db 0x13, 0xc6, 0x06, 0x41, 0x79, 0xff, 0x32, 0xc0
    db 0xa2, 0x43, 0x79, 0xbe, 0xec, 0x79, 0x80, 0x0c
    db 0x08, 0xe8, 0xbb, 0x20, 0xe8, 0xc4, 0xfd, 0x5b
    db 0x5e, 0x3b, 0x36, 0xf3, 0x78, 0x74, 0x08, 0x53
    db 0xe8, 0xe3, 0x14, 0xe8, 0xb5, 0xfd, 0x5b, 0xc3
    db 0x8b, 0x36, 0xf3, 0x78, 0x56, 0xc6, 0x06, 0x94
    db 0x79, 0x13, 0xc6, 0x06, 0x41, 0x79, 0xff, 0x32
    db 0xc0, 0xa2, 0x43, 0x79, 0xbe, 0xec, 0x79, 0x80
    db 0x0c, 0x08, 0xe8, 0x8a, 0x20, 0xe8, 0x93, 0xfd
    db 0x8a, 0x3e, 0xaa, 0x79, 0x53, 0xc6, 0x06, 0x94
    db 0x79, 0x12, 0xc6, 0x06, 0x41, 0x79, 0xff, 0x32
    db 0xc0, 0xa2, 0x43, 0x79, 0xbe, 0xec, 0x79, 0x80
    db 0x0c, 0x08, 0xe8, 0x6a, 0x20, 0xe8, 0x73, 0xfd
    db 0x5b, 0x5e, 0xeb, 0xad, 0x00, 0x58, 0x9e, 0xa8
    db 0x10, 0x75, 0x01, 0xc3, 0xeb, 0x78, 0xe8, 0x3e
    db 0xcf, 0x16, 0x4c, 0x02, 0x5e, 0x0c, 0x98, 0x0c
    db 0x50, 0x04, 0x98, 0x05, 0x2c, 0x82, 0xf5, 0x1c
    db 0x08, 0x02, 0x1c, 0x62, 0xeb, 0x62, 0xfe, 0x4c
    db 0x02, 0x16, 0x1a, 0x1c, 0x00, 0xe8, 0x72, 0x02
    db 0xe8, 0x75, 0x04, 0xc3, 0x16, 0x46, 0xf4, 0x82
    db 0x1d, 0x81, 0xe6, 0x00, 0xff, 0x3c, 0x08, 0x8b
    db 0xc6, 0xa2, 0x4e, 0x7a, 0x74, 0x03, 0xe9, 0x8e
    db 0x01, 0xe8, 0x03, 0xcf, 0xa2, 0x61, 0x06, 0xb2
    db 0x65, 0x2a, 0x82, 0x37, 0x00, 0x58, 0x9e, 0xa8
    db 0x02, 0x8b, 0x16, 0x3d, 0x79, 0x75, 0x22, 0x80
    db 0xe2, 0xfe, 0xa0, 0x93, 0x79, 0x3c, 0xee, 0x74
    db 0x0f, 0x3c, 0xf0, 0x73, 0x04, 0x3c, 0xe0, 0x73
    db 0x07, 0xa0, 0x3e, 0x79, 0x3c, 0x00, 0x75, 0x0b
    db 0xe8, 0xd4, 0xce, 0x18, 0x1c, 0x46, 0xff, 0x2c
    db 0x02, 0x32, 0xc0, 0xe8, 0x5c, 0x00, 0xe8, 0xc6
    db 0xce, 0x86, 0x55, 0x62, 0xeb, 0x62, 0xfe, 0x6e
    db 0x22, 0xa4, 0x42, 0x06, 0x0c, 0x82, 0x04, 0x46
    db 0xf4, 0xae, 0xe3, 0xbe, 0x00, 0x8b, 0x36, 0xf7
    db 0x78, 0x5a, 0x2b, 0xf2, 0x9f, 0x50, 0xe8, 0x93
    db 0x1c, 0x58, 0x9e, 0x74, 0x03, 0xe9, 0x7d, 0xff
    db 0xe8, 0x7d, 0x01, 0xe8, 0x05, 0x01, 0xe8, 0x96
    db 0xce, 0xa2, 0xe3, 0x0d, 0xb0, 0xe3, 0xee, 0x98
    db 0x0c, 0xa2, 0xe3, 0x05, 0x58, 0xe3, 0xb2, 0x5d
    db 0x6b, 0x82, 0x05, 0xb2, 0xb3, 0x0d, 0x00, 0xe8
    db 0xa2, 0xf6, 0xa0, 0x4e, 0x7a, 0x0a, 0xc0, 0x74
    db 0x01, 0xc3, 0x5e, 0xe9, 0x8b, 0x22, 0x00, 0xe9
    db 0x2c, 0xff, 0x9f, 0x50, 0x32, 0xc0, 0xa2, 0x8d
    db 0x81, 0xbe, 0x8f, 0x81, 0x88, 0x14, 0x46, 0x8a
    db 0xc2, 0x3c, 0xf7, 0x75, 0x0d, 0x56, 0xba, 0x90
    db 0x81, 0x2b, 0xf2, 0x74, 0x06, 0x5e, 0xc6, 0x04
    db 0x20, 0x46, 0x56, 0xe8, 0x9d, 0x27, 0x8a, 0xc2
    db 0x3c, 0xff, 0x75, 0x68, 0x5e, 0xba, 0x90, 0x81
    db 0x2b, 0xf2, 0x74, 0x55, 0x03, 0xf2, 0xa0, 0x3d
    db 0x79, 0x0a, 0xc0, 0x74, 0x3a, 0xa8, 0x04, 0x74
    db 0x04, 0xc6, 0x04, 0xf5, 0x46, 0xa8, 0x08, 0x74
    db 0x0d, 0x8b, 0x16, 0x8d, 0x81, 0xf6, 0xc2, 0x01
    db 0x75, 0x04, 0xc6, 0x04, 0x20, 0x46, 0xa8, 0x01
    db 0x74, 0x04, 0xc6, 0x04, 0xf1, 0x46, 0xa8, 0x10
    db 0x74, 0x05, 0xc7, 0x04, 0xf9, 0x00, 0x46, 0xa8
    db 0x20, 0x74, 0x04, 0xc6, 0x04, 0xfb, 0x46, 0xa8
    db 0x40, 0x74, 0x04, 0xc6, 0x04, 0xfd, 0x46, 0xba
    db 0x90, 0x81, 0x2b, 0xf2, 0x74, 0x0b, 0x46, 0x89
    db 0x36, 0x8d, 0x81, 0xbe, 0xf1, 0x77, 0x80, 0x0c
    db 0x04, 0x58, 0x9e, 0x75, 0x01, 0xc3, 0xe8, 0xde
    db 0xcd, 0x7e, 0x20, 0x02, 0xe8, 0x1b, 0x27, 0x8a
    db 0xc2, 0x3c, 0xe0, 0x72, 0x29, 0x3c, 0xe6, 0x73
    db 0x07, 0xb0, 0xff, 0xa2, 0x8d, 0x81, 0xeb, 0x1e
    db 0x3c, 0xee, 0x75, 0x1a, 0xe8, 0xc0, 0xcd, 0xa2
    db 0x02, 0x13, 0x74, 0xef, 0x6c, 0xf1, 0x94, 0x0c
    db 0x40, 0x00, 0x5a, 0x5e, 0xe8, 0x3a, 0xcf, 0xe9
    db 0x60, 0xff, 0x00, 0xe9, 0x5d, 0xff, 0x8a, 0xea
    db 0xe8, 0xd8, 0xf0, 0x8a, 0xd5, 0x3c, 0x70, 0x75
    db 0x03, 0xe9, 0x4f, 0xff, 0x5e, 0xe9, 0x34, 0xff
    db 0xe8, 0xdb, 0x26, 0xe8, 0xe1, 0x26, 0xa8, 0x10
    db 0x74, 0x01, 0xc3, 0xa8, 0x20, 0x8a, 0xc2, 0x75
    db 0x06, 0x3c, 0xe8, 0x75, 0x06, 0xeb, 0xe9, 0x3c
    db 0xf5, 0x75, 0xe5, 0xe8, 0xbc, 0x26, 0xc3, 0xe8
    db 0x75, 0xcd, 0xa2, 0x61, 0x19, 0x9a, 0x16, 0x1a
    db 0xb2, 0x5d, 0x6b, 0x4e, 0x02, 0x2a, 0x5e, 0x02
    db 0x7e, 0x0c, 0x98, 0x06, 0x22, 0x00, 0xeb, 0x34
    db 0x00, 0xeb, 0x2e, 0x00, 0xb0, 0xea, 0xe8, 0x78
    db 0x06, 0xb1, 0x02, 0x8b, 0x16, 0xf3, 0x78, 0x42
    db 0x8b, 0x36, 0xf7, 0x78, 0x56, 0xe8, 0xa1, 0x26
    db 0x8b, 0x36, 0xf7, 0x78, 0x5a, 0x2b, 0xf2, 0x9f
    db 0x50, 0xe8, 0x19, 0x1b, 0x58, 0x9e, 0x74, 0x03
    db 0xe9, 0x12, 0xfe, 0xe8, 0x12, 0x00, 0xe8, 0x4b
    db 0x36, 0xe8, 0x50, 0xf5, 0xa0, 0x4e, 0x7a, 0x0a
    db 0xc0, 0x74, 0x01, 0xc3, 0x5e, 0xe9, 0x87, 0x21
    db 0xa0, 0x9e, 0x79, 0x9f, 0x50, 0xa0, 0xd5, 0x78
    db 0xa8, 0x01, 0x74, 0x26, 0xe8, 0xcb, 0x68, 0xba
    db 0xec, 0x04, 0x2b, 0xf2, 0x72, 0x1c, 0xe8, 0xe7
    db 0x2c, 0xbe, 0xf9, 0x78, 0x8a, 0x04, 0xc6, 0x04
    db 0x00, 0x3c, 0x01, 0x75, 0x05, 0xe8, 0x3f, 0xdd
    db 0xeb, 0x03, 0xe8, 0xb7, 0xd7, 0xe8, 0xda, 0x2c
    db 0xeb, 0x05, 0x32, 0xc0, 0xa2, 0x9e, 0x79, 0x8b
    db 0x36, 0x12, 0x79, 0x56, 0x89, 0x36, 0x63, 0x7a
    db 0xe8, 0x1c, 0x00, 0x8b, 0x36, 0x63, 0x7a, 0x89
    db 0x36, 0xc4, 0x79, 0xe8, 0xd1, 0xcc, 0x42, 0x6c
    db 0xef, 0x8e, 0x07, 0xa8, 0xf3, 0xe8, 0x64, 0xe8
    db 0x00, 0x58, 0x9e, 0xa2, 0x9e, 0x79, 0xc3, 0xe8
    db 0x92, 0xd2, 0xb2, 0xeb, 0xb1, 0x23, 0xe8, 0x10
    db 0x26, 0xe8, 0xb3, 0xcc, 0x18, 0xb2, 0x2e, 0x08
    db 0x1e, 0x02, 0xe8, 0x8b, 0xff, 0xbe, 0x3c, 0x79
    db 0x80, 0x24, 0xfb, 0xc3, 0xe8, 0x4b, 0x05, 0x72
    db 0x0f, 0xe8, 0xbd, 0x05, 0xeb, 0xf6, 0x8b, 0x36
    db 0xf4, 0x79, 0xd1, 0xee, 0x89, 0x36, 0xf4, 0x79
    db 0xc3, 0x5e, 0x5e, 0x8b, 0x36, 0xf4, 0x79, 0xc3
    db 0x59, 0x5e, 0x2e, 0x8a, 0x34, 0x46, 0x56, 0x51
    db 0x87, 0xd6, 0xff, 0xe6, 0xe8, 0x20, 0x01, 0x49
    db 0xeb, 0x04, 0xe8, 0x1a, 0x01, 0x41, 0x89, 0x0c
    db 0x46, 0xc3, 0x8a, 0xc2, 0x59, 0x5e, 0x2e, 0x8b
    db 0x14, 0x83, 0xc6, 0x02, 0x56, 0x51, 0x87, 0xd6
    db 0xe8, 0x5d, 0x5f, 0xc3, 0xe8, 0x00, 0x01, 0x5e
    db 0x5e, 0x51, 0xe9, 0x8c, 0x02, 0x32, 0xc0, 0xeb
    db 0x02, 0xb0, 0x01, 0xe8, 0xf1, 0x00, 0x5a, 0x5a
    db 0x59, 0x88, 0x0c, 0x0a, 0xc0, 0x74, 0x03, 0x46
    db 0x88, 0x2c, 0x87, 0xd6, 0xe9, 0x72, 0x02, 0xe8
    db 0xdd, 0x00, 0x87, 0xd6, 0x13, 0xf1, 0xeb, 0x14
    db 0x5e, 0x5a, 0x59, 0x52, 0x56, 0x8b, 0x36, 0xf4
    db 0x79, 0x0a, 0xc0, 0xeb, 0x05, 0xe8, 0xc7, 0x00
    db 0x87, 0xd6, 0x1b, 0xf1, 0xe8, 0x4b, 0x02, 0x89
    db 0x36, 0xf4, 0x79, 0xc3, 0xe8, 0xb8, 0x00, 0x88
    db 0x14, 0xc3, 0xe8, 0xb2, 0x00, 0x59, 0x5a, 0x8b
    db 0xda, 0x2e, 0x8a, 0x07, 0x42, 0x52, 0x51, 0x88
    db 0x04, 0xc3, 0xe8, 0xa2, 0x00, 0x89, 0x14, 0x46
    db 0xc3, 0xe8, 0x9b, 0x00, 0x8b, 0xf1, 0xeb, 0xd7
    db 0x59, 0x5e, 0x2e, 0x8a, 0x34, 0x46, 0x56, 0x51
    db 0x87, 0xd6, 0xeb, 0xcb, 0xe8, 0x88, 0x00, 0x5a
    db 0x59, 0x8b, 0xd9, 0x2e, 0x8a, 0x07, 0x41, 0x51
    db 0x52, 0xb4, 0x00, 0x89, 0x04, 0x46, 0xc3, 0xf6
    db 0xc2, 0x80, 0x74, 0x02, 0xb6, 0xff, 0x8b, 0x36
    db 0xf4, 0x79, 0x13, 0xf2, 0xeb, 0xa6, 0xe8, 0x66
    db 0x00, 0x5a, 0x5b, 0x43, 0x53, 0x52, 0x4b, 0x8b
    db 0xcb, 0x2e, 0x8a, 0x07, 0x8a, 0xd0, 0x8b, 0xde
    db 0x8a, 0x1c, 0x8b, 0xf3, 0xe9, 0xd3, 0x01, 0xb0
    db 0x00, 0xeb, 0x02, 0xb0, 0x01, 0xe8, 0x47, 0x00
    db 0x5a, 0x5b, 0x43, 0x53, 0x52, 0x4b, 0x9f, 0x50
    db 0x2e, 0x8a, 0x07, 0x8a, 0xd0, 0xb6, 0x00, 0x8b
    db 0xcb, 0x56, 0xe8, 0x32, 0x00, 0x5e, 0x88, 0x0c
    db 0x58, 0x9e, 0xfe, 0xc8, 0x78, 0x03, 0x46, 0x88
    db 0x2c, 0xc3, 0x59, 0x5e, 0x2e, 0x8a, 0x34, 0x46
    db 0x2e, 0x8b, 0x0c, 0x83, 0xc6, 0x02, 0x56, 0xbe
    db 0x79, 0x38, 0x56, 0x51, 0x8a, 0xc6, 0xb6, 0x00
    db 0xe8, 0x0c, 0x00, 0x51, 0x8a, 0xd0, 0xb6, 0x00
    db 0xe8, 0x04, 0x00, 0x8b, 0xd1, 0x5e, 0xc3, 0xbe
    db 0xd5, 0x78, 0x03, 0xf2, 0x8b, 0x0c, 0x8b, 0x16
    db 0xf4, 0x79, 0x0a, 0xc0, 0xc3, 0x5e, 0x5e, 0x8b
    db 0x16, 0xf4, 0x79, 0x52, 0xe9, 0x7a, 0x01, 0x5e
    db 0x5e, 0x5a, 0x89, 0x16, 0xf4, 0x79, 0xe9, 0x70
    db 0x01, 0xb1, 0x02, 0x8b, 0x16, 0xf3, 0x78, 0x42
    db 0xe9, 0x86, 0x24, 0xb1, 0x12, 0x8b, 0x16, 0xf3
    db 0x78, 0x4a, 0xe9, 0x7c, 0x24, 0xe8, 0x50, 0xe3
    db 0xa0, 0x3b, 0x79, 0xa8, 0x02, 0x74, 0x05, 0xb0
    db 0x05, 0xa2, 0x09, 0x79, 0xe9, 0x50, 0x05, 0xb0
    db 0xea, 0xe9, 0x2d, 0x04, 0xb0, 0xff, 0xe9, 0x28
    db 0x04, 0xb0, 0xff, 0xe9, 0xf0, 0x03, 0xb2, 0x01
    db 0xeb, 0x02, 0xb2, 0x02, 0xb1, 0x17, 0xe9, 0x50
    db 0x24, 0xb1, 0x15, 0xe9, 0x4b, 0x24, 0x52, 0xe8
    db 0x71, 0x0d, 0x5a, 0x8a, 0xc2, 0xe9, 0x1a, 0x0d
    db 0xb2, 0x01, 0xb1, 0x05, 0xe9, 0x3a, 0x24, 0xb1
    db 0x85, 0xe9, 0x35, 0x24, 0xb2, 0xff, 0xb1, 0x11
    db 0xe8, 0x2e, 0x24, 0xa8, 0x10, 0x75, 0x44, 0xe8
    db 0xd0, 0xff, 0xb2, 0xff, 0xb1, 0x01, 0xe8, 0x20
    db 0x24, 0xa8, 0x10, 0x75, 0x36, 0xe9, 0x8c, 0x03
    db 0xb1, 0x01, 0xe9, 0x14, 0x24, 0xb1, 0x11, 0xe9
    db 0x0f, 0x24, 0xb2, 0x01, 0xb1, 0x07, 0xe9, 0x08
    db 0x24, 0xb2, 0x00, 0xb1, 0x00, 0xe9, 0x01, 0x24
    db 0xe8, 0xf4, 0xf2, 0xe9, 0x5b, 0xf5, 0xa0, 0x93
    db 0x79, 0x8a, 0xd0, 0xe9, 0xdc, 0x23, 0xa0, 0x93
    db 0x79, 0x8a, 0xd0, 0xe9, 0xd8, 0x23, 0xb0, 0x82
    db 0xa2, 0xa6, 0x79, 0xc3, 0xa0, 0x3b, 0x79, 0xa8
    db 0x10, 0x74, 0xf8, 0xeb, 0x67, 0xa0, 0x8a, 0x79
    db 0xa8, 0x40, 0x75, 0x60, 0xc3, 0xa0, 0x8a, 0x79
    db 0xa8, 0x40, 0x74, 0x58, 0xc3, 0xa0, 0x8a, 0x79
    db 0xa8, 0xc0, 0x75, 0x50, 0xc3, 0xa0, 0x8a, 0x79
    db 0xa8, 0xc0, 0x74, 0x48, 0xc3, 0xa0, 0x8a, 0x79
    db 0xa8, 0x80, 0x74, 0x40, 0xc3, 0xa0, 0x8a, 0x79
    db 0xa8, 0x80, 0x75, 0x38, 0xc3, 0xa0, 0x3b, 0x79
    db 0xa8, 0x10, 0x74, 0x30, 0xc3, 0xa0, 0x3b, 0x79
    db 0xa8, 0x02, 0x74, 0x28, 0xc3, 0xa0, 0x3b, 0x79
    db 0xa8, 0x08, 0x75, 0x20, 0xc3, 0x8b, 0x36, 0x09
    db 0x79, 0x83, 0xfe, 0x00, 0x75, 0x16, 0xc3, 0x8b
    db 0x36, 0x12, 0x79, 0x8b, 0x0e, 0xf3, 0x78, 0x2b
    db 0xf1, 0x73, 0x09, 0xc3, 0xa0, 0x3b, 0x79, 0xa8
    db 0x02, 0x75, 0x01, 0xc3, 0xb6, 0x00, 0xf6, 0xc2
    db 0x80, 0x74, 0x02, 0xfe, 0xce, 0x83, 0xea, 0x02
    db 0x59, 0x5e, 0x03, 0xf2, 0xe9, 0x42, 0x00, 0xa0
    db 0xd5, 0x78, 0x22, 0xc2, 0xeb, 0x34, 0xa0, 0x3d
    db 0x79, 0x22, 0xc2, 0xeb, 0x2d, 0xa0, 0x3b, 0x79
    db 0x22, 0xc2, 0xeb, 0x26, 0xa0, 0x93, 0x79, 0x3c
    db 0xe9, 0x75, 0x1f, 0x8b, 0x36, 0xc4, 0x79, 0xeb
    db 0x11, 0xa0, 0x93, 0x79, 0x3c, 0xef, 0x75, 0x12
    db 0x8b, 0x36, 0xc4, 0x79, 0xeb, 0x04, 0x8b, 0x36
    db 0x93, 0x79, 0x81, 0xe6, 0xff, 0x00, 0xb6, 0x00
    db 0x2b, 0xf2, 0x9f, 0x88, 0x26, 0x8a, 0x79, 0xc3
    db 0x5e, 0x2e, 0x8a, 0x04, 0x46, 0x8a, 0xc8, 0x3c
    db 0x44, 0x90, 0x90, 0x72, 0x08, 0x2e, 0x8a, 0x04
    db 0x8a, 0xd0, 0xb6, 0x00, 0x46, 0x56, 0xbe, 0xa4
    db 0x38, 0xb5, 0x00, 0x03, 0xf1, 0x2e, 0x8b, 0x34
    db 0xb9, 0x79, 0x38, 0x51, 0xff, 0xe6, 0x06, 0x00
    db 0x00, 0x00, 0x01, 0xb3, 0x35, 0xb2, 0x35, 0x9d
    db 0x35, 0xa7, 0x35, 0xaf, 0x37, 0x0a, 0x37, 0x14
    db 0x37, 0x0e, 0x6a, 0x0a, 0x6a, 0x11, 0x36, 0x30
    db 0x37, 0x3a, 0x37, 0x35, 0x37, 0x43, 0x37, 0x73
    db 0x37, 0x65, 0x37, 0x7d, 0x5b, 0xfa, 0x2c, 0x1e
    db 0x37, 0x92, 0x37, 0x0d, 0x3b, 0x90, 0x5b, 0x94
    db 0x5b, 0x9f, 0x37, 0xa7, 0x37, 0x8b, 0x37, 0x59
    db 0x37, 0x3f, 0x37, 0xc4, 0x44, 0x2b, 0x62, 0x21
    db 0x62, 0x99, 0x37, 0xf6, 0x36, 0x00, 0x37, 0x81
    db 0x37, 0x86, 0x37, 0x45, 0x37, 0x60, 0x37, 0x4a
    db 0x37, 0x5b, 0x37, 0x38, 0x38, 0x3f, 0x38, 0x46
    db 0x38, 0x11, 0x04, 0x21, 0x04, 0x19, 0x04, 0x67
    db 0x38, 0x4d, 0x38, 0x5a, 0x38, 0x2f, 0x3b, 0x83
    db 0x5b, 0xcb, 0x35, 0xc5, 0x35, 0x08, 0x36, 0x1e
    db 0x36, 0xe5, 0x35, 0xee, 0x35, 0xf2, 0x35, 0x4a
    db 0x36, 0x2d, 0x36, 0x59, 0x36, 0x70, 0x36, 0x43
    db 0x36, 0x87, 0x5b, 0x4f, 0x37, 0x25, 0x38, 0x06
    db 0x38, 0x10, 0x38, 0x1d, 0x38, 0xf6, 0x37, 0xee
    db 0x37, 0xbe, 0x37, 0xde, 0x37, 0xd6, 0x37, 0xce
    db 0x37, 0xe6, 0x37, 0xc6, 0x37, 0xb5, 0x37, 0xfe
    db 0x37, 0xf9, 0x03, 0xff, 0x03, 0x0b, 0x04, 0x05
    db 0x04, 0x51, 0x36, 0x33, 0x36, 0x5d, 0x36, 0x9c
    db 0x36, 0x98, 0x36, 0x7f, 0x36, 0xb9, 0x35, 0xc3
    db 0x36, 0xd3, 0x35, 0xe8, 0x04, 0x00, 0x5e, 0xe9
    db 0x45, 0x1d, 0xe8, 0xda, 0xc8, 0xa4, 0xc7, 0x4e
    db 0xa4, 0x43, 0x09, 0x14, 0x62, 0xeb, 0x5a, 0x43
    db 0x02, 0x16, 0x00, 0xa0, 0x99, 0x79, 0x34, 0x01
    db 0x8a, 0xd0, 0x34, 0x01, 0x24, 0x01, 0xd0, 0xc0
    db 0xd0, 0xc0, 0xd0, 0xc0, 0xd0, 0xc0, 0xfe, 0xc0
    db 0x8a, 0xc8, 0x51, 0xe8, 0x0b, 0x22, 0x59, 0xb0
    db 0x10, 0x32, 0xc1, 0x04, 0x0a, 0x8a, 0xc8, 0x51
    db 0xe8, 0xfe, 0x21, 0x59, 0xb0, 0x10, 0x22, 0xc1
    db 0x8a, 0xc8, 0xfe, 0xc1, 0xb2, 0xff, 0xe8, 0xf0
    db 0x21, 0xe8, 0x93, 0xc8, 0x58, 0x22, 0x58, 0x43
    db 0x1a, 0x1c, 0x22, 0x02
normalize_redraw_flag_bits_C688_39B5:
    db 0xf6, 0xc2, 0x40    ; test dl,0x40
    jnz loc_39BD
loc_39BA:
    db 0x80, 0xe2, 0xc0    ; and dl,0xc0
loc_39BD:
    db 0xc3    ; ret
save_and_normalize_redraw_flags_C688_39BE:
    db 0xbe, 0xe0, 0x79    ; mov si,0x79e0
    db 0x89, 0x16, 0x69, 0x79    ; mov [0x7969],dx
    jmp loc_39BA
    db 0x51, 0x8b, 0x16, 0x50, 0x7a, 0xf6, 0xc2, 0x40
    db 0x74, 0x09, 0xc7, 0x06, 0x79, 0x6d, 0xcf, 0x39
    db 0xe9, 0xdc, 0xc7, 0x8b, 0x36, 0xeb, 0x78, 0xf7
    db 0xc6, 0x40, 0x00, 0x75, 0x08, 0xb9, 0x7c, 0x00
    db 0x03, 0xf1, 0x26, 0x89, 0x14, 0x8b, 0x36, 0xed
    db 0x78, 0xf7, 0xc6, 0x40, 0x00, 0x75, 0x08, 0xb9
    db 0x7e, 0x00, 0x03, 0xf1, 0x26, 0x89, 0x14, 0x52
    db 0xe8, 0xb3, 0xff, 0xbe, 0x7c, 0x00, 0x03, 0xf2
    db 0x52, 0x8b, 0x0e, 0xe9, 0x78, 0x8b, 0x16, 0xe7
    db 0x78, 0x26, 0x89, 0x0c, 0x83, 0xc6, 0x02, 0x26
    db 0x89, 0x14, 0x5e, 0x26, 0x8b, 0x14, 0x87, 0xd6
    db 0x89, 0x36, 0x50, 0x7a, 0x8b, 0x36, 0x54, 0x7a
    db 0x4e, 0x89, 0x36, 0x54, 0x7a, 0x8b, 0x36, 0xe3
    db 0x78, 0x46, 0x89, 0x36, 0xe3, 0x78, 0x5e, 0x59
    db 0xc3, 0xf6, 0xc2, 0x40, 0x74, 0x03, 0xb0, 0xfe
    db 0xc3, 0x51, 0x56, 0x8b, 0x36, 0x50, 0x7a, 0x87
    db 0xd6, 0x26, 0x89, 0x14, 0x87, 0xd6, 0x8b, 0x36
    db 0xeb, 0x78, 0x2b, 0xf2, 0x74, 0x2e, 0x8b, 0x36
    db 0xe9, 0x78, 0x89, 0x36, 0x50, 0x7a, 0xbe, 0x7c
    db 0x00, 0x03, 0xf2, 0x26, 0x8b, 0x14, 0x46, 0x89
    db 0x16, 0xe9, 0x78, 0xb0, 0x01, 0xe8, 0x46, 0xff
    db 0x89, 0x16, 0xed, 0x78, 0x8b, 0x0e, 0xeb, 0x78
    db 0x52, 0x32, 0xc0, 0xf6, 0xc2, 0x40, 0x74, 0x32
    db 0xb0, 0xfe, 0xeb, 0x2e, 0x8b, 0x36, 0xe7, 0x78
    db 0x89, 0x36, 0x50, 0x7a, 0xbe, 0x7e, 0x00, 0x03
    db 0xf2, 0x26, 0x8b, 0x14, 0x46, 0x89, 0x16, 0xe7
    db 0x78, 0x32, 0xc0, 0xe8, 0x18, 0xff, 0x89, 0x16
    db 0xeb, 0x78, 0x52, 0xb0, 0x7b, 0xf6, 0xc2, 0x40
    db 0x74, 0x02, 0xb0, 0xfe, 0x8b, 0xca, 0x8b, 0x16
    db 0xed, 0x78, 0xbe, 0x7c, 0x00, 0xf6, 0xc1, 0x40
    db 0x75, 0x0a, 0x03, 0xf1, 0x8b, 0x0e, 0xe9, 0x78
    db 0x26, 0x89, 0x0c, 0x46, 0xf6, 0xc2, 0x40, 0x75
    db 0x0d, 0xbe, 0x7e, 0x00, 0x03, 0xf2, 0x8b, 0x0e
    db 0xe7, 0x78, 0x26, 0x89, 0x0c, 0x46, 0x8b, 0x36
    db 0x54, 0x7a, 0x46, 0x89, 0x36, 0x54, 0x7a, 0x8b
    db 0x36, 0xe3, 0x78, 0x4e, 0x89, 0x36, 0xe3, 0x78
    db 0x5a, 0x5e, 0x59, 0xc3, 0xbb, 0xf1, 0x78, 0x8a
    db 0x07, 0xfe, 0xc0, 0x3c, 0x7c, 0x8b, 0x16, 0xed
    db 0x78, 0x73, 0x0a, 0x88, 0x07, 0x02, 0xd0, 0x8b
    db 0xf2, 0x26, 0x8a, 0x04, 0xc3, 0x87, 0xde, 0xe8
    db 0x2f, 0xff, 0x87, 0xde, 0xeb, 0xed, 0xbb, 0xef
    db 0x78, 0x8a, 0x07, 0xfe, 0xc8, 0x8b, 0x16, 0xeb
    db 0x78, 0x78, 0x0a, 0x88, 0x07, 0x02, 0xd0, 0x8b
    db 0xf2, 0x26, 0x8a, 0x04, 0xc3, 0xb0, 0xfe, 0x87
    db 0xde, 0xe8, 0x0d, 0xff, 0x87, 0xde, 0xeb, 0xeb
    db 0xbe, 0xf1, 0x78, 0x8a, 0x14, 0xfe, 0x0c, 0x0a
    db 0xd2, 0x8b, 0x1e, 0xed, 0x78, 0x78, 0x06, 0x02
    db 0xda, 0x26, 0x88, 0x07, 0xc3, 0x50, 0xb0, 0x01
    db 0xe8, 0x7d, 0xfe, 0x89, 0x36, 0xe9, 0x78, 0x89
    db 0x16, 0xed, 0x78, 0x87, 0xd6, 0xb2, 0x7b, 0xbb
    db 0xf1, 0x78, 0x88, 0x17, 0xfe, 0x0f, 0x87, 0xde
    db 0x58, 0xeb, 0xdc, 0xbe, 0xef, 0x78, 0x8a, 0x14
    db 0xfe, 0x04, 0x80, 0xfa, 0x7c, 0x73, 0x0a, 0x8b
    db 0x1e, 0xeb, 0x78, 0x02, 0xda, 0x26, 0x88, 0x07
    db 0xc3, 0x50, 0x32, 0xc0, 0xe8, 0x49, 0xfe, 0x89
    db 0x36, 0xe7, 0x78, 0x89, 0x16, 0xeb, 0x78, 0x32
    db 0xd2, 0xbe, 0xef, 0x78, 0x88, 0x14, 0xfe, 0x04
    db 0x58, 0xeb, 0xdc, 0xe8, 0xa3, 0xfe, 0xeb, 0x0f
    db 0xbb, 0xf1, 0x78, 0x8a, 0x07, 0xfe, 0xc0, 0x3c
    db 0x7c, 0x8b, 0x16, 0xed, 0x78, 0x73, 0xec, 0x88
    db 0x07, 0x02, 0xd0, 0x8b, 0xf2, 0x26, 0x8a, 0x14
    db 0x72, 0x16, 0xbe, 0xef, 0x78, 0x8a, 0x04, 0xfe
    db 0x04, 0x3c, 0x7c, 0x73, 0x0c, 0x8b, 0x1e, 0xeb
    db 0x78, 0x02, 0xd8, 0x26, 0x88, 0x17, 0x8a, 0xc2
    db 0xc3, 0x52, 0xe8, 0xfb, 0xfd, 0x32, 0xc0, 0x89
    db 0x36, 0xe7, 0x78, 0x89, 0x16, 0xeb, 0x78, 0xc6
    db 0x06, 0xef, 0x78, 0x01, 0x5a, 0xeb, 0xde, 0xbb
    db 0xef, 0x78, 0x8a, 0x07, 0xfe, 0xc8, 0x8b, 0x16
    db 0xeb, 0x78, 0x79, 0x05, 0xb0, 0xfe, 0xe8, 0x48
    db 0xfe, 0x88, 0x07, 0x02, 0xd0, 0x8b, 0xf2, 0x26
    db 0x8a, 0x14, 0x72, 0x2c, 0xbe, 0xf1, 0x78, 0x8a
    db 0x04, 0xfe, 0x0c, 0x0a, 0xc0, 0x8b, 0x1e, 0xed
    db 0x78, 0x79, 0x16, 0x52, 0xe8, 0xb9, 0xfd, 0x89
    db 0x36, 0xe9, 0x78, 0x89, 0x16, 0xed, 0x78, 0xb0
    db 0x7b, 0xc6, 0x06, 0xf1, 0x78, 0x7a, 0x8b, 0xda
    db 0x5a, 0x02, 0xd8, 0x26, 0x88, 0x17, 0x8a, 0xc2
    db 0xc3, 0xc3
renderer_descriptor_type0a_C688_3C29:
    db 0xb0, 0x0a    ; mov al,0x0a
renderer_descriptor_from_stack_C688_3C2B:
    db 0x59    ; pop cx
    db 0xbe, 0x00, 0x00    ; mov si,0
    db 0x89, 0x36, 0x41, 0x77    ; mov [0x7741],si
    jmp loc_3C3E
renderer_descriptor_type03_C688_3C35:
    db 0xb0, 0x03    ; mov al,0x03
    db 0x59    ; pop cx
    db 0x5e    ; pop si
    db 0x89, 0x36, 0x41, 0x77    ; mov [0x7741],si
    db 0x5e    ; pop si
loc_3C3E:
    db 0x89, 0x36, 0x43, 0x77    ; mov [0x7743],si
    db 0xa2, 0x45, 0x77    ; mov [0x7745],al
    db 0x5e    ; pop si
    db 0x89, 0x36, 0x39, 0x77    ; mov [0x7739],si
    db 0x5e    ; pop si
    db 0x89, 0x36, 0x3b, 0x77    ; mov [0x773b],si
    db 0x5e    ; pop si
    db 0x89, 0x36, 0x3d, 0x77    ; mov [0x773d],si
    db 0x5e    ; pop si
    db 0x89, 0x36, 0x3f, 0x77    ; mov [0x773f],si
    db 0x51    ; push cx
    db 0x8b, 0xc6    ; mov ax,si
    db 0xf6, 0xc4, 0x80    ; test ah,0x80
    jz loc_3C62
    db 0xc3    ; ret
loc_3C62:
    db 0x83, 0xfe, 0x00    ; cmp si,0
    jnz renderer_descriptor_flush_C688_3C68
    db 0xc3    ; ret
renderer_descriptor_flush_C688_3C68:
    db 0xa0, 0x56, 0x7a    ; mov al,[0x7a56]
    db 0xa8, 0x01    ; test al,0x01
    jz loc_3C70
    db 0xc3    ; ret
loc_3C70:
    db 0xb0, 0x05    ; mov al,0x05
    db 0xa2, 0x1d, 0x77    ; mov [0x771d],al
    db 0xbe, 0x32, 0x77    ; mov si,0x7732
    db 0x89, 0x36, 0x1b, 0x77    ; mov [0x771b],si
    call renderer_service_tail_C688_6BAA
    db 0xc3    ; ret
    db 0x8b, 0x1e, 0x09, 0x79, 0x8a, 0xc3, 0x0a, 0xc0
    db 0x75, 0x02, 0xfe, 0xc0, 0xa2, 0x9d, 0x79, 0xa0
    db 0x56, 0x7a, 0xa8, 0x01, 0x74, 0x01, 0xc3, 0xa0
    db 0x90, 0x79, 0x0a, 0xc0, 0x74, 0x01, 0xc3, 0xfe
    db 0xc3, 0x53, 0xbe, 0x02, 0x00, 0x56, 0x8b, 0x36
    db 0xd7, 0x78, 0x4e, 0x56, 0x8b, 0x36, 0xd9, 0x78
    db 0x56, 0xe8, 0x75, 0xff, 0xa0, 0xd5, 0x78, 0xa8
    db 0x01, 0x74, 0x15, 0xa8, 0x40, 0x75, 0x11, 0xbe
    db 0x02, 0x00, 0x89, 0x36, 0x3d, 0x77, 0xbe, 0x00
    db 0x00, 0x89, 0x36, 0x39, 0x77, 0xe8, 0xda, 0x2e
    db 0xc3, 0xe9, 0xbc, 0x00, 0xe9, 0x74, 0x01, 0x56
    db 0x52, 0x9f, 0x50, 0xe8, 0x30, 0x2d, 0x58, 0x9e
    db 0xa2, 0x5e, 0x79, 0x5a, 0x5e, 0x52, 0x8b, 0xde
    db 0x32, 0xc0, 0x02, 0xc7, 0x78, 0xe3, 0x0a, 0xc3
    db 0x74, 0xe2, 0x83, 0xfe, 0x00, 0x74, 0x40, 0xf7
    db 0xc6, 0x00, 0x80, 0x75, 0x3a, 0x56, 0x8b, 0x36
    db 0xf5, 0x78, 0x56, 0xb1, 0x05, 0xb2, 0x03, 0xe8
    db 0x90, 0x1e, 0xa8, 0x10, 0xb2, 0x0c, 0x74, 0x03
    db 0xe8, 0x70, 0x1e, 0x5a, 0x8b, 0x36, 0xf5, 0x78
    db 0x2b, 0xf2, 0x74, 0x02, 0x73, 0x08, 0x8b, 0x16
    db 0xfd, 0x78, 0x42, 0x42, 0x03, 0xf2, 0x87, 0xd6
    db 0x5e, 0xa0, 0x5e, 0x79, 0x0a, 0xc0, 0x74, 0x04
    db 0x2b, 0xf2, 0xeb, 0xbe, 0x4e, 0xeb, 0xbb, 0x5a
    db 0xb0, 0x01, 0x8b, 0x36, 0xf3, 0x78, 0x2b, 0xf2
    db 0x79, 0x27, 0x8b, 0x36, 0x0e, 0x79, 0x8b, 0xde
    db 0xfe, 0xcb, 0x8b, 0x36, 0xf3, 0x78, 0x74, 0x2d
    db 0x50, 0x52, 0x42, 0xb1, 0x02, 0xe8, 0x42, 0x1e
    db 0xa8, 0x02, 0x5a, 0x5e, 0x8b, 0xc6, 0x75, 0x0a
    db 0x0a, 0xc0, 0x74, 0x05, 0xb1, 0x12, 0xe8, 0x31
    db 0x1e, 0xc3, 0xc6, 0x06, 0x0e, 0x79, 0x01, 0xc7
    db 0x06, 0x2c, 0x79, 0xff, 0x7f, 0x8b, 0x36, 0xf3
    db 0x78, 0x89, 0x36, 0x2a, 0x79, 0x89, 0x16, 0xf3
    db 0x78, 0x87, 0xd6, 0x2b, 0xf2, 0x8b, 0x16, 0xd7
    db 0x78, 0x03, 0xf2, 0x89, 0x36, 0xd7, 0x78, 0xc3
    db 0x56, 0xa0, 0x3c, 0x79, 0xa8, 0x04, 0x74, 0x07
    db 0xa0, 0x99, 0x79, 0xa8, 0x01, 0x74, 0x06, 0xbe
    db 0x5e, 0x79, 0x80, 0x0c, 0x02, 0xeb, 0x01, 0x56
    db 0x8b, 0x36, 0xf5, 0x78, 0x56, 0xbe, 0x5e, 0x79
    db 0xf6, 0x04, 0x02, 0x74, 0x39, 0xb2, 0x03, 0xb1
    db 0x05, 0xe8, 0xde, 0x1d, 0xa8, 0x10, 0x75, 0x2e
    db 0x8b, 0x16, 0x12, 0x79, 0x42, 0xb1, 0x02, 0xe8
    db 0xd0, 0x1d, 0x50, 0xb2, 0x03, 0xb1, 0x15, 0xe8
    db 0xc8, 0x1d, 0x5b, 0x86, 0xfb, 0x8b, 0xf3, 0x8b
    db 0xde, 0xf6, 0xc7, 0x10, 0x75, 0x09, 0xbe, 0x5e
    db 0x79, 0x80, 0x24, 0xfd, 0xeb, 0x08, 0x90, 0xa8
    db 0x08, 0x75, 0x03, 0xe8, 0xa6, 0x1d, 0xb1, 0x15
    db 0xb2, 0x03, 0xe8, 0xa5, 0x1d, 0x5e, 0x50, 0xa8
    db 0x10, 0x75, 0x23, 0xb0, 0xe9, 0x3a, 0xc2, 0x75
    db 0x1d, 0xa0, 0xc4, 0x79, 0x3c, 0x0c, 0x75, 0x16
    db 0xe8, 0x89, 0x1d, 0x58, 0xa0, 0xd5, 0x78, 0xa8
    db 0x04, 0x74, 0x95, 0xe8, 0x6d, 0x1d, 0x5e, 0x5e
    db 0xb0, 0x82, 0xa2, 0xa6, 0x79, 0xc3, 0x58, 0x8b
    db 0x16, 0xf5, 0x78, 0x2b, 0xf2, 0x74, 0x02, 0x73
    db 0x08, 0x8b, 0x16, 0xfd, 0x78, 0x42, 0x42, 0x03
    db 0xf2, 0x87, 0xd6, 0x8b, 0x36, 0x5e, 0x79, 0xf7
    db 0xc6, 0x01, 0x00, 0x75, 0x03, 0xba, 0x01, 0x00
    db 0x5e, 0xa8, 0x10, 0x75, 0x13, 0x0a, 0xc0, 0x13
    db 0xf2, 0x78, 0x0a, 0xb1, 0x17, 0xb2, 0x03, 0xe8
    db 0x48, 0x1d, 0xe9, 0xe2, 0xfe, 0xe9, 0x4f, 0xff
    db 0xbe, 0xa1, 0x79, 0x80, 0x0c, 0x04, 0xe9, 0xd6
    db 0xfe, 0x15, 0x17, 0xf0, 0x1f, 0x1e, 0x19, 0x16
    db 0xe2, 0xe3, 0xe0, 0xe1, 0xfc, 0xfb, 0xf4, 0x11
    db 0xda, 0xfe, 0x12, 0x14, 0x10, 0xdc, 0xdd, 0xde
    db 0xdf, 0xf9, 0x13, 0x0e, 0x0f, 0xfd, 0x1a, 0x52
    db 0x56, 0x50, 0xe8, 0x66, 0xfc, 0xa2, 0x99, 0x79
    db 0x58, 0xb9, 0x1f, 0x00, 0xbe, 0x7e, 0x3e, 0x2e
    db 0x3a, 0x04, 0x74, 0x09, 0x4e, 0xe2, 0xf8, 0xeb
    db 0x05, 0xe9, 0x8a, 0x01, 0xc3, 0x49, 0x5e, 0x5a
    db 0x8a, 0xe8, 0x8a, 0xc1, 0x0a, 0xc0, 0x74, 0xf4
    db 0x3c, 0x0f, 0x73, 0xed, 0x3c, 0x02, 0x74, 0x23
    db 0x3c, 0x01, 0x74, 0x22, 0x50, 0xe8, 0x5f, 0x11
    db 0x58, 0xb6, 0x00, 0x3c, 0x0a, 0x73, 0x7d, 0x3c
    db 0x08, 0x73, 0x16, 0xfe, 0xc8, 0x02, 0xc0, 0x8a
    db 0xd0, 0xbe, 0x18, 0x40, 0x03, 0xf2, 0x2e, 0x8b
    db 0x14, 0xff, 0xe2, 0xe9, 0x5a, 0x0c, 0xe9, 0xa2
    db 0x01, 0x50, 0xe8, 0xa4, 0x13, 0x58, 0x3c, 0x08
    db 0x74, 0x12, 0xa0, 0xe5, 0x78, 0x50, 0xe8, 0x30
    db 0x0d, 0x8b, 0x1e, 0xe5, 0x78, 0xb7, 0xed, 0x8b
    db 0xf3, 0xeb, 0x10, 0x90, 0xa0, 0x3e, 0x79, 0x50
    db 0xe8, 0xdc, 0x0c, 0x8b, 0x1e, 0x3e, 0x79, 0xb7
    db 0xec, 0x8b, 0xf3, 0x56, 0xb0, 0xea, 0xe8, 0x59
    db 0xfc, 0xe8, 0x88, 0x1c, 0x8a, 0xc2, 0x3c, 0xeb
    db 0x59, 0x74, 0x1f, 0x51, 0x3a, 0xc5, 0x74, 0x05
    db 0xe8, 0x68, 0x1c, 0xeb, 0xec, 0x3c, 0xed, 0xbe
    db 0xe5, 0x78, 0x74, 0x03, 0xbe, 0x3e, 0x79, 0x59
    db 0x58, 0x88, 0x0c, 0xa0, 0xc4, 0x79, 0x50, 0x51
    db 0xeb, 0xd7, 0x58, 0xe8, 0x16, 0x23, 0xe8, 0x48
    db 0x13, 0xe9, 0xad, 0x00, 0x8a, 0xd0, 0xbe, 0x02
    db 0x40, 0x03, 0xf2, 0x2e, 0x8a, 0x2c, 0xba, 0x06
    db 0x00, 0x90, 0x03, 0xf2, 0x2e, 0x8a, 0x0c, 0x51
    db 0x8a, 0xc5, 0x3c, 0xfa, 0x72, 0x20, 0x34, 0x06
    db 0x24, 0x06, 0xd0, 0xc0, 0xd0, 0xc0, 0xd0, 0xc0
    db 0xd0, 0xc0, 0x8b, 0x36, 0x3d, 0x79, 0x8b, 0xde
    db 0x22, 0xc3, 0x74, 0x0a, 0x8a, 0xc8, 0x8a, 0xc5
    db 0x34, 0x06, 0x8a, 0xe8, 0x5e, 0x51, 0xe8, 0x55
    db 0x10, 0x5e, 0x51, 0x56, 0xb0, 0xea, 0xe8, 0xe1
    db 0xfb, 0xe8, 0x10, 0x1c, 0x8a, 0xc2, 0x3c, 0xeb
    db 0x59, 0x74, 0x54, 0x51, 0x24, 0xfe, 0x3c, 0xfa
    db 0x72, 0x29, 0x3a, 0xc5, 0x74, 0x25, 0x34, 0x06
    db 0x3a, 0xc5, 0x75, 0x3e, 0x34, 0x06, 0x24, 0x06
    db 0xd0, 0xc0, 0xd0, 0xc0, 0xd0, 0xc0, 0xd0, 0xc0
    db 0x59, 0x5e, 0x8a, 0xf0, 0xf6, 0xd0, 0x8b, 0xde
    db 0x22, 0xc3, 0xf6, 0xc2, 0x01, 0x75, 0x19, 0x0a
    db 0xc6, 0xeb, 0x15, 0x3a, 0xc5, 0x75, 0x1b, 0x59
    db 0x5e, 0x8a, 0xc1, 0xf6, 0xd0, 0x8b, 0xde, 0x22
    db 0xc3, 0xf6, 0xc2, 0x01, 0x75, 0x02, 0x0a, 0xc1
    db 0x8b, 0xde, 0x8a, 0xd8, 0x8b, 0xf3, 0x56, 0x51
    db 0xeb, 0xa7, 0xe8, 0xa6, 0x1b, 0xeb, 0xa2, 0x59
    db 0x80, 0xcd, 0x02, 0x80, 0xc9, 0x02, 0xe8, 0x05
    db 0x10, 0xe8, 0x54, 0xc2, 0x2a, 0x9a, 0x19, 0xa2
    db 0xa1, 0x0e, 0x5c, 0xea, 0x8e, 0x11, 0x5c, 0xf5
    db 0x8e, 0x0d, 0x30, 0x82, 0xf1, 0x5c, 0xec, 0x8e
    db 0xfb, 0x5c, 0xed, 0x8e, 0xf7, 0x2e, 0x56, 0x63
    db 0xa8, 0xc4, 0xeb, 0x02, 0xf8, 0xf6, 0xfa, 0xfc
    db 0xf0, 0xf4, 0x10, 0x08, 0x20, 0x40, 0x01, 0x04
    db 0x30, 0x4b, 0x30, 0x4b, 0xa2, 0x04, 0x93, 0x04
    db 0x98, 0x04, 0x9d, 0x04, 0x1e, 0x33, 0x8a, 0xc5
    db 0xff, 0xe6, 0xc3, 0xe8, 0x12, 0xc2, 0xa2, 0x42
    db 0x0b, 0xa4, 0x02, 0x08, 0x2a, 0x30, 0xa4, 0x42
    db 0xfe, 0x00, 0xbe, 0xec, 0x79, 0xb2, 0x20, 0xa0
    db 0x3b, 0x79, 0x50, 0xa0, 0x5e, 0x79, 0xa8, 0x01
    db 0xb0, 0xf4, 0x75, 0x03, 0xe8, 0x34, 0xc2, 0x58
    db 0xa8, 0x02, 0x74, 0xd6, 0xb0, 0x20, 0xb6, 0x00
    db 0xe8, 0x9a, 0x5e, 0xe8, 0xe2, 0xc1, 0x2c, 0x9a
    db 0x09, 0x5c, 0xf1, 0x8e, 0x04, 0x30, 0x02, 0x2e
    db 0x00, 0x5e, 0xe9, 0xed, 0x15, 0xc3, 0xa0, 0x3c
    db 0x79, 0xa8, 0x04, 0x75, 0xf8, 0xe9, 0x50, 0xf4
    db 0xe9, 0xef, 0x08, 0xa0, 0x3c, 0x79, 0xa8, 0x04
    db 0x74, 0xf6, 0xe8, 0xab, 0x0a, 0xa0, 0x3c, 0x79
    db 0xa8, 0x04, 0x74, 0x07, 0xe8, 0xd4, 0xf8, 0xb0
    db 0x62, 0xeb, 0x0c, 0xe8, 0xd4, 0x08, 0xa0, 0xa6
    db 0x79, 0x3c, 0x66, 0x75, 0x08, 0xb0, 0x6c, 0xa2
    db 0xa6, 0x79, 0xe9, 0xc5, 0x08, 0xc3, 0xa0, 0x90
    db 0x79, 0x24, 0x01, 0x74, 0xf8, 0xa0, 0xd5, 0x78
    db 0xa8, 0x01, 0x74, 0xf1, 0xa0, 0x29, 0x82, 0xa8
    db 0x01, 0x75, 0xea, 0xbe, 0x90, 0x79, 0x8a, 0x04
    db 0x24, 0x01, 0x34, 0x01, 0x88, 0x04, 0x74, 0x04
    db 0xe8, 0x05, 0x00, 0xc3, 0xe8, 0x2b, 0xec, 0xc3
    db 0xa0, 0x17, 0x77, 0x50, 0xe8, 0x69, 0xc1, 0x6e
    db 0x06, 0x6e, 0x0a, 0x6e, 0x08, 0x6e, 0x0c, 0x6e
    db 0x04, 0x6e, 0x02, 0xaa, 0x06, 0x23, 0xaa, 0xd7
    db 0x00, 0xaa, 0x0a, 0x06, 0xaa, 0x0c, 0x3b, 0x6e
    db 0xcc, 0x58, 0x06, 0x56, 0x00, 0xb0, 0xbb, 0x01
    db 0x94, 0x07, 0x74, 0x2c, 0x06, 0x7c, 0xd7, 0xa8
    db 0xbb, 0x01, 0x00, 0xc7, 0x06, 0x28, 0x7f, 0xff
    db 0x06, 0xc7, 0x06, 0x2a, 0x7f, 0x00, 0x00, 0xc7
    db 0x06, 0x2c, 0x7f, 0x20, 0x00, 0x8b, 0x36, 0xa4
    db 0x79, 0x46, 0x46, 0x89, 0x36, 0x2e, 0x7f, 0x8b
    db 0x36, 0xa2, 0x79, 0x89, 0x36, 0x30, 0x7f, 0xbe
    db 0x00, 0x00, 0x89, 0x36, 0x32, 0x7f, 0x89, 0x36
    db 0x34, 0x7f, 0x89, 0x36, 0x36, 0x7f, 0xc7, 0x06
    db 0x37, 0x7f, 0xff, 0x12, 0xb0, 0x02, 0xa2, 0x39
    db 0x7f, 0xbe, 0x3a, 0x7f, 0x89, 0x36, 0xe2, 0x79
    db 0xe8, 0x41, 0x2a, 0xe8, 0xf2, 0xc0, 0x3a, 0x6e
    db 0xba, 0xa8, 0xba, 0x04, 0x78, 0x00, 0xb2, 0x90
    db 0x41, 0x74, 0xd7, 0x6c, 0x2c, 0x96, 0xf9, 0x70
    db 0xba, 0x00, 0xa0, 0x8f, 0x79, 0xc7, 0x06, 0x28
    db 0x7f, 0xff, 0x12, 0xa2, 0x2a, 0x7f, 0xbe, 0x2b
    db 0x7f, 0x89, 0x36, 0xe2, 0x79, 0xe8, 0x14, 0x2a
    db 0xe8, 0xc5, 0xc0, 0x72, 0xcc, 0x72, 0x02, 0x72
    db 0x04, 0x72, 0x0c, 0x72, 0x08, 0x72, 0x0a, 0x72
    db 0x06, 0x3a, 0x00, 0x58, 0xa2, 0x17, 0x77, 0xc3
    db 0xe8, 0xad, 0xc0, 0x7a, 0x00, 0x8e, 0x1c, 0x74
    db 0x24, 0x6a, 0x41, 0x06, 0x06, 0x7a, 0x12, 0x6a
    db 0x06, 0x7c, 0x06, 0xa6, 0xdf, 0x01, 0x6c, 0x06
    db 0x90, 0x09, 0xac, 0xd7, 0x2c, 0xa8, 0xbb, 0x03
    db 0x02, 0x74, 0x0a, 0x6a, 0x20, 0x6c, 0xd7, 0x7c
    db 0x04, 0x74, 0xcf, 0x6a, 0xd7, 0x6c, 0x2c, 0x96
    db 0x08, 0x40, 0x74, 0x0c, 0x12, 0x7c, 0x0c, 0x74
    db 0x06, 0x6a, 0x24, 0x7a, 0x44, 0x7c, 0x08, 0x74
    db 0x24, 0x6a, 0x41, 0x06, 0x06, 0x6a, 0x06, 0x7a
    db 0x12, 0x40, 0xa6, 0xdf, 0x01, 0x12, 0x90, 0x18
    db 0xa8, 0xbb, 0x03, 0x7c, 0x02, 0x6a, 0x02, 0x6a
    db 0x02, 0x6a, 0x02, 0x6a, 0x08, 0x7c, 0x08, 0x6c
    db 0x06, 0x90, 0x05, 0xac, 0x08, 0x06, 0x74, 0x06
    db 0x6a, 0x1e, 0x7c, 0x02, 0x3a, 0xb2, 0x07, 0x2d
    db 0x74, 0xcf, 0x6a, 0xd7, 0x7c, 0xd7, 0x78, 0x01
    db 0x40, 0x6e, 0xcf, 0x74, 0x06, 0x7a, 0xff, 0x40
    db 0x6e, 0x0a, 0x78, 0x00, 0x40, 0x40, 0x00, 0xb0
    db 0x0f, 0xe8, 0x1b, 0xfa, 0xe8, 0x21, 0xc0, 0x74
    db 0x24, 0x6a, 0x41, 0x06, 0x06, 0x6a, 0x06, 0x00
    db 0x87, 0xd6, 0xbe, 0xdf, 0x01, 0x2b, 0xf2, 0x89
    db 0x16, 0x3b, 0x77, 0x72, 0x03, 0xe8, 0x72, 0x29
    db 0xc3
quarter_width_helper_C688_4239:
    db 0xd1, 0xee    ; shr si,1
    db 0xd1, 0xee    ; shr si,1
    db 0xc3    ; ret
    db 0xc3, 0xe8, 0x3f, 0xc6, 0xb0, 0x06, 0xe8, 0xb5
    db 0x0d, 0xe8, 0x1b, 0xe8, 0xc3, 0xc3, 0xe8, 0xf1
    db 0xbf, 0x0e, 0x4e, 0x02, 0x00, 0xb0, 0x02, 0xe8
    db 0xa4, 0x0d, 0xe8, 0xe5, 0xbf, 0x2c, 0x9a, 0x0b
    db 0x5c, 0xdb, 0x8e, 0x07, 0x5c, 0x0c, 0x8e, 0x03
    db 0x30, 0x22, 0x02, 0xe8, 0x15, 0xc6, 0xe8, 0xee
    db 0x28, 0xe8, 0xce, 0xbf, 0x6e, 0x1e, 0xb2, 0xe1
    db 0x4e, 0xb2, 0xc7, 0x47, 0x56, 0x89, 0x2a, 0x9a
    db 0x0b, 0x5c, 0x20, 0x8e, 0xfb, 0x5c, 0xee, 0x8e
    db 0xf7, 0x2e, 0x00, 0x5e, 0x56, 0xe8, 0xaf, 0x5f
    db 0xbe, 0xec, 0x79, 0x80, 0x0c, 0x80, 0xe8, 0xfd
    db 0x1f, 0x51, 0xb5, 0x00, 0xe8, 0x69, 0x20, 0xe8
    db 0xa0, 0xbf, 0x18, 0x00, 0x59, 0x32, 0xc0, 0xe8
    db 0x5e, 0x20, 0xe8, 0x29, 0x05, 0xbe, 0x0d, 0x79
    db 0x8a, 0x04, 0x50, 0x80, 0x0c, 0x02, 0xb0, 0xc6
    db 0xb6, 0x00, 0xe8, 0x3a, 0x5c, 0x58, 0xa2, 0x0d
    db 0x79, 0x5a, 0x52, 0xbe, 0x01, 0x00, 0xe8, 0x10
    db 0xfa, 0x8b, 0x36, 0xf3, 0x78, 0x5a, 0x2b, 0xf2
    db 0x74, 0x07, 0x87, 0xd6, 0x72, 0x03, 0xe8, 0x54
    db 0xc8, 0xc3, 0xe8, 0x65, 0xbf, 0xa4, 0x03, 0x12
    db 0x4e, 0x02, 0x62, 0xeb, 0x9a, 0x04, 0x4c, 0x02
    db 0x1a, 0x62, 0xea, 0xb2, 0x1e, 0x33, 0x02, 0xe8
    db 0x50, 0xbf, 0x74, 0x1e, 0x6c, 0x3d, 0x92, 0x03
    db 0x02, 0x00, 0xe8, 0x14, 0x00, 0xe8, 0x73, 0xd7
    db 0xe8, 0x25, 0xea, 0xa0, 0x95, 0x79, 0x0a, 0xc0
    db 0x74, 0xe5, 0xe8, 0x6e, 0xea, 0xc3, 0xe9, 0x8a
    db 0x00, 0xe8, 0x2e, 0xbf, 0x56, 0x89, 0xb2, 0xd4
    db 0x47, 0xb2, 0xc7, 0x47, 0x74, 0x66, 0x16, 0xb2
    db 0x89, 0x43, 0x8a, 0x09, 0x1c, 0x4c, 0x02, 0x82
    db 0x03, 0x1c, 0x02, 0xb0, 0x66, 0x00, 0x8e, 0x33
    db 0xa4, 0x41, 0x31, 0x5c, 0xf4, 0x8e, 0x2c, 0xa4
    db 0x02, 0x22, 0xa4, 0x42, 0x1f, 0x5c, 0xee, 0x8e
    db 0x06, 0x5c, 0x20, 0x98, 0x16, 0x18, 0x1c, 0x46
    db 0xff, 0x2c, 0x76, 0x66, 0x8a, 0xc8, 0x2c, 0x76
    db 0x66, 0x5c, 0xee, 0x98, 0xc1, 0x58, 0xe3, 0x82
    db 0xbd, 0x1c, 0x76, 0x66, 0xb2, 0x74, 0x43, 0x82
    db 0xbd, 0x1c, 0x76, 0x66, 0xb2, 0x74, 0x43, 0x74
    db 0x66, 0x16, 0xb2, 0x89, 0x43, 0x88, 0xbc, 0xa4
    db 0x01, 0x05, 0x82, 0xef, 0x82, 0xb5, 0xb0, 0x08
    db 0x8b, 0xde, 0xb3, 0x01, 0x8b, 0xf3, 0xe8, 0xaf
    db 0xef, 0xe8, 0x52, 0x04, 0xe8, 0x42, 0x04, 0xe8
    db 0xe9, 0xd6, 0xc3, 0xe8, 0xb4, 0xbe, 0x40, 0x74
    db 0x1e, 0x6c, 0x3d, 0x42, 0x8e, 0x04, 0x0c, 0x02
    db 0x56, 0x21, 0x02, 0xe8, 0xa4, 0xbe, 0x88, 0x21
    db 0x74, 0x1e, 0x6c, 0x3d, 0x92, 0x12, 0xa2, 0x01
    db 0x08, 0xb2, 0x41, 0x0c, 0x88, 0x13, 0xb2, 0x41
    db 0x0c, 0x62, 0xeb, 0x1a, 0x82, 0x1e, 0xa4, 0x01
    db 0x09, 0xb2, 0x41, 0x0c, 0x88, 0x03, 0x0c, 0x62
    db 0xeb, 0x6e, 0x20, 0x6e, 0x2a, 0xb2, 0xc6, 0x0b
    db 0x74, 0x2a, 0x12, 0x42, 0x98, 0x08, 0x6c, 0x20
    db 0x98, 0x04, 0x82, 0x04, 0x4e, 0x02, 0xb2, 0xe2
    db 0x43, 0x62, 0xea, 0x58, 0x22, 0xb2, 0x1e, 0x33
    db 0xb2, 0xe2, 0x43, 0x02, 0xe8, 0x5b, 0xbe, 0x2c
    db 0x9a, 0x10, 0xa4, 0x42, 0x0d, 0xa2, 0xa1, 0x0a
    db 0x5c, 0xeb, 0x8e, 0x05, 0x2e, 0x82, 0xf2, 0x30
    db 0x02, 0xc3, 0xa0, 0x49, 0x7b, 0x0a, 0xc0, 0x74
    db 0x09, 0xe8, 0x3e, 0xbe, 0x3c, 0xb2, 0x05, 0x0d
    db 0x3a, 0x00, 0xe8, 0x35, 0xbe, 0x1a, 0xb2, 0x2c
    db 0xa2, 0xb2, 0xdf, 0x09, 0x3e, 0x02, 0xe9, 0xd8
    db 0x07, 0xe9, 0xcc, 0x5a, 0xe8, 0xde, 0x59, 0xba
    db 0x1c, 0x01, 0x2b, 0xf2, 0xc7, 0x06, 0xed, 0x75
    db 0x28, 0x7f, 0xe8, 0xdf, 0xca, 0xbe, 0x30, 0x30
    db 0x89, 0x36, 0x2b, 0x7f, 0xc7, 0x06, 0xed, 0x75
    db 0x28, 0x7f, 0xb5, 0x05, 0xe8, 0xdc, 0xca, 0x89
    db 0x36, 0xf9, 0x74, 0xc7, 0x06, 0xed, 0x75, 0x28
    db 0x7f, 0xb5, 0x04, 0xe8, 0xcd, 0xca, 0x89, 0x36
    db 0xfb, 0x74, 0xc7, 0x06, 0xed, 0x75, 0x28, 0x7f
    db 0xe8, 0xbe, 0xca, 0x89, 0x36, 0xfd, 0x74, 0xc3
    db 0xc3, 0xbe, 0x65, 0x7a, 0xb9, 0x6b, 0x00, 0x0a
    db 0xc0, 0x89, 0x36, 0x65, 0x79, 0x74, 0x56, 0x03
    db 0xf1, 0xfe, 0xc8, 0xeb, 0xf2, 0xa2, 0x9b, 0x79
    db 0xe8, 0xe6, 0xff, 0xbf, 0xd5, 0x78, 0x06, 0xbd
    db 0x00, 0x00, 0x8e, 0xc5, 0xfc, 0xf3, 0xa4, 0x07
    db 0x8b, 0xd7, 0x8b, 0x36, 0xdd, 0x78, 0x8b, 0x16
    db 0xdb, 0x78, 0x2b, 0xf2, 0x46, 0x89, 0x36, 0xa2
    db 0x79, 0x8b, 0x36, 0xe1, 0x78, 0x8b, 0x16, 0xdf
    db 0x78, 0x2b, 0xf2, 0x46, 0x46, 0x89, 0x36, 0xa4
    db 0x79, 0xa0, 0xd5, 0x78, 0x0a, 0xc0, 0x74, 0x0f
    db 0xa8, 0x01, 0xff, 0x36, 0xef, 0x75, 0x74, 0x03
    db 0xe8, 0x27, 0xca, 0x8f, 0x06, 0xef, 0x75, 0xc7
    db 0x06, 0xed, 0x75, 0x3b, 0x79, 0xc3, 0x8b, 0x3e
    db 0x65, 0x79, 0xbe, 0xd5, 0x78, 0xb9, 0x6b, 0x00
    db 0x06, 0xbd, 0x00, 0x00, 0x8e, 0xc5, 0xfc, 0xf3
    db 0xa4, 0x07, 0x8b, 0xd7, 0xc3, 0x87, 0xd6, 0x03
    db 0xf1, 0x56, 0xeb, 0x12, 0x89, 0x0e, 0x58, 0x79
    db 0x89, 0x36, 0x46, 0x79, 0x87, 0xd6, 0x03, 0xf1
    db 0x56, 0x4e, 0x89, 0x36, 0x5a, 0x79, 0x89, 0x0e
    db 0x2c, 0x77, 0x52, 0xa0, 0x56, 0x7a, 0xa8, 0x01
    db 0x74, 0x03, 0x5e, 0x5e, 0xc3, 0xe8, 0x3b, 0xd6
    db 0xbe, 0x0d, 0x79, 0x80, 0x24, 0xbf, 0x5e, 0x8b
    db 0x16, 0xf5, 0x78, 0x32, 0xc0, 0xa2, 0x30, 0x77
    db 0xa2, 0x31, 0x77, 0x2b, 0xf2, 0xb1, 0x04, 0x74
    db 0x15, 0x78, 0x13, 0x8b, 0xde, 0x8a, 0xc7, 0x0a
    db 0xc0, 0x75, 0x06, 0x8a, 0xc3, 0xfe, 0xc8, 0x74
    db 0x05, 0xe8, 0x7a, 0xd3, 0xeb, 0x25, 0xb1, 0x14
    db 0x87, 0xd6, 0xbe, 0x00, 0x00, 0x32, 0xc0, 0x2b
    db 0xf2, 0xe8, 0x6a, 0xd3, 0x8b, 0x36, 0xf6, 0x79
    db 0x8b, 0xde, 0x8a, 0xc7, 0x0a, 0xc0, 0x78, 0x0b
    db 0x0a, 0xc3, 0x74, 0x07, 0x8b, 0x16, 0x2c, 0x77
    db 0xe8, 0x2c, 0xd5, 0x8b, 0x16, 0xf6, 0x79, 0x8b
    db 0x36, 0x2c, 0x77, 0x03, 0xf2, 0x89, 0x16, 0x1b
    db 0x77, 0x89, 0x36, 0x2c, 0x77, 0x8b, 0x16, 0x54
    db 0x79, 0x8b, 0x36, 0x50, 0x79, 0x03, 0xf2, 0x89
    db 0x36, 0x52, 0x79, 0xbe, 0x00, 0x00, 0x89, 0x36
    db 0x6b, 0x79, 0x32, 0xc0, 0xa2, 0x1d, 0x77, 0xbe
    db 0x28, 0x7f, 0x89, 0x36, 0xe2, 0x79, 0xa0, 0x5e
    db 0x79, 0xa2, 0x9a, 0x79, 0xb1, 0x00, 0xe8, 0x15
    db 0xd3, 0xa0, 0x1d, 0x77, 0x0a, 0xc0, 0x74, 0x64
    db 0x8b, 0x16, 0xf6, 0x79, 0x8b, 0x36, 0x73, 0x79
    db 0x03, 0xf2, 0x72, 0x0e, 0x87, 0xd6, 0x8b, 0x36
    db 0xfd, 0x78, 0x2b, 0xf2, 0x8b, 0x36, 0xf6, 0x79
    db 0x79, 0x23, 0x8b, 0x36, 0x07, 0x79, 0x89, 0x36
    db 0x71, 0x79, 0x8b, 0x36, 0xf6, 0x79, 0xe8, 0x4b
    db 0xd5, 0x75, 0x12, 0x8b, 0x36, 0xfd, 0x78, 0x8b
    db 0x16, 0x73, 0x79, 0x46, 0x46, 0x46, 0x46, 0x2b
    db 0xf2, 0x8b, 0x16, 0xfb, 0x78, 0x89, 0x16, 0x73
    db 0x79, 0xa0, 0xa1, 0x79, 0xa8, 0x01, 0x74, 0x03
    db 0xbe, 0x02, 0x00, 0x8b, 0x16, 0x2c, 0x77, 0x03
    db 0xf2, 0x89, 0x36, 0x2c, 0x77, 0x42, 0x42, 0x32
    db 0xc0, 0x2b, 0xf2, 0x74, 0x2b, 0x78, 0x03, 0xe8
    db 0x85, 0xd4, 0xeb, 0x24, 0x8b, 0x36, 0x1b, 0x77
    db 0xf7, 0xc6, 0x00, 0x80, 0x74, 0x1a, 0xc6, 0x06
    db 0x1d, 0x77, 0x01, 0x8b, 0xde, 0x8a, 0xc3, 0xfe
    db 0xc0, 0x74, 0x0d, 0xa0, 0x5f, 0x79, 0xbe, 0x28
    db 0x7f, 0xe8, 0x2f, 0xd4, 0x89, 0x36, 0xe2, 0x79
    db 0xe8, 0xe9, 0xd4, 0x74, 0x43, 0xa0, 0xa1, 0x79
    db 0xa8, 0x01, 0x75, 0x3c, 0x8b, 0x36, 0x73, 0x79
    db 0xf7, 0xc6, 0x00, 0x80, 0x75, 0x35, 0x87, 0xd6
    db 0x8b, 0x36, 0xfd, 0x78, 0x2b, 0xf2, 0x79, 0x45
    db 0x56, 0x8b, 0xde, 0x8a, 0xc3, 0xfe, 0xc0, 0x75
    db 0x0a, 0x8b, 0x16, 0x2c, 0x77, 0xbe, 0x01, 0x00
    db 0xe8, 0x2c, 0xd4, 0x5a, 0x8b, 0x36, 0x01, 0x79
    db 0x8b, 0x0e, 0xfd, 0x78, 0x2b, 0xf1, 0x03, 0xf2
    db 0x8b, 0x16, 0x71, 0x79, 0x03, 0xf2, 0xeb, 0x30
    db 0xeb, 0x42, 0x90, 0x87, 0xd6, 0x8b, 0x36, 0x01
    db 0x79, 0x4e, 0x4e, 0x8b, 0x0e, 0xfd, 0x78, 0x2b
    db 0xf1, 0x0a, 0xc0, 0x13, 0xf2, 0x79, 0x2d, 0x8b
    db 0x36, 0x71, 0x79, 0xeb, 0x11, 0x8b, 0x16, 0x71
    db 0x79, 0x8b, 0x36, 0x73, 0x79, 0x2b, 0xf2, 0x79
    db 0x1b, 0x87, 0xd6, 0xbe, 0x00, 0x00, 0x2b, 0xf2
    db 0x87, 0xd6, 0x8b, 0x36, 0x2c, 0x77, 0x03, 0xf2
    db 0x89, 0x36, 0x2c, 0x77, 0x8b, 0x36, 0x71, 0x79
    db 0x89, 0x36, 0x73, 0x79, 0x8b, 0x36, 0x2c, 0x77
    db 0x8b, 0x16, 0x58, 0x79, 0x2b, 0xf2, 0xf7, 0xc6
    db 0x00, 0x80, 0x74, 0x0b, 0x46, 0x83, 0xfe, 0x00
    db 0x75, 0x77, 0xc6, 0x06, 0x30, 0x77, 0x01, 0x8b
    db 0x36, 0x2c, 0x77, 0x5a, 0x52, 0x32, 0xc0, 0x2b
    db 0xf2, 0x79, 0x66, 0x8b, 0xde, 0x80, 0xc3, 0x01
    db 0x8b, 0xf3, 0x75, 0x02, 0xfe, 0xc0, 0xa2, 0x31
    db 0x77, 0xe8, 0xa2, 0x24, 0x32, 0xc0, 0xbe, 0x0d
    db 0x79, 0xf6, 0x04, 0x40, 0x74, 0x55, 0x80, 0x24
    db 0xbf, 0x0a, 0xc0, 0x9f, 0x50, 0xbe, 0x28, 0x7f
    db 0x89, 0x36, 0xe2, 0x79, 0x75, 0x03, 0xe8, 0x68
    db 0xd4, 0x89, 0x36, 0xe2, 0x79, 0x8b, 0x0e, 0x60
    db 0x7a, 0xe8, 0x63, 0xd6, 0x8b, 0x36, 0xe2, 0x79
    db 0xba, 0x28, 0x7f, 0x32, 0xc0, 0xa2, 0x2b, 0x77
    db 0x2b, 0xf2, 0x89, 0x36, 0x27, 0x77, 0xb0, 0x05
    db 0xa2, 0x1d, 0x77, 0xbe, 0x24, 0x77, 0x89, 0x36
    db 0x1b, 0x77, 0x58, 0x9e, 0x50, 0x75, 0x03, 0xe8
    db 0x72, 0x24, 0x58, 0x9e, 0xeb, 0xb0, 0xe9, 0x46
    db 0xfe, 0xb0, 0xff, 0xa2, 0x4e, 0x79, 0xa2, 0x1d
    db 0x77, 0xeb, 0xa3, 0x8b, 0x36, 0x6b, 0x79, 0x8b
    db 0x16, 0x2c, 0x77, 0x03, 0xf2, 0x5a, 0x52, 0x32
    db 0xc0, 0xa2, 0x30, 0x77, 0x2b, 0xf2, 0x78, 0xde
    db 0x5a, 0x8b, 0x36, 0x2c, 0x77, 0x46, 0x46, 0x87
    db 0xd6, 0x2b, 0xf2, 0x74, 0x0d, 0x78, 0x0b, 0xa0
    db 0x5e, 0x79, 0xa2, 0x9a, 0x79, 0x74, 0x03, 0xe8
    db 0x0d, 0xd3, 0xe9, 0x00, 0xd3, 0xe8, 0xc2, 0xba
    db 0x5a, 0x24, 0x00, 0x5e, 0xe9, 0xd5, 0x0e, 0xe8
    db 0xb8, 0xba, 0xac, 0xe6, 0x1e, 0xac, 0xe8, 0x20
    db 0x02, 0xe8, 0xae, 0xba, 0x74, 0xe8, 0x6c, 0x20
    db 0x00, 0xb0, 0x01, 0xba, 0x00, 0x00, 0xe8, 0x38
    db 0xf5, 0xe8, 0x9e, 0xba, 0x74, 0x20, 0x6c, 0xe8
    db 0x8e, 0x15, 0x1a, 0x5e, 0x02, 0x8e, 0x06, 0x60
    db 0x04, 0x98, 0x0c, 0x4c, 0x02, 0x64, 0x0c, 0x74
    db 0x20, 0x6c, 0xe8, 0x96, 0xfa, 0x00, 0x8b, 0x16
    db 0xbb, 0x79, 0xbe, 0x00, 0x00, 0xe8, 0x11, 0xf5
    db 0xc3, 0xe8, 0x76, 0xba, 0xac, 0xd3, 0x2a, 0xac
    db 0xad, 0x20, 0xac, 0xab, 0x1e, 0x02, 0x81, 0xe6
    db 0x00, 0xff, 0x32, 0xc0, 0xa2, 0x5c, 0x79, 0xc3
    db 0xe8, 0x04, 0x00, 0x5e, 0xe9, 0x75, 0x0e, 0xe8
    db 0x58, 0xba, 0x5a, 0x86, 0x3e, 0x02, 0xa0, 0x42
    db 0x79, 0xa8, 0x10, 0x75, 0x21, 0xb0, 0xea, 0xbe
    db 0xf1, 0x77, 0xf6, 0x04, 0x40, 0x74, 0x1b, 0x80
    db 0x24, 0xbf, 0x80, 0x24, 0xf7, 0xf6, 0x04, 0x20
    db 0x75, 0x07, 0xa0, 0x42, 0x79, 0xa8, 0x02, 0x75
    db 0x06, 0xb0, 0x18, 0xe8, 0x8b, 0xc9, 0xc3, 0xeb
    db 0x2b, 0x90, 0x8b, 0x16, 0x41, 0x79, 0xf6, 0xc2
    db 0x08, 0x74, 0x13, 0xf6, 0x04, 0x20, 0x75, 0x0e
    db 0x3c, 0xea, 0x75, 0x0b, 0xa0, 0x3c, 0x79, 0x24
    db 0x03, 0x75, 0x03, 0xe8, 0xef, 0xc7, 0xc3, 0xb2
    db 0x00, 0xa0, 0x3c, 0x79, 0x22, 0xc2, 0x32, 0xc2
    db 0xe8, 0x7d, 0x21, 0xc3, 0xb0, 0x01, 0xa2, 0x94
    db 0x79, 0xc3, 0xe8, 0x2e, 0xe5, 0x3c, 0x0c, 0x74
    db 0x01, 0xc3, 0xb0, 0xff, 0xc3, 0x8b, 0x0e, 0xb6
    db 0x77, 0x0b, 0xc9, 0x75, 0x03, 0xe9, 0x02, 0x01
    db 0x49, 0x89, 0x0e, 0xe2, 0x79, 0xe8, 0xda, 0xb9
    db 0x80, 0x03, 0xac, 0x92, 0x18, 0x00, 0x8b, 0x36
    db 0xe9, 0x78, 0x89, 0x36, 0x69, 0x79, 0xf7, 0xc6
    db 0x40, 0x00, 0x74, 0x03, 0xe9, 0xde, 0x00, 0x8b
    db 0x36, 0xf1, 0x78, 0x8b, 0xde, 0xfe, 0xc3, 0x43
    db 0x8b, 0xf3, 0xba, 0x7c, 0x00, 0x2b, 0xf2, 0x73
    db 0x03, 0xeb, 0x08, 0x90, 0x56, 0xe8, 0x21, 0x00
    db 0x5e, 0xeb, 0xf2, 0x03, 0xf2, 0x8b, 0xce, 0x87
    db 0xd6, 0x2b, 0xf2, 0x87, 0xd6, 0x8b, 0x36, 0x67
    db 0x79, 0x8b, 0xde, 0xf6, 0xc3, 0x40, 0x74, 0x03
    db 0xe9, 0xaa, 0x00, 0x03, 0xf1, 0x8b, 0xca, 0xeb
    db 0x60, 0x8b, 0x36, 0x67, 0x79, 0xba, 0x7c, 0x00
    db 0x03, 0xf2, 0x26, 0x8b, 0x14, 0xa0, 0x0f, 0x79
    db 0xfe, 0xc0, 0x9f, 0x50, 0x52, 0x75, 0x15, 0x8b
    db 0x16, 0xed, 0x78, 0xe8, 0x64, 0xf1, 0x89, 0x16
    db 0xed, 0x78, 0xa2, 0xf1, 0x78, 0xbe, 0x00, 0x00
    db 0x89, 0x36, 0xb6, 0x77, 0x5a, 0x89, 0x16, 0x69
    db 0x79, 0x58, 0x9e, 0x75, 0x04, 0x89, 0x16, 0xe9
    db 0x78, 0xe8, 0xc3, 0xf0, 0x89, 0x16, 0x67, 0x79
    db 0xba, 0x7c, 0x00, 0xc3, 0xe8, 0x43, 0xb9, 0x80
    db 0x03, 0x00, 0x8b, 0x16, 0x69, 0x79, 0xe8, 0xae
    db 0xf0, 0xe8, 0xad, 0xff, 0x8b, 0xca, 0x8b, 0x36
    db 0x67, 0x79, 0x8b, 0xde, 0xf6, 0xc3, 0x40, 0x75
    db 0x44, 0xba, 0x29, 0x80, 0x89, 0x16, 0xac, 0x79
    db 0x8b, 0xfa, 0x51, 0x8c, 0xdd, 0x8c, 0xc2, 0x8e
    db 0xc5, 0x8e, 0xda, 0xfc, 0xf3, 0xa4, 0x8c, 0xdd
    db 0x8c, 0xc2, 0x8e, 0xc5, 0x8e, 0xda, 0x8b, 0xd7
    db 0xe8, 0x07, 0xb9, 0x3a, 0x00, 0x5a, 0x8b, 0x36
    db 0xe2, 0x79, 0x0b, 0xf6, 0x74, 0x1c, 0x2b, 0xf2
    db 0x73, 0x07, 0x03, 0xf2, 0x87, 0xd6, 0xbe, 0x00
    db 0x00, 0x0a, 0xc0, 0x89, 0x36, 0xe2, 0x79, 0x89
    db 0x16, 0xaa, 0x79, 0xc3, 0xc3, 0xe8, 0xe2, 0xb8
    db 0x3a, 0x00, 0xf9, 0xc3, 0xbe, 0xe0, 0x7b, 0xc7
    db 0x04, 0x00, 0x00, 0xc3, 0xe8, 0xd3, 0xb8, 0x80
    db 0x03, 0x00, 0x8b, 0x36, 0xe3, 0x78, 0xba, 0x08
    db 0x00, 0x03, 0xf2, 0x87, 0xd6, 0x8b, 0x36, 0x54
    db 0x7a, 0x2b, 0xf2, 0x73, 0x12, 0xe8, 0xba, 0xb8
    db 0x80, 0x03, 0xb0, 0x3a, 0xff, 0x8e, 0x10, 0xa8
    db 0x3a, 0xff, 0xa8, 0xd1, 0x66, 0x3a, 0x02, 0xe8
    db 0xa8, 0xb8, 0xa8, 0x3a, 0x00, 0xb0, 0x24, 0x01
    db 0x98, 0x07, 0x3a, 0xb2, 0x87, 0x12, 0x02, 0x3a
    db 0x00, 0xe8, 0xa9, 0xfe, 0x73, 0x06, 0xe8, 0x91
    db 0xb8, 0x3e, 0x82, 0x0b, 0xbe, 0xc2, 0x49, 0xe8
    db 0x14, 0xbe, 0xe8, 0x85, 0xb8, 0x3c, 0xb2, 0x05
    db 0x0d, 0x3a, 0x02, 0xc3, 0x8b, 0x16, 0xaa, 0x79
    db 0x0b, 0xd2, 0x74, 0x11, 0x8b, 0x36, 0xac, 0x79
    db 0x8a, 0x04, 0x46, 0x89, 0x36, 0xac, 0x79, 0x4a
    db 0x89, 0x16, 0xaa, 0x79, 0xc3, 0xe8, 0xa7, 0x05
    db 0x73, 0x01, 0xc3, 0xe8, 0x16, 0xff, 0x73, 0x01
    db 0xc3, 0xeb, 0xd9, 0xe8, 0x54, 0xb8, 0x56, 0xe6
    db 0x82, 0x0f, 0xa2, 0x49, 0x7a, 0xe8, 0x7d, 0xfa
    db 0xe8, 0x68, 0x06, 0xe8, 0x44, 0xb8, 0x20, 0x38
    db 0x00, 0xe8, 0x83, 0x05, 0x73, 0x01, 0xc3, 0xbe
    db 0x02, 0x00, 0xb0, 0x00, 0xe8, 0x34, 0x4b, 0xe8
    db 0x30, 0xb8, 0x3a, 0x00, 0xa0, 0x9c, 0x79, 0x8b
    db 0x36, 0x49, 0x7a, 0x8b, 0xde, 0x3a, 0xc3, 0xbe
    db 0x30, 0x4a, 0x74, 0x03, 0xbe, 0x4e, 0x4a, 0xe8
    db 0xa4, 0xbd, 0xe8, 0x15, 0xb8, 0x80, 0x00, 0x3e
    db 0x3a, 0x02, 0x8b, 0x36, 0x9c, 0x79, 0xa0, 0x49
    db 0x7a, 0x8b, 0xde, 0x3a, 0xc3, 0x74, 0x0d, 0x50
    db 0xe8, 0x83, 0xfa, 0x58, 0xe8, 0x2e, 0xfa, 0xe8
    db 0xa3, 0xf0, 0xeb, 0x1b, 0xe8, 0x9e, 0xf0, 0xc3
    db 0xe8, 0x73, 0xfa, 0xa0, 0x49, 0x7a, 0xe8, 0x1c
    db 0xfa, 0xbe, 0x2e, 0x79, 0x80, 0x0c, 0x02, 0xe8
    db 0x8b, 0xf0, 0x72, 0x03, 0xe8, 0xfd, 0xf0, 0x50
    db 0xe8, 0xd7, 0xb7, 0x3a, 0x00, 0x58, 0xc3, 0xe8
    db 0xd0, 0xb7, 0xa2, 0xc7, 0x04, 0x02, 0x80, 0x02
    db 0xb0, 0x24, 0x01, 0x98, 0x0a, 0x00, 0xe8, 0x08
    db 0xc8, 0xe8, 0x06, 0xc8, 0xc3, 0x20, 0x1c, 0xaa
    db 0xd5, 0x00, 0x00, 0xbe, 0x11, 0x79, 0x8a, 0x04
    db 0x0a, 0xc0, 0x74, 0x02, 0xfe, 0x0c, 0xe8, 0xa9
    db 0xb7, 0x3a, 0x18, 0x00, 0xe8, 0x78, 0xbd, 0xbe
    db 0xd3, 0x4a, 0xe8, 0x27, 0xbc, 0xe8, 0x67, 0xf0
    db 0x3c, 0xfe, 0x9f, 0x50, 0x75, 0x06, 0xe8, 0x91
    db 0xb7, 0x16, 0x82, 0x08, 0xe8, 0xad, 0xf0, 0xe8
    db 0x88, 0xb7, 0xb2, 0x32, 0x08, 0x20, 0x1a, 0x1c
    db 0x00, 0xe8, 0xd2, 0x17, 0xe8, 0x3c, 0x18, 0xe8
    db 0xb9, 0x07, 0x58, 0x9e, 0x75, 0x03, 0xe8, 0xa4
    db 0xec, 0xe8, 0x28, 0xe2, 0xc3, 0xa0, 0xaa, 0x79
    db 0x0a, 0xc0, 0x74, 0x11, 0xfe, 0xc8, 0xa2, 0xaa
    db 0x79, 0x8b, 0x36, 0xac, 0x79, 0x8a, 0x04, 0x46
    db 0x89, 0x36, 0xac, 0x79, 0xc3, 0xe8, 0x52, 0xb7
    db 0x80, 0x02, 0x00, 0xe8, 0xf7, 0xef, 0x73, 0x0f
    db 0xe8, 0x14, 0xf0, 0x72, 0x03, 0xe8, 0x64, 0xf0
    db 0xe8, 0x3f, 0xb7, 0x3a, 0x00, 0xf9, 0xc3, 0xb9
    db 0x29, 0x80, 0x89, 0x0e, 0xac, 0x79, 0xbe, 0x00
    db 0x00, 0x8b, 0xf9, 0x88, 0x05, 0x41, 0x46, 0x8b
    db 0xde, 0x8a, 0xc3, 0xa2, 0xaa, 0x79, 0x3c, 0x7c
    db 0x73, 0x09, 0xe8, 0xc8, 0xef, 0x8b, 0x36, 0xaa
    db 0x79, 0x73, 0xe6, 0xe8, 0x14, 0xb7, 0x3a, 0x00
    db 0xeb, 0xa3, 0xe8, 0xc8, 0x52, 0xba, 0x00, 0x01
    db 0x2b, 0xf2, 0x73, 0x01, 0xc3, 0xe8, 0xd9, 0x04
    db 0xe8, 0xff, 0xb6, 0x80, 0x03, 0x00, 0xe8, 0xa4
    db 0xef, 0x73, 0xfb, 0xe8, 0xc1, 0xef, 0x73, 0xfb
    db 0xe8, 0xef, 0xb6, 0x3a, 0xa8, 0xc9, 0x03, 0xb2
    db 0x80, 0x35, 0xa8, 0xc9, 0x02, 0x80, 0x03, 0xa8
    db 0x3a, 0x00, 0xa8, 0x24, 0x00, 0x00, 0xb9, 0x00
    db 0x00, 0xeb, 0x04, 0xe8, 0xc3, 0xef, 0x41, 0xe8
    db 0x9d, 0xef, 0x73, 0xf7, 0x89, 0x0e, 0xb6, 0x77
    db 0xe8, 0xc7, 0xb6, 0x3a, 0x58, 0x43, 0x00, 0xe9
    db 0x2c, 0xfe, 0xe8, 0xbd, 0xb6, 0x80, 0x03, 0x16
    db 0x00, 0xe8, 0x42, 0x00, 0xeb, 0x2d, 0xe8, 0xb1
    db 0xb6, 0x80, 0x03, 0x00, 0xe8, 0x2c, 0x00, 0xbe
    db 0x00, 0x00, 0xe8, 0x34, 0x00, 0xe8, 0x4d, 0xef
    db 0x73, 0x02, 0xb0, 0xff, 0xe8, 0xbd, 0xef, 0xb9
    db 0x00, 0x00, 0xe8, 0x40, 0xef, 0x72, 0x08, 0xb0
    db 0xff, 0xe8, 0xb0, 0xef, 0x41, 0xeb, 0xf3, 0x89
    db 0x0e, 0xb6, 0x77, 0xe8, 0x05, 0x00, 0xe8, 0x81
    db 0xb6, 0x38, 0x02, 0xe8, 0x49, 0xef, 0x73, 0x01
    db 0xc3, 0xe8, 0x65, 0xef, 0xeb, 0xf5, 0xbe, 0x01
    db 0x00, 0x89, 0x36, 0xb6, 0x77, 0xc3, 0xa0, 0x5f
    db 0x79, 0x50, 0xe8, 0xa6, 0x06, 0x58, 0x8b, 0x0e
    db 0x3e, 0x79, 0x04, 0x02, 0x3c, 0x06, 0x72, 0x02
    db 0xb0, 0x00, 0xe8, 0x53, 0x16, 0xe8, 0x93, 0x06
    db 0xc3, 0xe8, 0xe2, 0xff, 0xeb, 0x08, 0x90, 0x3c
    db 0x06, 0x74, 0x07, 0xe8, 0x10, 0x00, 0xe8, 0xfb
    db 0xe0, 0xc3, 0xb0, 0x00, 0xe8, 0xd2, 0xff, 0xb0
    db 0x01, 0xe8, 0x0f, 0x00, 0xeb, 0xf0, 0xa0, 0x6b
    db 0x79, 0x8b, 0x36, 0xa1, 0x79, 0xf7, 0xc6, 0x01
    db 0x00, 0x75, 0x22, 0x8b, 0x36, 0xa1, 0x79, 0xf7
    db 0xc6, 0x01, 0x00, 0x75, 0x1b, 0xfe, 0xc0, 0x3c
    db 0x05, 0x72, 0x02, 0xb0, 0x02, 0x50, 0xe8, 0x52
    db 0x06, 0x58, 0x8b, 0x0e, 0xe5, 0x78, 0xe8, 0xfe
    db 0x15, 0xe8, 0x47, 0x06, 0xc3, 0xa0, 0xe5, 0x78
    db 0xfe, 0xc0, 0x3c, 0x05, 0x72, 0x02, 0xb0, 0x02
    db 0x8b, 0xde, 0x8a, 0xd8, 0x8b, 0xf3, 0x56, 0xe8
    db 0xf0, 0xb5, 0x16, 0x20, 0x70, 0x10, 0x1c, 0x22
    db 0x02, 0x8b, 0x36, 0xf3, 0x78, 0x8b, 0x16, 0x32
    db 0x79, 0xf6, 0xc2, 0x40, 0x75, 0x2e, 0x3c, 0xf1
    db 0x75, 0x03, 0xe9, 0xc6, 0x00, 0x3c, 0xee, 0x74
    db 0x40, 0x3c, 0xef, 0x75, 0x1f, 0xb5, 0x10, 0xbe
    db 0xfe, 0x7e, 0x8b, 0x14, 0x46, 0x46, 0x8a, 0xc6
    db 0x3c, 0x80, 0x74, 0x10, 0x56, 0x8b, 0x36, 0xf3
    db 0x78, 0x2b, 0xf2, 0x5e, 0x78, 0x07, 0x74, 0x05
    db 0xfe, 0xcd, 0x75, 0xe6, 0xc3, 0x8a, 0xc5, 0x02
    db 0xc0, 0x8a, 0xc8, 0xb5, 0x00, 0x8b, 0xfe, 0x4f
    db 0x4f, 0x06, 0xbd, 0x00, 0x00, 0x8e, 0xc5, 0xfc
    db 0xf3, 0xa4, 0x07, 0x8b, 0xd7, 0xe8, 0x0b, 0x0d
    db 0xc3, 0x8b, 0x16, 0xf3, 0x78, 0xf6, 0xc6, 0x80
    db 0x75, 0xf6, 0x0b, 0xd2, 0x74, 0xf2, 0x8b, 0x36
    db 0x16, 0x79, 0x03, 0xf2, 0xba, 0x24, 0x03, 0x2b
    db 0xf2, 0x79, 0xe5, 0xb5, 0x10, 0xbe, 0xfe, 0x7e
    db 0x8b, 0x14, 0x46, 0x46, 0x56, 0x80, 0xfe, 0x80
    db 0x74, 0x2f, 0x8b, 0x36, 0xf3, 0x78, 0x2b, 0xf2
    db 0x78, 0x12, 0xba, 0x06, 0x00, 0x2b, 0xf2, 0x5e
    db 0x78, 0x09, 0xfe, 0xcd, 0x75, 0xe2, 0xb0, 0x80
    db 0xa2, 0xa6, 0x79, 0xc3, 0xba, 0x05, 0x00, 0x0a
    db 0xc0, 0x13, 0xf2, 0x5e, 0x79, 0xf5, 0x8b, 0x16
    db 0x1c, 0x7f, 0x8a, 0xc6, 0x3c, 0x80, 0x75, 0xe6
    db 0x56, 0x8a, 0xc5, 0xfe, 0xc8, 0x02, 0xc0, 0x74
    db 0x15, 0x8a, 0xc8, 0xb5, 0x00, 0xbe, 0x1b, 0x7f
    db 0xbf, 0x1d, 0x7f, 0xfd, 0x06, 0x8c, 0xdd, 0x8e
    db 0xc5, 0xf3, 0xa4, 0x07, 0x8b, 0xd7, 0x5e, 0x4e
    db 0x4e, 0x8b, 0x16, 0xf3, 0x78, 0x89, 0x14, 0xe8
    db 0x89, 0x0c, 0xc3, 0x87, 0xd6, 0x8b, 0x36, 0x14
    db 0x79, 0x2b, 0xf2, 0x78, 0xf5, 0x74, 0xf3, 0xb9
    db 0x3c, 0x00, 0x2b, 0xf1, 0x78, 0xec, 0x89, 0x16
    db 0x97, 0x79, 0x89, 0x16, 0x7d, 0x79, 0x52, 0xe8
    db 0x91, 0x01, 0xe8, 0xed, 0xb4, 0x18, 0x1a, 0x2c
    db 0x9a, 0x09, 0x5c, 0xe8, 0x8e, 0xfb, 0x2e, 0x8a
    db 0xf8, 0x1e, 0x00, 0x5e, 0xb0, 0xe8, 0xe8, 0x99
    db 0x00, 0xe8, 0x4f, 0x0c, 0xe8, 0xd3, 0xb4, 0x22
    db 0x02, 0xc7, 0x06, 0x79, 0x6d, 0x6f, 0x4d, 0xe9
    db 0x3e, 0xb4, 0x8b, 0x36, 0x14, 0x79, 0x8b, 0x16
    db 0xf3, 0x78, 0x2b, 0xf2, 0xeb, 0x0a, 0x90, 0x03
    db 0xf2, 0xba, 0x03, 0x00, 0x2b, 0xf2, 0x87, 0xd6
    db 0x89, 0x16, 0x0b, 0x79, 0x8b, 0x36, 0x14, 0x79
    db 0x56, 0x8b, 0x16, 0x12, 0x79, 0x2b, 0xf2, 0x72
    db 0x07, 0xba, 0x3c, 0x00, 0x2b, 0xf2, 0x73, 0x02
    db 0x5e, 0xc3, 0x8b, 0x16, 0x0b, 0x79, 0x8b, 0x36
    db 0x14, 0x79, 0x2b, 0xf2, 0x8b, 0xec, 0x87, 0x76
    db 0x00, 0x89, 0x36, 0x14, 0x79, 0x5a, 0x8b, 0x36
    db 0x14, 0x79, 0x2b, 0xf2, 0x89, 0x36, 0x0b, 0x79
    db 0xe8, 0xf0, 0x0b, 0xe8, 0x2e, 0xdf, 0xc3, 0xa0
    db 0x32, 0x79, 0xa8, 0x40, 0x75, 0x0d, 0xb0, 0x49
    db 0x8b, 0x36, 0x12, 0x79, 0x89, 0x36, 0x7d, 0x79
    db 0xe8, 0xd8, 0x0b, 0xc3, 0xbe, 0xc3, 0x79, 0xb0
    db 0xee, 0x88, 0x04, 0x46, 0x88, 0x14, 0x46, 0x88
    db 0x34, 0x46, 0xc6, 0x04, 0x00, 0x46, 0xc6, 0x04
    db 0x00, 0x46, 0x88, 0x04, 0x8a, 0xd0, 0xe8, 0x84
    db 0x0d, 0xc3, 0x89, 0x36, 0xc4, 0x79, 0x56, 0xa2
    db 0xc8, 0x79, 0x8a, 0xd0, 0xe8, 0x76, 0x0d, 0x5e
    db 0xc3, 0xe8, 0x44, 0x0b, 0x52, 0xa8, 0x02, 0x74
    db 0x14, 0x5e, 0x8b, 0x36, 0xf3, 0x78, 0x8b, 0x16
    db 0x14, 0x79, 0x2b, 0xf2, 0x78, 0x06, 0xb0, 0x80
    db 0xa2, 0xa6, 0x79, 0xc3, 0x52, 0x5a, 0x8b, 0x36
    db 0x14, 0x79, 0x2b, 0xf2, 0x73, 0x10, 0x52, 0x8b
    db 0x16, 0x14, 0x79, 0x8b, 0x36, 0xf3, 0x78, 0x2b
    db 0xf2, 0x5e, 0x72, 0x02, 0x87, 0xd6, 0x52, 0xa0
    db 0x3c, 0x79, 0xa8, 0x10, 0x75, 0x44, 0xa0, 0x3b
    db 0x79, 0xa8, 0x02, 0x75, 0x3d, 0xb1, 0x02, 0x8b
    db 0x16, 0xf3, 0x78, 0x42, 0xe8, 0x3d, 0x0d, 0xa8
    db 0x02, 0x75, 0x0c, 0x8b, 0x36, 0xf3, 0x78, 0x5a
    db 0x52, 0x2b, 0xf2, 0x72, 0xc0, 0x32, 0xc0, 0xbe
    db 0x8d, 0x79, 0x88, 0x04, 0xa0, 0x0e, 0x79, 0x0a
    db 0xc0, 0x78, 0x61, 0xe8, 0x14, 0x0d, 0xa8, 0x10
    db 0x75, 0x10, 0xb0, 0x20, 0x3a, 0xc2, 0x74, 0xe7
    db 0xe8, 0xfa, 0x0c, 0xa0, 0x8d, 0x79, 0x0a, 0xc0
    db 0x74, 0x4a, 0xe8, 0xad, 0xb3, 0x78, 0x00, 0xa2
    db 0x02, 0x18, 0x16, 0x00, 0xa0, 0x3d, 0x79, 0x8a
    db 0xe8, 0x8a, 0xc8, 0x80, 0xe1, 0xfe, 0xe8, 0x47
    db 0x01, 0xe8, 0x96, 0xb3, 0x1c, 0x78, 0x01, 0x00
    db 0xe8, 0x30, 0x00, 0x5a, 0xe8, 0x2d, 0xff, 0xe8
    db 0x88, 0xb3, 0x7a, 0x00, 0x8e, 0x04, 0x64, 0xf0
    db 0x00, 0x8b, 0x36, 0xdb, 0x78, 0x89, 0x36, 0x2e
    db 0x77, 0x8b, 0x36, 0xa2, 0x79, 0x89, 0x36, 0x54
    db 0x79, 0xe8, 0x4d, 0xcc, 0x89, 0x36, 0x50, 0x79
    db 0xe8, 0x8c, 0xdb, 0xc3, 0x5a, 0xb0, 0x01, 0xe9
    db 0x5a, 0xee, 0xc3, 0xa0, 0x0e, 0x79, 0x0a, 0xc0
    db 0x75, 0x01, 0xc3, 0x8b, 0x36, 0xf3, 0x78, 0x56
    db 0x78, 0x08, 0x32, 0xc0, 0xa2, 0x0e, 0x79, 0xeb
    db 0x0c, 0x90, 0xa8, 0x01, 0x74, 0x07, 0xb1, 0x15
    db 0xb2, 0x00, 0xe8, 0x97, 0x0c, 0x8b, 0x36, 0x2a
    db 0x79, 0x8b, 0x16, 0xf3, 0x78, 0x89, 0x36, 0xf3
    db 0x78, 0x2b, 0xf2, 0x8b, 0x16, 0xd7, 0x78, 0x03
    db 0xf2, 0x89, 0x36, 0xd7, 0x78, 0xe8, 0x3f, 0x1c
    db 0x5e, 0x56, 0x8b, 0x16, 0xf3, 0x78, 0x32, 0xc0
    db 0x2b, 0xf2, 0x7e, 0x13, 0x8b, 0xde, 0x0a, 0xc7
    db 0x75, 0x06, 0x8a, 0xc3, 0x3c, 0x04, 0x72, 0x07
    db 0xb2, 0x20, 0xe8, 0x48, 0x0c, 0xeb, 0xe1, 0x5a
    db 0xa0, 0x3c, 0x79, 0x24, 0x03, 0x74, 0x10, 0x8b
    db 0x36, 0xf3, 0x78, 0x2b, 0xf2, 0x8b, 0xd6, 0xbe
    db 0x00, 0x00, 0x74, 0x03, 0xe8, 0xd7, 0xc2, 0xe8
    db 0x19, 0xcb, 0xc3, 0x56, 0x2b, 0xf2, 0x5e, 0x79
    db 0x01, 0xc3, 0x87, 0xd6, 0xc3, 0xe8, 0x0b, 0xcb
    db 0xe8, 0xd7, 0xb2, 0xa2, 0x81, 0x18, 0x74, 0x2a
    db 0x7a, 0xff, 0x98, 0x11, 0x74, 0x20, 0x6c, 0x26
    db 0x98, 0x0b, 0x74, 0x1e, 0x6c, 0x3d, 0x98, 0x05
    db 0x00, 0xf9, 0xc3, 0x00, 0x0a, 0xc0, 0xc3, 0xa0
    db 0x55, 0x7a, 0x0a, 0xc0, 0x74, 0x01, 0xc3, 0xa0
    db 0x54, 0x7a, 0x3c, 0x08, 0xc3, 0xa0, 0x55, 0x7a
    db 0x3c, 0x00, 0x74, 0x01, 0xc3, 0xa0, 0x54, 0x7a
    db 0x3c, 0x06, 0xc3, 0xbe, 0xfe, 0x00, 0x89, 0x36
    db 0x41, 0x79, 0xb0, 0x01, 0xa2, 0x43, 0x79, 0xc3
    db 0xb5, 0x00, 0x80, 0xcd, 0x20, 0xa0, 0x3c, 0x79
    db 0x80, 0xcd, 0x10, 0x80, 0xcd, 0x40, 0xa8, 0x10
    db 0x9f, 0x24, 0xef, 0x24, 0xdf, 0x24, 0xbf, 0x9e
    db 0x75, 0x02, 0x0a, 0xc5, 0xa2, 0x3c, 0x79, 0xc3
    db 0x51, 0xe8, 0xc2, 0x12, 0x5a, 0x8b, 0xde, 0x8a
    db 0xf8, 0x8b, 0xf3, 0x8a, 0xc2, 0x32, 0xc5, 0x8b
    db 0x0e, 0x3d, 0x79, 0xa2, 0x3d, 0x79, 0x8a, 0xe8
    db 0x51, 0x8a, 0xc7, 0xe8, 0x1a, 0x13, 0x59, 0xc3
    db 0x8a, 0xc5, 0x8a, 0xe9, 0xe8, 0x11, 0x13, 0xe8
    db 0x9c, 0x12, 0xe8, 0x0b, 0x13, 0xc3, 0x9f, 0xbe
    db 0xc3, 0x79, 0xc7, 0x04, 0xe9, 0x00, 0x46, 0x88
    db 0x04, 0x46, 0x89, 0x14, 0x46, 0x46, 0xb2, 0xe9
    db 0x88, 0x14, 0x50, 0xe8, 0x6f, 0x0b, 0x58, 0x9e
    db 0xc3, 0xa0, 0x99, 0x79, 0xa8, 0x01, 0x74, 0x0f
    db 0xe8, 0x1f, 0xb2, 0x62, 0xeb, 0x46, 0xea, 0x1a
    db 0x44, 0xea, 0x28, 0x00, 0xeb, 0x0f, 0x90, 0xa0
    db 0x0e, 0x79, 0x0a, 0xc0, 0x74, 0x07, 0xb1, 0x17
    db 0xb2, 0x00, 0xe8, 0x5f, 0x0b, 0xbe, 0x3d, 0x79
    db 0x80, 0x24, 0xfd, 0xc3, 0xa0, 0xf1, 0x77, 0xa8
    db 0x20, 0x75, 0x01, 0xc3, 0xbe, 0x3c, 0x79, 0x8a
    db 0x04, 0x24, 0x03, 0x9f, 0x50, 0x8a, 0x04, 0x24
    db 0xfc, 0x88, 0x04, 0x58, 0x9e, 0x74, 0x03, 0xe8
    db 0xe6, 0xc0, 0xc3, 0xe8, 0xdc, 0xb1, 0x0e, 0x26
    db 0x8c, 0x05, 0xb2, 0x6f, 0x50, 0x02, 0xe8, 0x0f
    db 0x4e, 0xe8, 0x89, 0x4d, 0xba, 0xa0, 0x00, 0x2b
    db 0xf2, 0x73, 0x01, 0xc3, 0xe8, 0xc3, 0xb1, 0x0e
    db 0x44, 0x00, 0x00, 0xe8, 0x01, 0xff, 0x73, 0x03
    db 0xe9, 0xeb, 0xb8, 0xe8, 0xb4, 0xb1, 0xb0, 0x68
    db 0x00, 0x8e, 0x11, 0xa4, 0x43, 0x0f, 0x00, 0xa0
    db 0x3d, 0x79, 0xb5, 0x00, 0xe8, 0x55, 0xff, 0xe8
    db 0xa0, 0xb1, 0x2a, 0x9a, 0x08, 0x88, 0x07, 0x2e
    db 0x16, 0x1a, 0x1c, 0x02, 0xa4, 0x61, 0xfb, 0x5e
    db 0x0c, 0x98, 0xf1, 0x50, 0x04, 0x8e, 0xed, 0x2e
    db 0x08, 0x02, 0xe8, 0xc3, 0x4d, 0xbe, 0xd0, 0x8a
    db 0xb0, 0x01, 0xba, 0x00, 0x00, 0xe8, 0x11, 0xec
    db 0xb2, 0x03, 0xb1, 0x17, 0xe8, 0xcd, 0x0a, 0xe8
    db 0x70, 0xb1, 0x2a, 0x9a, 0xe6, 0x2e, 0xb0, 0xd1
    db 0x82, 0x8e, 0xe0, 0xac, 0x04, 0x0a, 0x00, 0xeb
    db 0xdc, 0x50, 0xe8, 0x5d, 0xb1, 0x42, 0x6e, 0x6c
    db 0x6e, 0x6e, 0x38, 0xa8, 0x75, 0x01, 0x00, 0x8b
    db 0xc6, 0xe8, 0x50, 0x39, 0xe8, 0x4b, 0xb1, 0x3a
    db 0x22, 0x70, 0x6e, 0x72, 0x6c, 0x02, 0x32, 0xc0
    db 0xb1, 0x00, 0xeb, 0x0a, 0xb0, 0xff, 0xb1, 0x00
    db 0xeb, 0x04, 0x32, 0xc0, 0xb1, 0xff, 0xa2, 0x84
    db 0x77, 0x51, 0xe8, 0x6b, 0x4d, 0xa0, 0x9c, 0x79
    db 0xe8, 0x5a, 0xf3, 0x59, 0xbe, 0x30, 0x7a, 0xb5
    db 0x00, 0x56, 0x51, 0xba, 0x00, 0x00, 0xb1, 0x05
    db 0xe8, 0x71, 0x0a, 0x59, 0x5e, 0xa8, 0x10, 0x74
    db 0x04, 0xb2, 0xff, 0xeb, 0x55, 0xfe, 0xc5, 0x3c
    db 0x00, 0x74, 0x4f, 0xa8, 0x20, 0x75, 0x38, 0x8a
    db 0xc2, 0x3c, 0xd1, 0x74, 0x32, 0x3c, 0xec, 0x74
    db 0x2e, 0x3c, 0xed, 0x74, 0x2a, 0x3c, 0xe8, 0x74
    db 0x26, 0x3c, 0xd7, 0x74, 0x0a, 0xe8, 0x2f, 0xfe
    db 0x73, 0x30, 0xb0, 0x6a, 0xe9, 0xe2, 0x00, 0x51
    db 0x56, 0xe8, 0x32, 0x0a, 0xa8, 0x10, 0x75, 0x1a
    db 0x8a, 0xc2, 0x3c, 0x0c, 0x75, 0x11, 0xe8, 0x14
    db 0x0a, 0x5e, 0x59, 0xfe, 0xc5, 0xeb, 0xaa, 0x8a
    db 0xc5, 0xfe, 0xc8, 0x75, 0xa4, 0xeb, 0xa0, 0xe8
    db 0x07, 0x0a, 0xe8, 0x0d, 0x0a, 0xe8, 0xfd, 0x09
    db 0x5e, 0x59, 0x8a, 0xc1, 0xfe, 0xc0, 0x75, 0x0b
    db 0xa0, 0x3d, 0x79, 0xa8, 0x04, 0x75, 0x88, 0xb1
    db 0x00, 0xeb, 0x84, 0xa0, 0xec, 0x79, 0xa8, 0x10
    db 0x75, 0x0d, 0x8a, 0xc2, 0x3c, 0x41, 0x72, 0x07
    db 0x3c, 0x5b, 0x73, 0x03, 0x80, 0xca, 0x20, 0x8a
    db 0x04, 0x46, 0x3a, 0xc2, 0x74, 0x20, 0x3c, 0xff
    db 0x74, 0x1c, 0x3c, 0x20, 0xa0, 0x3b, 0x79, 0x74
    db 0x05, 0xa8, 0x10, 0x74, 0x05, 0xc3, 0xa8, 0x02
    db 0x75, 0x0c, 0xfe, 0xcd, 0x78, 0x03, 0xe8, 0x9c
    db 0x00, 0xb1, 0x00, 0xe9, 0x46, 0xff, 0x8a, 0x04
    db 0x3c, 0x00, 0x74, 0x03, 0xe9, 0x42, 0xff, 0x46
    db 0xa0, 0x84, 0x77, 0x3c, 0x00, 0x74, 0x68, 0x87
    db 0xd6, 0xfe, 0xcd, 0x79, 0x03, 0xeb, 0x23, 0x90
    db 0x51, 0xe8, 0x9e, 0x09, 0x59, 0x3c, 0x00, 0x74
    db 0xf0, 0xa8, 0x20, 0x75, 0x0e, 0x8a, 0xc2, 0x3c
    db 0xec, 0x74, 0x08, 0x3c, 0xed, 0x74, 0x04, 0x3c
    db 0xe8, 0x75, 0xde, 0x51, 0xe8, 0x7a, 0x09, 0x59
    db 0xeb, 0xd7, 0xbe, 0x1f, 0x7a, 0x8a, 0x14, 0x32
    db 0xc0, 0x0a, 0xc2, 0x74, 0x08, 0x56, 0xe8, 0x64
    db 0x09, 0x5e, 0x46, 0xeb, 0xf0, 0xe8, 0x5f, 0xfd
    db 0xb0, 0x6a, 0x72, 0x15, 0x8b, 0x36, 0x81, 0x77
    db 0x4e, 0x89, 0x36, 0x81, 0x77, 0xb1, 0x00, 0x83
    db 0xfe, 0x00, 0x74, 0x03, 0xe9, 0xdd, 0xfe, 0x32
    db 0xc0, 0xa2, 0xa6, 0x79, 0xe8, 0x4f, 0x09, 0xa8
    db 0x10, 0x75, 0x03, 0xe8, 0x3b, 0x09, 0xc3, 0xe8
    db 0x1b, 0x00, 0xe8, 0xed, 0xaf, 0x88, 0x14, 0xa2
    db 0x42, 0x15, 0x00, 0xba, 0x00, 0x00, 0xb1, 0x15
    db 0xe8, 0x39, 0x09, 0xe8, 0xdc, 0xaf, 0xa4, 0x42
    db 0xf4, 0x16, 0x1a, 0x1c, 0x02, 0x8a, 0xc5, 0x3c
    db 0x00, 0x75, 0x01, 0xc3, 0x51, 0xba, 0x00, 0x00
    db 0xb1, 0x15, 0xe8, 0x1f, 0x09, 0x59, 0xfe, 0xcd
    db 0x75, 0xf2, 0xc3, 0xa0, 0x3d, 0x79, 0x9f, 0x50
    db 0xb9, 0x00, 0x00, 0x51, 0xe8, 0x03, 0x09, 0x59
    db 0xfe, 0xc5, 0x51, 0xa8, 0x10, 0x75, 0x24, 0xa8
    db 0x20, 0x74, 0x11, 0x8a, 0xc2, 0x24, 0xfe, 0x3c
    db 0xeb, 0x72, 0x15, 0x3c, 0xf4, 0x74, 0x11, 0xe8
    db 0xdf, 0x08, 0xeb, 0xe0, 0xb0, 0xec, 0x3a, 0xc2
    db 0x74, 0xf5, 0xb0, 0xed, 0x3a, 0xc2, 0x74, 0xef
    db 0xe8, 0xca, 0x08, 0x8b, 0x36, 0x3e, 0x79, 0xa0
    db 0xe5, 0x78, 0x8b, 0xde, 0x8a, 0xf8, 0x8b, 0xf3
    db 0x59, 0x56, 0x56, 0xfe, 0xcd, 0x51, 0xe8, 0xc5
    db 0x08, 0x59, 0xfe, 0xcd, 0x51, 0xa8, 0x10, 0x75
    db 0x41, 0xa8, 0x20, 0x74, 0x1a, 0x8a, 0xc2, 0x24
    db 0xfe, 0x3c, 0xeb, 0x72, 0x12, 0x3c, 0xf4, 0x74
    db 0x0e, 0xe8, 0x99, 0x08, 0x59, 0x8a, 0xc5, 0x0a
    db 0xc0, 0x79, 0xda, 0xfe, 0xc1, 0xeb, 0xd6, 0x8b
    db 0x0e, 0xc4, 0x79, 0x8a, 0xc2, 0x3c, 0xec, 0x74
    db 0x0e, 0x3c, 0xed, 0x75, 0x12, 0x5a, 0x5b, 0x8a
    db 0xf9, 0x8b, 0xf3, 0x56, 0x52, 0xeb, 0xbf, 0x5a
    db 0x5b, 0x8a, 0xd9, 0x8b, 0xf3, 0xeb, 0xf4, 0xe8
    db 0x6f, 0x08, 0x59, 0xfe, 0xc9, 0x79, 0x03, 0xeb
    db 0x0a, 0x90, 0x51, 0xe8, 0x6c, 0x08, 0xe8, 0x60
    db 0x08, 0xeb, 0xef, 0x5e, 0x59, 0x51, 0x56, 0x8b
    db 0xde, 0x8a, 0xc3, 0xb5, 0xec, 0xe8, 0x11, 0x0f
    db 0x5e, 0x59, 0x8b, 0xde, 0x8a, 0xc7, 0x8a, 0xcd
    db 0xb5, 0xed, 0xe8, 0x04, 0x0f, 0x5a, 0x86, 0xf2
    db 0xbe, 0x3d, 0x79, 0x8a, 0x04, 0x32, 0xc6, 0x24
    db 0x02, 0x75, 0x01, 0xc3, 0x32, 0x04, 0x88, 0x04
    db 0xc3, 0xc3, 0xbe, 0xff, 0xff, 0x89, 0x36, 0x82
    db 0x79, 0xa0, 0x94, 0x79, 0xfe, 0xc0, 0xbe, 0x56
    db 0x7a, 0x80, 0x24, 0xbf, 0x80, 0x24, 0x7f, 0xe8
    db 0x15, 0xfc, 0x73, 0x44, 0xbe, 0xa1, 0x79, 0x80
    db 0x24, 0xbf, 0xbe, 0x56, 0x7a, 0x80, 0x24, 0xfe
    db 0xa0, 0x55, 0x7a, 0x0a, 0xc0, 0x75, 0x31, 0xa0
    db 0x54, 0x7a, 0x3c, 0x05, 0x73, 0x2a, 0x3c, 0x02
    db 0x72, 0x0d, 0xa0, 0xd5, 0x78, 0xa8, 0x01, 0x74
    db 0x1f, 0xe8, 0xd7, 0xc6, 0xe8, 0x8e, 0x47, 0xa0
    db 0x3c, 0x79, 0xa8, 0x04, 0xb0, 0x64, 0x74, 0x07
    db 0xb0, 0x14, 0xa2, 0x94, 0x79, 0xeb, 0x09, 0xa2
    db 0xa6, 0x79, 0xb0, 0xff, 0xa2, 0x94, 0x79, 0xc3
    db 0x8b, 0x36, 0x7d, 0x79, 0x8b, 0x16, 0x12, 0x79
    db 0x2b, 0xf2, 0x87, 0xd6, 0x74, 0x03, 0xe8, 0x06
    db 0xfa, 0xbe, 0x0d, 0x79, 0xf6, 0x04, 0x10, 0x74
    db 0x11, 0x80, 0x24, 0xef, 0xa0, 0xd6, 0x78, 0x34
    db 0x80, 0xa2, 0xd6, 0x78, 0xe8, 0xce, 0xf8, 0xe8
    db 0xe9, 0x03, 0xa0, 0x3d, 0x79, 0x50, 0xe8, 0x8a
    db 0xc6, 0x58, 0x8b, 0x36, 0x3b, 0x79, 0x8b, 0xde
    db 0xf6, 0xc3, 0x02, 0x74, 0x10, 0x9f, 0x50, 0xe8
    db 0x04, 0x13, 0x89, 0x16, 0x09, 0x79, 0x58, 0x9e
    db 0xa2, 0x5e, 0x79, 0xeb, 0x10, 0x8b, 0x36, 0x3c
    db 0x79, 0x8b, 0xde, 0xf6, 0xc3, 0x10, 0x75, 0xf0
    db 0xf6, 0xc3, 0x04, 0x75, 0xeb, 0xbe, 0x94, 0x79
    db 0x8a, 0x04, 0xc6, 0x04, 0xff, 0x3c, 0xff, 0x75
    db 0x47, 0xe8, 0x5e, 0xe8, 0xe8, 0x01, 0xd9, 0xa0
    db 0x95, 0x79, 0x0a, 0xc0, 0x74, 0x08, 0xe8, 0x33
    db 0x49, 0xb0, 0x00, 0xeb, 0x14, 0x90, 0x8b, 0x36
    db 0xa1, 0x79, 0x8b, 0xde, 0xf6, 0xc3, 0x40, 0x75
    db 0x06, 0xe8, 0xe9, 0x46, 0xe8, 0x41, 0xbe, 0xb0
    db 0x01, 0x86, 0xe0, 0x50, 0xa0, 0x84, 0x78, 0x0a
    db 0xc0, 0xc6, 0x06, 0x84, 0x78, 0x00, 0x75, 0x03
    db 0xe8, 0xef, 0xf3, 0x5e, 0x3c, 0xff, 0x74, 0xc4
    db 0xa2, 0x12, 0x78, 0x50, 0xe8, 0x1b, 0xe8, 0x58
    db 0x3c, 0x01, 0x75, 0x01, 0xc3, 0x3c, 0x00, 0x75
    db 0x01, 0xc3, 0xbe, 0xa1, 0x79, 0xf6, 0x04, 0x10
    db 0x74, 0x0f, 0x50, 0xe8, 0x69, 0xf3, 0xe8, 0xf2
    db 0xc5, 0x58, 0x3c, 0x1a, 0x75, 0x03, 0xe9, 0xdd
    db 0xfe, 0x8b, 0x36, 0x3c, 0x79, 0x8b, 0xde, 0xf6
    db 0xc3, 0x04, 0x75, 0x2b, 0x8b, 0x36, 0x54, 0x7a
    db 0xba, 0x09, 0x00, 0x2b, 0xf2, 0x73, 0x20, 0x8b
    db 0x36, 0xc1, 0x79, 0xba, 0xa0, 0x00, 0x2b, 0xf2
    db 0x73, 0x15, 0x3c, 0x08, 0x74, 0x11, 0x3c, 0x06
    db 0x8b, 0xde, 0x8a, 0xd8, 0x8b, 0xf3, 0xb0, 0x62
    db 0x74, 0x03, 0xe9, 0xf2, 0xfe, 0x8a, 0xc3, 0x50
    db 0x8a, 0xd0, 0xb6, 0x00, 0xbe, 0xc3, 0x6d, 0x03
    db 0xf2, 0x2e, 0x8a, 0x04, 0x8a, 0xe8, 0x8b, 0x36
    db 0x3d, 0x79, 0x8b, 0xde, 0xf6, 0xc3, 0x04, 0x74
    db 0x31, 0x24, 0x3f, 0x3c, 0x01, 0x74, 0x2b, 0x3c
    db 0x29, 0x74, 0x27, 0x3c, 0x0d, 0x74, 0x23, 0x8a
    db 0xc2, 0x3c, 0x0d, 0x74, 0x1d, 0x3c, 0xe7, 0x74
    db 0x19, 0x58, 0x3c, 0xf4, 0x74, 0x13, 0x3c, 0x10
    db 0x74, 0x0b, 0x3c, 0xed, 0x74, 0x0b, 0x3c, 0xf9
    db 0x74, 0x07, 0xa2, 0x94, 0x79, 0xb0, 0x20, 0xb5
    db 0x01, 0x50, 0x8a, 0xc5, 0x24, 0x3f, 0x8a, 0xd0
    db 0xb6, 0x00, 0xbe, 0x85, 0x6d, 0x03, 0xf2, 0x2e
    db 0x8a, 0x04, 0xa8, 0x01, 0x9f, 0x50, 0xbe, 0x47
    db 0x6d, 0x03, 0xf2, 0x02, 0xd2, 0x2e, 0x8a, 0x0c
    db 0x58, 0x9e, 0x74, 0x39, 0x86, 0xc4, 0x50, 0xa0
    db 0x41, 0x79, 0x22, 0xc1, 0x5e, 0x8b, 0xde, 0x8a
    db 0xc7, 0x74, 0x2a, 0x56, 0x51, 0x52, 0xa0, 0x3c
    db 0x79, 0xa8, 0x04, 0x9f, 0x50, 0x74, 0x03, 0xe8
    db 0xa3, 0xe5, 0x9f, 0x86, 0xc4, 0x50, 0xe8, 0x0e
    db 0x16, 0xe8, 0x8f, 0xf9, 0x5e, 0x58, 0x9e, 0x8b
    db 0xde, 0x8a, 0xc7, 0x74, 0x03, 0xe8, 0xd1, 0xe5
    db 0x5a, 0x59, 0x58, 0x86, 0xe0, 0xa8, 0x08, 0x74
    db 0x0f, 0x50, 0xa0, 0x3b, 0x79, 0x52, 0x51, 0xe8
    db 0x35, 0xb8, 0x59, 0x5a, 0xa2, 0x3b, 0x79, 0x58
    db 0xbe, 0x90, 0x79, 0xf6, 0x04, 0x01, 0x74, 0x0a
    db 0xa8, 0x10, 0x75, 0x06, 0xe8, 0x75, 0xd7, 0xe9
    db 0x8a, 0x00, 0x80, 0x24, 0xfd, 0xbe, 0xc7, 0x6c
    db 0x03, 0xf2, 0x2e, 0x8b, 0x14, 0xa0, 0x3c, 0x79
    db 0xa8, 0x04, 0x75, 0x4e, 0xa8, 0x10, 0x74, 0x29
    db 0xa8, 0x20, 0x75, 0x25, 0x8b, 0xde, 0x8a, 0xd8
    db 0x8b, 0xf3, 0x58, 0x50, 0x3c, 0xda, 0x75, 0x05
    db 0xf6, 0xc3, 0x40, 0x75, 0x14, 0x80, 0xe3, 0xbf
    db 0x8b, 0xf3, 0xf6, 0xc5, 0x40, 0x74, 0x05, 0x80
    db 0xe3, 0xef, 0x8b, 0xf3, 0x8a, 0xc3, 0xa2, 0x3c
    db 0x79, 0xbe, 0x2e, 0x79, 0xf6, 0x04, 0x20, 0x75
    db 0x48, 0xa0, 0x43, 0x79, 0x22, 0xc1, 0x74, 0x12
    db 0xf6, 0x06, 0x42, 0x79, 0x02, 0x90, 0x74, 0x07
    db 0xa0, 0xf1, 0x77, 0xa8, 0xc0, 0x75, 0x2d, 0x58
    db 0x9e, 0xc3, 0x8a, 0xc1, 0x0a, 0xc0, 0x74, 0x29
    db 0xa0, 0x41, 0x79, 0x22, 0xc1, 0x74, 0x0e, 0xf6
    db 0x06, 0x51, 0x6d, 0x02, 0x74, 0x05, 0xe8, 0x8d
    db 0x01, 0x74, 0x02, 0xeb, 0x14, 0xf6, 0x06, 0x42
    db 0x79, 0x08, 0x90, 0x74, 0x07, 0xa0, 0x3c, 0x79
    db 0xa8, 0x04, 0x75, 0x05, 0x58, 0x9e, 0xe9, 0x4d
    db 0xfd, 0x51, 0x52, 0xe8, 0xab, 0xf1, 0x8b, 0x36
    db 0xd9, 0x78, 0x89, 0x36, 0x84, 0x79, 0x8b, 0x36
    db 0xd7, 0x78, 0x89, 0x36, 0x86, 0x79, 0xc7, 0x06
    db 0x47, 0x7a, 0x00, 0x00, 0x5e, 0x5a, 0x58, 0x9e
    db 0xe8, 0x5e, 0x12, 0xb9, 0x57, 0x56, 0x51, 0x8b
    db 0x0e, 0x56, 0x7a, 0xf6, 0xc1, 0x04, 0x74, 0x03
    db 0xe9, 0x3e, 0xbc, 0x8b, 0x0e, 0x3c, 0x79, 0xf6
    db 0xc1, 0x04, 0x74, 0x03, 0xe9, 0x2a, 0xe8, 0xff
    db 0xe6, 0xe8, 0x4b, 0xb7, 0xa0, 0x3c, 0x79, 0xa8
    db 0x04, 0x74, 0x25, 0xa0, 0x99, 0x79, 0xe8, 0xc8
    db 0xe4, 0xa8, 0x01, 0xa0, 0x3d, 0x79, 0x9f, 0x24
    db 0xfd, 0x9e, 0x74, 0x02, 0x0c, 0x02, 0xa2, 0x3d
    db 0x79, 0xe8, 0xc6, 0xab, 0xa2, 0x63, 0x08, 0x58
    db 0x63, 0x22, 0x82, 0x05, 0xb2, 0x98, 0x13, 0x00
    db 0xa0, 0x42, 0x79, 0xa8, 0x01, 0x74, 0x1b, 0xe8
    db 0x9c, 0xd4, 0x7e, 0x16, 0xe8, 0x2d, 0xb5, 0x80
    db 0x0e, 0x56, 0x7a, 0x40, 0xa0, 0x42, 0x79, 0xa8
    db 0x04, 0x74, 0xec, 0xb0, 0x80, 0xa2, 0xa6, 0x79
    db 0xeb, 0xe5, 0x8b, 0x36, 0xa8, 0x79, 0x8b, 0x16
    db 0xff, 0x78, 0x2b, 0xf2, 0x74, 0x0c, 0xa0, 0x90
    db 0x79, 0xa8, 0x01, 0x74, 0x11, 0xe8, 0x12, 0xea
    db 0xeb, 0x0c, 0x8b, 0x36, 0x82, 0x79, 0x8b, 0x16
    db 0xf5, 0x78, 0x2b, 0xf2, 0x74, 0x11, 0x83, 0x3e
    db 0x97, 0x79, 0x00, 0x74, 0x0a, 0xbe, 0x00, 0x00
    db 0x89, 0x36, 0x97, 0x79, 0xe8, 0xdc, 0x02, 0x8b
    db 0x36, 0x47, 0x7a, 0x89, 0x36, 0x45, 0x7a, 0xe8
    db 0xa8, 0xd3, 0xbe, 0x56, 0x7a, 0xf6, 0x04, 0x10
    db 0x74, 0x12, 0xe8, 0xc4, 0xba, 0x80, 0x24, 0xef
    db 0xbe, 0xec, 0x79, 0x80, 0x0c, 0x20, 0xe8, 0xc8
    db 0xf0, 0xe8, 0xd2, 0xf0, 0xa0, 0x22, 0x7f, 0x24
    db 0x7f, 0x74, 0x03, 0xe8, 0x2f, 0x11, 0xa0, 0x42
    db 0x79, 0x8b, 0x36, 0x56, 0x7a, 0x8b, 0xde, 0x22
    db 0xc3, 0x24, 0xc0, 0x74, 0x08, 0xb0, 0x02, 0xa2
    db 0x0e, 0x7a, 0x32, 0xc0, 0xc3, 0xbe, 0xec, 0x79
    db 0xf6, 0x04, 0x08, 0x75, 0x5b, 0xa0, 0xa6, 0x79
    db 0x3c, 0x68, 0x75, 0x03, 0xe9, 0x7b, 0xfc, 0x3c
    db 0x66, 0x74, 0xf9, 0x3c, 0x6c, 0x74, 0xf5, 0xa0
    db 0xd5, 0x78, 0xa8, 0x01, 0x74, 0x33, 0xa0, 0x3c
    db 0x79, 0xa8, 0x04, 0x75, 0x2c, 0xa0, 0x55, 0x7a
    db 0x3c, 0x00, 0x75, 0x25, 0xa0, 0x54, 0x7a, 0x3c
    db 0x0b, 0x73, 0x1e, 0xe8, 0x9f, 0x46, 0x56, 0xba
    db 0xc8, 0x02, 0x2b, 0xf2, 0x5e, 0x72, 0x15, 0x8b
    db 0xde, 0x80, 0xff, 0x00, 0x74, 0x0b, 0x8a, 0xc3
    db 0x3c, 0x1e, 0x72, 0x05, 0x32, 0xc0, 0xa2, 0xda
    db 0x77, 0xe9, 0xea, 0xfb, 0xa0, 0x3c, 0x79, 0xa8
    db 0x04, 0x75, 0xf6, 0xb0, 0x60, 0xe9, 0x27, 0xfc
    db 0x80, 0x24, 0xf7, 0xb0, 0x03, 0xc3, 0x56, 0xb7
    db 0x00, 0x8a, 0x1e, 0x12, 0x78, 0x80, 0xfb, 0xc0
    db 0x72, 0x05, 0x80, 0xfb, 0xd0, 0x72, 0x14, 0xbe
    db 0xb5, 0x57, 0x2e, 0x3a, 0x3c, 0x74, 0x08, 0x2e
    db 0x3a, 0x1c, 0x74, 0x07, 0x46, 0xeb, 0xf3, 0x0a
    db 0xdb, 0x5e, 0xc3, 0x0a, 0xff, 0x5e, 0xc3, 0x22
    db 0x2a, 0x2b, 0x2c, 0x2f, 0x3a, 0x3b, 0x3c, 0x3d
    db 0x3e, 0x3f, 0x5b, 0x5c, 0x5d, 0x7c, 0xe5, 0xd8
    db 0xd9, 0xd5, 0x00, 0xa0, 0x32, 0x79, 0xa8, 0x40
    db 0x74, 0x01, 0xc3, 0xa0, 0x90, 0x79, 0x0a, 0xc0
    db 0x74, 0x01, 0xc3, 0xe8, 0x43, 0xc3, 0x56, 0xe8
    db 0x0b, 0x01, 0x8b, 0x36, 0xdb, 0x78, 0x89, 0x36
    db 0x2e, 0x77, 0x5e, 0x89, 0x36, 0x50, 0x79, 0x8b
    db 0x36, 0xa2, 0x79, 0x89, 0x36, 0x54, 0x79, 0x8b
    db 0x16, 0xa4, 0x79, 0x8b, 0x0e, 0xdf, 0x78, 0x8b
    db 0x36, 0xf5, 0x78, 0xe8, 0xde, 0xec, 0xe9, 0x26
    db 0x01, 0x8b, 0xde, 0x8a, 0xfa, 0x8b, 0xf3, 0x89
    db 0x36, 0xaa, 0x79, 0xa2, 0xac, 0x79, 0x8a, 0xc3
    db 0x3a, 0xc7, 0x75, 0x01, 0xc3, 0xe8, 0xa6, 0xec
    db 0xa0, 0xaa, 0x79, 0xe8, 0x4f, 0xec, 0xa0, 0xac
    db 0x79, 0xe8, 0x94, 0x13, 0xe8, 0xbe, 0xe2, 0x73
    db 0xfb, 0xa0, 0xac, 0x79, 0xe8, 0xe8, 0x13, 0xe8
    db 0x8c, 0xec, 0xb9, 0x00, 0x00, 0x51, 0xa0, 0xab
    db 0x79, 0xe8, 0x31, 0xec, 0xa0, 0xac, 0x79, 0xe8
    db 0x76, 0x13, 0x59, 0x51, 0xe8, 0x41, 0x00, 0x5e
    db 0x9f, 0x50, 0x03, 0xf1, 0x56, 0xa0, 0xac, 0x79
    db 0xe8, 0xc4, 0x13, 0xe8, 0x68, 0xec, 0xa0, 0xaa
    db 0x79, 0xe8, 0x11, 0xec, 0xa0, 0xac, 0x79, 0xe8
    db 0x56, 0x13, 0xe8, 0x57, 0x00, 0xe8, 0x17, 0xf7
    db 0x73, 0x0f, 0xb0, 0x00, 0xa2, 0x49, 0x79, 0xe8
    db 0x95, 0xe2, 0x73, 0xfb, 0x59, 0x5e, 0x9f, 0x50
    db 0x51, 0xa0, 0xac, 0x79, 0xe8, 0x98, 0x13, 0xe8
    db 0x3c, 0xec, 0x59, 0x58, 0x9e, 0x73, 0xae, 0xc3
    db 0xbe, 0x28, 0x7f, 0x89, 0x36, 0xe2, 0x79, 0x83
    db 0xf9, 0x00, 0x74, 0x0c, 0xe8, 0x4e, 0xe2, 0x73
    db 0x01, 0xc3, 0xe8, 0xbf, 0xe2, 0x49, 0xeb, 0xef
    db 0xe8, 0x42, 0xe2, 0x73, 0x01, 0xc3, 0xe8, 0xb3
    db 0xe2, 0x8b, 0x36, 0xe2, 0x79, 0x88, 0x04, 0x46
    db 0x89, 0x36, 0xe2, 0x79, 0x41, 0x8a, 0xc1, 0x3c
    db 0xfa, 0x75, 0xe5, 0xc3, 0xe8, 0x26, 0xe2, 0x72
    db 0x05, 0xe8, 0x98, 0xe2, 0xeb, 0xf6, 0x8b, 0x36
    db 0xe2, 0x79, 0xba, 0x28, 0x7f, 0x2b, 0xf2, 0x75
    db 0x01, 0xc3, 0x8b, 0xde, 0x8a, 0xeb, 0x8b, 0xda
    db 0x8a, 0x07, 0x52, 0xe8, 0x7e, 0xe2, 0x5a, 0x42
    db 0xfe, 0xcd, 0x75, 0xf2, 0xc3, 0xe8, 0xd6, 0xeb
    db 0x8b, 0x36, 0x32, 0x79, 0x89, 0x36, 0xe9, 0x78
    db 0x8b, 0x1e, 0x34, 0x79, 0xb7, 0x00, 0x89, 0x1e
    db 0xf1, 0x78, 0x8b, 0x36, 0x7d, 0x79, 0x89, 0x36
    db 0x58, 0x7a, 0xbe, 0xb1, 0x5a, 0xe8, 0x87, 0x01
    db 0x8b, 0x16, 0xe9, 0x78, 0xe8, 0xa0, 0xe0, 0x89
    db 0x16, 0xed, 0x78, 0xc6, 0x06, 0xd5, 0x78, 0x00
    db 0xa0, 0xd6, 0x78, 0x0a, 0xc0, 0x78, 0x01, 0xc3
    db 0xe8, 0x17, 0xa9, 0x4e, 0x02, 0x00, 0xc3, 0xe8
    db 0x4d, 0x02, 0x8b, 0x36, 0xe9, 0x78, 0x56, 0xa0
    db 0xf1, 0x78, 0x50, 0x8b, 0x36, 0x58, 0x7a, 0x56
    db 0xa0, 0x9b, 0x79, 0xe8, 0x2f, 0xeb, 0x5e, 0x89
    db 0x36, 0x7d, 0x79, 0x58, 0xa2, 0x34, 0x79, 0x5e
    db 0x89, 0x36, 0x32, 0x79, 0xe8, 0x6f, 0xeb, 0xc3
    db 0x8b, 0x36, 0xf3, 0x78, 0x8b, 0x16, 0x9d, 0x79
    db 0xb6, 0x00, 0x03, 0xf2, 0x4e, 0x89, 0x36, 0xaa
    db 0x79, 0xb5, 0x10, 0xbe, 0xfe, 0x7e, 0x8b, 0x14
    db 0x46, 0x80, 0xfe, 0x80, 0x74, 0x12, 0x46, 0x56
    db 0x8b, 0x36, 0xaa, 0x79, 0x32, 0xc0, 0x2b, 0xf2
    db 0x5e, 0x79, 0x01, 0xc3, 0xfe, 0xcd, 0x75, 0xe6
    db 0xb0, 0x02, 0xc3, 0xc7, 0x06, 0x97, 0x79, 0x00
    db 0x00, 0xbe, 0xfe, 0x7e, 0xc7, 0x04, 0x80, 0x80
    db 0x46, 0x46, 0xb5, 0x20, 0xeb, 0x11, 0xc7, 0x06
    db 0x97, 0x79, 0x00, 0x00, 0xbe, 0xfe, 0x7e, 0xc7
    db 0x04, 0x1e, 0x00, 0x46, 0x46, 0xb5, 0x20, 0xc6
    db 0x04, 0x80, 0x46, 0xfe, 0xcd, 0x75, 0xf8, 0xe8
    db 0x12, 0x00, 0xc3, 0x8b, 0x16, 0x32, 0x79, 0xf6
    db 0xc2, 0x40, 0x74, 0x01, 0xc3, 0xe8, 0x04, 0x00
    db 0xe8, 0x00, 0xfe, 0xc3, 0x8b, 0x36, 0x12, 0x79
    db 0x56, 0xa0, 0x3c, 0x79, 0x50, 0xe8, 0x15, 0xff
    db 0x58, 0xa2, 0x3c, 0x79, 0xe8, 0x0e, 0xe1, 0x73
    db 0xfb, 0xb5, 0x86, 0xbe, 0x6c, 0x5b, 0x2e, 0x8a
    db 0x04, 0x4e, 0x56, 0xe8, 0x43, 0xe1, 0x5e, 0xfe
    db 0xcd, 0x75, 0xf3, 0x8b, 0x16, 0x16, 0x79, 0x83
    db 0xfa, 0x00, 0x74, 0x0c, 0xb1, 0x02, 0xe8, 0x9b
    db 0x01, 0xe8, 0x8e, 0x01, 0xa8, 0x10, 0x74, 0xf9
    db 0xbe, 0xfe, 0x7e, 0x8b, 0x14, 0x46, 0x46, 0x80
    db 0xfe, 0x80, 0x74, 0x0e, 0xf6, 0xc6, 0x80, 0x75
    db 0xf2, 0x56, 0xb0, 0x20, 0xe8, 0x40, 0x00, 0x5e
    db 0xeb, 0xe9, 0xe8, 0x5a, 0x01, 0x8b, 0x16, 0x14
    db 0x79, 0xb0, 0x29, 0xe8, 0x31, 0x00, 0xe8, 0x4e
    db 0x01, 0x8b, 0x16, 0x97, 0x79, 0x83, 0xfa, 0x00
    db 0x74, 0x08, 0xb0, 0x27, 0xe8, 0x20, 0x00, 0xe8
    db 0x3d, 0x01, 0x5a, 0xb5, 0x26, 0x8a, 0xc2, 0x0a
    db 0xc6, 0x8a, 0xc5, 0x74, 0x03, 0xe8, 0x0f, 0x00
    db 0xe8, 0x2c, 0x01, 0xe8, 0x40, 0x01, 0xb2, 0x2a
    db 0xe8, 0x2e, 0x01, 0xe8, 0xd1, 0xfe, 0xc3, 0x50
    db 0x8b, 0x36, 0xf3, 0x78, 0x2b, 0xf2, 0x74, 0x25
    db 0x52, 0xb1, 0x02, 0xe8, 0x2e, 0x01, 0x5a, 0x8b
    db 0x36, 0xf3, 0x78, 0x2b, 0xf2, 0x74, 0x16, 0x73
    db 0x02, 0x58, 0xc3, 0x56, 0xe8, 0x13, 0x01, 0x5e
    db 0x58, 0x3c, 0x20, 0x75, 0x0c, 0x04, 0x06, 0x8b
    db 0xde, 0x2a, 0xc3, 0xeb, 0x04, 0xe8, 0x06, 0x01
    db 0x58, 0x8a, 0xd0, 0xe8, 0xef, 0x00, 0xc3, 0x2e
    db 0x8b, 0x14, 0x46, 0x46, 0x83, 0xfa, 0x00, 0x75
    db 0x01, 0xc3, 0x2e, 0x8a, 0x04, 0x8b, 0xda, 0x88
    db 0x07, 0x46, 0x43, 0x2e, 0x8a, 0x04, 0x88, 0x07
    db 0x46, 0xeb, 0xe4, 0xe7, 0x78, 0xff, 0xff, 0xeb
    db 0x78, 0xff, 0xff, 0xef, 0x78, 0xfe, 0x00, 0xf3
    db 0x78, 0x00, 0x00, 0xf5, 0x78, 0x00, 0x00, 0xfb
    db 0x78, 0x00, 0x00, 0x12, 0x79, 0x00, 0x00, 0xf7
    db 0x78, 0x00, 0x00, 0xdf, 0x78, 0x00, 0x00, 0x0e
    db 0x79, 0x00, 0x00, 0x3c, 0x79, 0x00, 0x00, 0x3e
    db 0x79, 0x0a, 0x06, 0xa4, 0x79, 0x02, 0x00, 0x00
    db 0x00, 0x30, 0x2c, 0x2c, 0x2c, 0x2c, 0x2b, 0x2c
    db 0x2c, 0x2c, 0x2c, 0x31, 0x2c, 0x2c, 0x2c, 0x2c
    db 0x2b, 0x2c, 0x2c, 0x2c, 0x2c, 0x32, 0x2c, 0x2c
    db 0x2c, 0x2c, 0x2b, 0x2c, 0x2c, 0x2c, 0x2c, 0x33
    db 0x2c, 0x2c, 0x2c, 0x2c, 0x2b, 0x2c, 0x2c, 0x2c
    db 0x2c, 0x34, 0x2c, 0x2c, 0x2c, 0x2c, 0x2b, 0x2c
    db 0x2c, 0x2c, 0x2c, 0x35, 0x2c, 0x2c, 0x2c, 0x2c
    db 0x2b, 0x2c, 0x2c, 0x2c, 0x2c, 0x36, 0x2c, 0x2c
    db 0x2c, 0x2c, 0x2b, 0x2c, 0x2c, 0x2c, 0x2c, 0x37
    db 0x2c, 0x2c, 0x2c, 0x2c, 0x2b, 0x2c, 0x2c, 0x2c
    db 0x2c, 0x38, 0x2c, 0x2c, 0x2c, 0x2c, 0x2b, 0x2c
    db 0x2c, 0x2c, 0x2c, 0x39, 0x2c, 0x2c, 0x2c, 0x2c
    db 0x2b, 0x2c, 0x2c, 0x2c, 0x2c, 0x2d, 0x2c, 0x2c
    db 0x2c, 0x2c, 0x2b, 0x2c, 0x2c, 0x2c, 0x2c, 0x2e
    db 0x2c, 0x2c, 0x2c, 0x2c, 0x2b, 0x2c, 0x2c, 0x2c
    db 0x2c, 0x2f, 0x2c, 0x2c, 0x2c, 0x2c, 0x2b, 0x2c
    db 0x2c, 0x2c, 0x2c, 0x3a, 0x2c, 0x2c, 0x2c, 0x70
    db 0x31, 0x34, 0xa1, 0xa4, 0x32, 0x12, 0x72, 0x2a
    db 0x22, 0x11, 0x21, 0x24, 0x3a, 0x02, 0x39, 0xb1
    db 0x11, 0xb2, 0xff, 0xeb, 0x17, 0xb1, 0x0a, 0xeb
    db 0x02, 0xb1, 0x3a, 0x8a, 0xc2, 0xa2, 0xc3, 0x79
    db 0xeb, 0x0a, 0xb1, 0x19, 0xeb, 0x02, 0xb1, 0x29
    db 0xb2, 0x00, 0xeb, 0x00, 0xff, 0x36, 0xef, 0x75
    db 0xc7, 0x06, 0xef, 0x75, 0xc3, 0x79, 0xc6, 0x06
    db 0x56, 0x79, 0x00, 0xa0, 0x3d, 0x79, 0xa2, 0x9a
    db 0x79, 0xa0, 0x3e, 0x79, 0xa2, 0x5f, 0x79, 0xa0
    db 0xe5, 0x78, 0xa2, 0x6b, 0x79, 0x8b, 0x36, 0xf5
    db 0x78, 0x89, 0x36, 0x46, 0x79, 0x8b, 0x36, 0x28
    db 0x79, 0x89, 0x36, 0x63, 0x79, 0x8b, 0x36, 0xf3
    db 0x78, 0x89, 0x36, 0x44, 0x79, 0x8a, 0xc1, 0x24
    db 0x0f, 0xb4, 0x00, 0x8b, 0xf0, 0x81, 0xc6, 0x6d
    db 0x5b, 0x2e, 0x8a, 0x2c, 0xc7, 0x06, 0xed, 0x75
    db 0x3b, 0x79, 0xa0, 0x0e, 0x79, 0x0a, 0xc0, 0x75
    db 0x03, 0xe9, 0xa3, 0x00, 0xf6, 0xc5, 0x04, 0x75
    db 0x03, 0xe9, 0x82, 0x00, 0x89, 0x16, 0x88, 0x79
    db 0x8b, 0x36, 0xf3, 0x78, 0xf6, 0xc1, 0x10, 0x74
    db 0x48, 0x8b, 0x36, 0x12, 0x79, 0x2b, 0xf2, 0x72
    db 0x04, 0x03, 0xf2, 0x87, 0xd6, 0x89, 0x16, 0xf3
    db 0x78, 0x8b, 0x36, 0x2a, 0x79, 0x87, 0xd6, 0x32
    db 0xc0, 0x2b, 0xf2, 0x73, 0x1d, 0xa0, 0x0e, 0x79
    db 0x3c, 0xff, 0x75, 0x0d, 0x52, 0xb7, 0x06, 0x53
    db 0xe8, 0xad, 0xdf, 0x5b, 0xfe, 0xcf, 0x75, 0xf7
    db 0x5a, 0x89, 0x16, 0xf3, 0x78, 0x32, 0xc0, 0xa2
    db 0x0e, 0x79, 0x0c, 0x80, 0x0c, 0x01, 0xa2, 0x3b
    db 0x79, 0xb0, 0xee, 0xa2, 0x93, 0x79, 0xe9, 0xee
    db 0x03, 0x87, 0xd6, 0x89, 0x36, 0xf3, 0x78, 0xba
    db 0x05, 0x00, 0x03, 0xf2, 0x8b, 0x16, 0x2c, 0x79
    db 0x32, 0xc0, 0x2b, 0xf2, 0x72, 0xdc, 0xa0, 0x0e
    db 0x79, 0x3c, 0xfe, 0x75, 0xcc, 0x52, 0x8b, 0xde
    db 0xb7, 0x06, 0x53, 0xe8, 0x23, 0xdf, 0x5b, 0xfe
    db 0xcf, 0x75, 0xf7, 0x5a, 0xeb, 0xbb, 0x0a, 0xc0
    db 0x79, 0x10, 0xa8, 0x01, 0x8b, 0x36, 0x2c, 0x79
    db 0x75, 0x04, 0x8b, 0x36, 0x2a, 0x79, 0x89, 0x36
    db 0xf3, 0x78, 0x32, 0xc0, 0xa2, 0x0e, 0x79, 0x89
    db 0x16, 0x88, 0x79, 0xf6, 0xc5, 0x80, 0x74, 0x41
    db 0xa0, 0x9e, 0x79, 0x0a, 0xc0, 0x74, 0x3a, 0x51
    db 0xa0, 0xe5, 0x78, 0x50, 0xa0, 0x3e, 0x79, 0x50
    db 0xa0, 0x3d, 0x79, 0xb5, 0xfd, 0x22, 0xc5, 0x50
    db 0xe8, 0x68, 0x05, 0xb0, 0xff, 0xe8, 0xa4, 0xde
    db 0x59, 0x32, 0xc0, 0xe8, 0x3d, 0x06, 0x58, 0x8b
    db 0x0e, 0x3e, 0x79, 0xe8, 0x72, 0x05, 0x58, 0x8b
    db 0x0e, 0xe5, 0x78, 0xe8, 0x61, 0x05, 0xbe, 0x29
    db 0x80, 0x89, 0x36, 0x61, 0x7a, 0xe8, 0x4d, 0x05
    db 0x59, 0xf6, 0xc1, 0x10, 0x74, 0x29, 0xf6, 0xc5
    db 0x20, 0x75, 0x08, 0x8b, 0x1e, 0xef, 0x75, 0x8a
    db 0x07, 0xeb, 0x12, 0xf6, 0xc5, 0x10, 0x74, 0x08
    db 0xe8, 0xe5, 0xde, 0x73, 0x7b, 0xe9, 0x73, 0x04
    db 0xe8, 0x0c, 0xde, 0x72, 0xf8, 0xf6, 0xc5, 0x10
    db 0x74, 0x6e, 0xe8, 0x24, 0xde, 0xeb, 0x69, 0xf6
    db 0xc5, 0x20, 0x75, 0x28, 0xf6, 0xc1, 0x40, 0x75
    db 0x08, 0x8b, 0x1e, 0xef, 0x75, 0x8a, 0x07, 0xeb
    db 0x32, 0xbe, 0x91, 0x79, 0x8a, 0x04, 0x3c, 0x00
    db 0x75, 0x03, 0xe9, 0xf9, 0x03, 0xfe, 0x0c, 0x8b
    db 0x36, 0xe2, 0x79, 0x8a, 0x04, 0x46, 0x89, 0x36
    db 0xe2, 0x79, 0xeb, 0x17, 0xf6, 0xc5, 0x10, 0x74
    db 0x0d, 0xf6, 0xc1, 0x80, 0x75, 0x08, 0xe8, 0x50
    db 0xde, 0x73, 0x2d, 0xe9, 0x43, 0x04, 0xe8, 0x9c
    db 0xdd, 0x72, 0xf8, 0xf6, 0xc1, 0x80, 0x74, 0x18
    db 0x80, 0x3e, 0x56, 0x79, 0x00, 0x75, 0x11, 0x8a
    db 0xd8, 0x3c, 0xe4, 0x74, 0x06, 0x24, 0xfc, 0x3c
    db 0xe0, 0x75, 0x03, 0xe9, 0x73, 0xff, 0x8a, 0xc3
    db 0xf6, 0xc5, 0x10, 0x74, 0x03, 0xe8, 0xec, 0xdd
    db 0xf6, 0xc5, 0x08, 0x74, 0x15, 0x8b, 0x36, 0x91
    db 0x79, 0x46, 0x81, 0xe6, 0xff, 0x00, 0x74, 0x76
    db 0x89, 0x36, 0x91, 0x79, 0x81, 0xc6, 0x28, 0x7f
    db 0x88, 0x04, 0xa2, 0x93, 0x79, 0xf6, 0xc5, 0x80
    db 0x74, 0x35, 0xa0, 0x9e, 0x79, 0x3c, 0x00, 0x74
    db 0x2e, 0xa0, 0x56, 0x79, 0x3c, 0x00, 0x75, 0x0b
    db 0xa0, 0x93, 0x79, 0x3c, 0xeb, 0x74, 0x20, 0x3c
    db 0xea, 0x74, 0x1c, 0x8b, 0x16, 0x61, 0x7a, 0xbe
    db 0xa8, 0x80, 0x2b, 0xf2, 0x79, 0x03, 0xe8, 0x39
    db 0x04, 0xa0, 0x93, 0x79, 0x8b, 0xda, 0x88, 0x07
    db 0x43, 0x89, 0x1e, 0x61, 0x7a, 0x8b, 0xd3, 0x80
    db 0x3e, 0x56, 0x79, 0x00, 0xa0, 0x93, 0x79, 0x74
    db 0x25, 0x8b, 0x1e, 0xef, 0x75, 0x88, 0x07, 0xf6
    db 0xc1, 0x10, 0x74, 0x06, 0xff, 0x0e, 0xef, 0x75
    db 0xeb, 0x04, 0xff, 0x06, 0xef, 0x75, 0xbe, 0x56
    db 0x79, 0xfe, 0x0c, 0x74, 0x03, 0xe9, 0xe9, 0xfe
    db 0xe9, 0x72, 0x05, 0xe9, 0x8c, 0x01, 0xe8, 0x75
    db 0xc7, 0x3c, 0x00, 0x75, 0xf6, 0xf6, 0xc1, 0x20
    db 0x75, 0x39, 0xf6, 0x06, 0x3b, 0x79, 0x02, 0x75
    db 0x43, 0xf6, 0x06, 0x3d, 0x79, 0x04, 0x74, 0x14
    db 0x8b, 0x36, 0x09, 0x79, 0x87, 0xd6, 0x2b, 0xf2
    db 0x78, 0x21, 0x87, 0xd6, 0x03, 0xf2, 0x89, 0x36
    db 0x09, 0x79, 0xeb, 0x04, 0x89, 0x16, 0x09, 0x79
    db 0xf6, 0xc1, 0x10, 0x75, 0x18, 0x01, 0x16, 0x8b
    db 0x79, 0xf6, 0xc5, 0x10, 0x75, 0x08, 0xf6, 0xc5
    db 0x08, 0x74, 0x03, 0xe9, 0xf9, 0x01, 0x01, 0x16
    db 0xf3, 0x78, 0xe9, 0xf2, 0x01, 0x29, 0x16, 0xf3
    db 0x78, 0xe9, 0xeb, 0x01, 0x8b, 0x36, 0xf5, 0x78
    db 0xf6, 0xc1, 0x10, 0x74, 0x03, 0xe9, 0xf4, 0x00
    db 0x8b, 0x36, 0xf3, 0x78, 0x89, 0x36, 0x20, 0x7f
    db 0xf6, 0xc5, 0x10, 0x75, 0x08, 0xf6, 0xc5, 0x08
    db 0x74, 0x03, 0xe9, 0xca, 0x01, 0x8b, 0x36, 0x28
    db 0x79, 0x83, 0xc6, 0x02, 0x89, 0x36, 0x28, 0x79
    db 0x8b, 0x36, 0xf5, 0x78, 0x8b, 0x16, 0xe5, 0x78
    db 0x03, 0xf2, 0x89, 0x36, 0xf5, 0x78, 0x8b, 0x16
    db 0xfd, 0x78, 0x2b, 0xf2, 0x78, 0x07, 0x74, 0x05
    db 0xf6, 0xc5, 0x04, 0x74, 0x03, 0xe9, 0x99, 0x00
    db 0xa0, 0xd5, 0x78, 0xa8, 0x01, 0x74, 0xcb, 0xb0
    db 0xef, 0xe8, 0xb8, 0xdc, 0xb0, 0x06, 0xe8, 0xb3
    db 0xdc, 0xa0, 0xf5, 0x78, 0xe8, 0xad, 0xdc, 0xa0
    db 0xf6, 0x78, 0xe8, 0xa7, 0xdc, 0xa0, 0x11, 0x79
    db 0x50, 0xe8, 0xa0, 0xdc, 0x58, 0xa8, 0x80, 0xb0
    db 0x00, 0x74, 0x02, 0xfe, 0xc8, 0xe8, 0x94, 0xdc
    db 0xb0, 0xef, 0xe8, 0x8f, 0xdc, 0x32, 0xc0, 0xa2
    db 0x11, 0x79, 0x8b, 0x36, 0x01, 0x79, 0x8b, 0x16
    db 0x46, 0x79, 0xa0, 0xa1, 0x79, 0xa8, 0x01, 0x74
    db 0x08, 0x8b, 0x36, 0x28, 0x79, 0x8b, 0x16, 0x63
    db 0x79, 0x2b, 0xf2, 0xa0, 0x17, 0x77, 0xa8, 0x01
    db 0x75, 0x16, 0x8b, 0x36, 0xfd, 0x78, 0x46, 0x46
    db 0x2b, 0xf2, 0x46, 0x46, 0x8b, 0x16, 0xd9, 0x78
    db 0x03, 0xf2, 0x8b, 0x16, 0x07, 0x79, 0xeb, 0x09
    db 0x8b, 0x16, 0xd9, 0x78, 0x03, 0xf2, 0xba, 0x00
    db 0x00, 0x89, 0x36, 0xd9, 0x78, 0x89, 0x16, 0x46
    db 0x79, 0x8b, 0x36, 0x07, 0x79, 0x89, 0x36, 0xfb
    db 0x78, 0x89, 0x36, 0xf5, 0x78, 0x89, 0x36, 0x28
    db 0x79, 0x89, 0x36, 0x63, 0x79, 0xff, 0x06, 0xff
    db 0x78, 0x8b, 0x36, 0x12, 0x79, 0x89, 0x36, 0x05
    db 0x79, 0x8b, 0x36, 0xf7, 0x78, 0x89, 0x36, 0x12
    db 0x79, 0x8b, 0x36, 0x12, 0x79, 0x89, 0x36, 0xf3
    db 0x78, 0xe9, 0xeb, 0x00, 0x83, 0xfe, 0x00, 0x74
    db 0x17, 0x8b, 0x16, 0xe5, 0x78, 0x2b, 0xf2, 0x89
    db 0x36, 0xf5, 0x78, 0x8b, 0x36, 0x28, 0x79, 0xba
    db 0x02, 0x00, 0x2b, 0xf2, 0x89, 0x36, 0x28, 0x79
    db 0x8b, 0x36, 0x20, 0x7f, 0x89, 0x36, 0xf3, 0x78
    db 0x8b, 0x36, 0x12, 0x79, 0x89, 0x36, 0xf7, 0x78
    db 0x8b, 0x36, 0x05, 0x79, 0x89, 0x36, 0x12, 0x79
    db 0xeb, 0xc7, 0xa2, 0x40, 0x79, 0x3c, 0x70, 0x75
    db 0x4b, 0x89, 0x16, 0x56, 0x79, 0xc7, 0x06, 0xef
    db 0x75, 0xc3, 0x79, 0xbe, 0x01, 0x00, 0xf6, 0xc1
    db 0x10, 0x74, 0x0d, 0xbe, 0xff, 0xff, 0x52, 0x03
    db 0x16, 0xef, 0x75, 0x89, 0x16, 0xef, 0x75, 0x5a
    db 0xa0, 0x93, 0x79, 0x8b, 0x1e, 0xef, 0x75, 0x88
    db 0x07, 0x87, 0xd6, 0x01, 0x16, 0xef, 0x75, 0x83
    db 0xfe, 0x00, 0x74, 0x03, 0xe9, 0x1a, 0xfd, 0xa0
    db 0x93, 0x79, 0x3c, 0x1e, 0x74, 0x09, 0x3c, 0x1f
    db 0x75, 0x6d, 0xb0, 0x72, 0xe9, 0x27, 0xfe, 0xb0
    db 0x52, 0xe9, 0x22, 0xfe, 0xa8, 0x40, 0x74, 0x38
    db 0xf6, 0xc5, 0x10, 0x74, 0x33, 0xa0, 0x93, 0x79
    db 0x8a, 0xd0, 0xf6, 0xc5, 0x01, 0x74, 0x09, 0xa0
    db 0x88, 0x79, 0x3a, 0xc2, 0x74, 0x22, 0x8a, 0xc2
    db 0x3c, 0xf0, 0x73, 0x1c, 0xf6, 0xc1, 0x10, 0x74
    db 0x0a, 0xe8, 0xe9, 0xda, 0x34, 0x01, 0xe8, 0x28
    db 0xdb, 0xeb, 0x08, 0xe8, 0x01, 0xdb, 0x34, 0x01
    db 0xe8, 0x51, 0xdb, 0x34, 0x01, 0xa2, 0x99, 0x79
    db 0xbe, 0x3d, 0x79, 0x8a, 0x04, 0x34, 0xff, 0x86
    db 0xc4, 0x50, 0xa0, 0x40, 0x79, 0xe8, 0x47, 0x02
    db 0x5e, 0x8b, 0xde, 0x22, 0xc7, 0xa8, 0x04, 0x74
    db 0x07, 0xbe, 0x00, 0x00, 0x89, 0x36, 0x09, 0x79
    db 0xb0, 0x00, 0x0c, 0x20, 0xa2, 0x3b, 0x79, 0xf6
    db 0xc5, 0x08, 0x74, 0x0a, 0xa0, 0x91, 0x79, 0x3c
    db 0xf0, 0x72, 0x03, 0xe9, 0xd8, 0x00, 0x8b, 0x36
    db 0x88, 0x79, 0xf6, 0xc5, 0x04, 0x74, 0x5a, 0x8b
    db 0x1e, 0xed, 0x75, 0xf6, 0x87, 0x02, 0x00, 0x04
    db 0x75, 0x64, 0xf6, 0xc1, 0x10, 0x8b, 0x16, 0xf3
    db 0x78, 0x75, 0x2b, 0xa0, 0x3b, 0x79, 0xa8, 0x02
    db 0x75, 0x67, 0x87, 0xd6, 0x2b, 0xf2, 0x73, 0x5c
    db 0xba, 0x00, 0x00, 0x03, 0xf2, 0x74, 0x03, 0xe9
    db 0x8d, 0xfc, 0xa0, 0x93, 0x79, 0x3c, 0xe9, 0x75
    db 0xf6, 0xa0, 0xc4, 0x79, 0x3c, 0x02, 0x74, 0xef
    db 0x3c, 0x06, 0x74, 0xeb, 0xeb, 0x3e, 0xa0, 0x3b
    db 0x79, 0xa8, 0x02, 0x75, 0x3c, 0x2b, 0xf2, 0x73
    db 0xaa, 0xba, 0x00, 0x00, 0x46, 0x75, 0x07, 0xa0
    db 0x93, 0x79, 0x3c, 0xe9, 0x74, 0x78, 0xe9, 0x35
    db 0xfc, 0xf6, 0xc5, 0x02, 0x74, 0x2d, 0xf6, 0xc1
    db 0x80, 0x74, 0x0e, 0x8b, 0x1e, 0xed, 0x75, 0xf6
    db 0x87, 0x02, 0x00, 0x04, 0x74, 0x03, 0xe9, 0x18
    db 0xfc, 0xa0, 0x3b, 0x79, 0x8b, 0xde, 0x22, 0xc3
    db 0x3a, 0xc3, 0x75, 0xf2, 0xf6, 0xc5, 0x40, 0x74
    db 0x4d, 0x80, 0xf1, 0x10, 0xb2, 0x00, 0xb5, 0x32
    db 0xe9, 0xb4, 0xfb, 0xf6, 0xc5, 0x01, 0x74, 0x33
    db 0x8b, 0xc6, 0x3c, 0x00, 0x75, 0x22, 0x8b, 0x16
    db 0x54, 0x7a, 0x80, 0xfe, 0x00, 0x75, 0x19, 0xf6
    db 0x06, 0xd5, 0x78, 0x01, 0x74, 0x12, 0x8a, 0xc2
    db 0x3c, 0x08, 0x73, 0x0c, 0x56, 0xe8, 0xf5, 0x3c
    db 0xba, 0xa0, 0x00, 0x2b, 0xf2, 0x5e, 0x72, 0x16
    db 0xa0, 0x93, 0x79, 0x8b, 0xde, 0x3a, 0xc3, 0x75
    db 0xad, 0xeb, 0xb9, 0xa0, 0x3b, 0x79, 0x8b, 0xde
    db 0x3a, 0xc3, 0x75, 0xa2, 0xeb, 0xae, 0xe8, 0x35
    db 0x00, 0x8b, 0x36, 0xf5, 0x78, 0x8b, 0x16, 0x46
    db 0x79, 0xa0, 0xa1, 0x79, 0xa8, 0x01, 0x74, 0x08
    db 0x8b, 0x36, 0x28, 0x79, 0x8b, 0x16, 0x63, 0x79
    db 0x2b, 0xf2, 0x8b, 0x16, 0xd9, 0x78, 0x03, 0xf2
    db 0x89, 0x36, 0xd9, 0x78, 0xf6, 0xc5, 0x80, 0x75
    db 0x4b, 0xa0, 0x93, 0x79, 0x8a, 0xd0, 0xa0, 0x3b
    db 0x79, 0x8f, 0x06, 0xef, 0x75, 0xc3, 0x8b, 0x36
    db 0xf3, 0x78, 0x8b, 0x16, 0x44, 0x79, 0x2b, 0xf2
    db 0x8b, 0x16, 0xd7, 0x78, 0x03, 0xf2, 0x89, 0x36
    db 0xd7, 0x78, 0xc3, 0xe8, 0xe8, 0xff, 0x8b, 0x36
    db 0xf3, 0x78, 0x89, 0x36, 0x44, 0x79, 0x8b, 0x36
    db 0x12, 0x79, 0x89, 0x36, 0xf3, 0x78, 0x8b, 0x1e
    db 0xed, 0x75, 0xc6, 0x87, 0x00, 0x00, 0x1f, 0xeb
    db 0x95, 0x8b, 0x1e, 0xed, 0x75, 0xc6, 0x87, 0x00
    db 0x00, 0x1f, 0xeb, 0x8a, 0x80, 0x3e, 0x9e, 0x79
    db 0x00, 0x74, 0x35, 0xa0, 0x3d, 0x79, 0x24, 0xfd
    db 0x50, 0xe8, 0x4e, 0x00, 0xe8, 0x74, 0x00, 0xe8
    db 0x5d, 0xd9, 0x8b, 0xde, 0x8a, 0xf8, 0x8b, 0xf3
    db 0x8b, 0xec, 0x87, 0x76, 0x00, 0x56, 0x3c, 0xfe
    db 0x73, 0x03, 0xe8, 0x9f, 0xd9, 0x58, 0xb5, 0x00
    db 0xe8, 0x38, 0x01, 0x58, 0x86, 0xe0, 0x3c, 0xfe
    db 0x72, 0x03, 0xe8, 0x8f, 0xd9, 0xe8, 0x55, 0x00
    db 0x8f, 0x06, 0xef, 0x75, 0xc3
write_redraw_mode_table_byte_C688_61DB:
    db 0x8b, 0x1e, 0xed, 0x75    ; mov bx,[0x75ed]
    db 0x88, 0x87    ; 0300 mov [bx+0x0003],al
    db 0x03, 0x00
    db 0x8a, 0xd0    ; mov dl,al
    db 0xb6, 0x00    ; mov dh,0
    db 0x8b, 0xf2    ; mov si,dx
    db 0x81, 0xc6, 0x18, 0x71    ; add si,0x7118
    db 0x2e, 0x8b, 0x14    ; mov dx,[cs:si]
    db 0x46    ; inc si
    db 0x8a, 0xc6    ; mov al,dh
    db 0x88, 0x87    ; 0400 mov [bx+0x0004],al
    db 0x04, 0x00
    db 0xc3    ; ret
    db 0x51, 0xe8, 0x25, 0x00, 0xba, 0x29, 0x80, 0x8b
    db 0x36, 0x61, 0x7a, 0x2b, 0xf2, 0x74, 0x12, 0x8b
    db 0xde, 0x8a, 0xeb, 0x8b, 0xda, 0x8a, 0x07, 0x42
    db 0x52, 0xe8, 0x4e, 0xd9, 0x5a, 0xfe, 0xcd, 0x75
    db 0xf2, 0xe8, 0x0f, 0x00, 0xba, 0x29, 0x80, 0x59
    db 0xc3, 0xe8, 0xa0, 0xe2, 0xa0, 0x9e, 0x79, 0xe8
    db 0x49, 0xe2, 0xc3, 0xe8, 0x96, 0xe2, 0xa0, 0x9c
    db 0x79, 0xe8, 0x3f, 0xe2, 0xc3, 0xb5, 0xed, 0xe8
    db 0x12, 0x00, 0xa2, 0xe5, 0x78, 0xc3, 0xb5, 0xec
    db 0xe8, 0x09, 0x00, 0xe8, 0x95, 0xff, 0xc3, 0x3a
    db 0xc1, 0x75, 0x01, 0xc3, 0x9f, 0x50, 0x8a, 0xc5
    db 0xe8, 0x0f, 0xd9, 0x58, 0x9e, 0xe8, 0x0a, 0xd9
    db 0x8b, 0xde, 0x8a, 0xf8, 0x8a, 0xc1, 0x8a, 0xcf
    db 0x8b, 0xf3, 0xe8, 0xfd, 0xd8, 0x8a, 0xc5, 0xe8
    db 0xf8, 0xd8, 0x8a, 0xc1, 0xc3
merge_redraw_marker_mask_C688_626D:
    db 0x87, 0x06, 0xf1, 0x75    ; xchg [0x75f1],ax
    db 0xa0, 0x3b, 0x79    ; mov al,[0x793b]
    db 0x8a, 0xf0    ; mov dh,al
    db 0xf6, 0xd0    ; not al
    db 0x8a, 0xd0    ; mov dl,al
    db 0x8a, 0x04    ; mov al,[si]
    db 0x22, 0xc2    ; and al,dl
    db 0x8a, 0xd0    ; mov dl,al
    db 0x87, 0x06, 0xf1, 0x75    ; xchg [0x75f1],ax
    db 0x32, 0xc1    ; xor al,cl
    db 0xa8, 0x10    ; test al,0x10
    db 0x8a, 0xc2    ; mov al,dl
    jz loc_628E
    db 0x0a, 0xc6    ; or al,dh
loc_628E:
    db 0x88, 0x04    ; mov [si],al
    db 0xc3    ; ret
    db 0xe8, 0xf3, 0xf8, 0xe8, 0xf9, 0xf8, 0xa8, 0x10
    db 0x75, 0x1f, 0xa8, 0x20, 0x75, 0x0c, 0x8a, 0xc2
    db 0x3c, 0xec, 0x74, 0xec, 0x3c, 0xed, 0x74, 0xe8
    db 0xeb, 0x0c, 0x8a, 0xc2, 0x24, 0xfe, 0x3c, 0xeb
    db 0x72, 0x04, 0x3c, 0xf4, 0x75, 0xda, 0xe8, 0xc9
    db 0xf8, 0xa0, 0x3d, 0x79, 0x50, 0xe8, 0xd3, 0xf8
    db 0xa8, 0x10, 0x75, 0x25, 0xa8, 0x20, 0x75, 0x13
    db 0x8a, 0xc2, 0x3c, 0xe8, 0x74, 0x08, 0x3c, 0xec
    db 0x74, 0x04, 0x3c, 0xed, 0x75, 0x11, 0xe8, 0xa9
    db 0xf8, 0xeb, 0xe2, 0x8a, 0xc2, 0x24, 0xfe, 0x3c
    db 0xf4, 0x74, 0x04, 0x3c, 0xeb, 0x73, 0xd6, 0x32
    db 0xc0, 0xa8, 0x10, 0xa0, 0x3d, 0x79, 0x9f, 0x86
    db 0xe0, 0x50, 0x75, 0x03, 0xe8, 0x8f, 0xf8, 0x59
    db 0x58, 0x80, 0xe5, 0xfb, 0x24, 0xfb, 0x9e, 0xc3
    db 0xbe, 0x62, 0x3b, 0xeb, 0x03, 0xbe, 0x83, 0x5b
    db 0x8a, 0xc8, 0x8a, 0xc5, 0x34, 0xff, 0x22, 0xc1
    db 0x51, 0x8a, 0xe0, 0x24, 0xfb, 0xf6, 0xc4, 0x04
    db 0x74, 0x09, 0x9f, 0x50, 0xb2, 0xf5, 0xe8, 0x3e
    db 0x00, 0x58, 0x9e, 0xb2, 0xf1, 0xe8, 0x1f, 0x00
    db 0x59, 0x8a, 0xc1, 0x34, 0xff, 0x22, 0xc5, 0x8a
    db 0xe0, 0x24, 0xfb, 0xf6, 0xc4, 0x04, 0x9f, 0x50
    db 0xb2, 0xf0, 0xe8, 0x0a, 0x00, 0xb2, 0xf4, 0x58
    db 0x9e, 0x74, 0x03, 0xe8, 0x19, 0x00, 0xc3, 0x0a
    db 0xc0, 0x75, 0x01, 0xc3, 0xa8, 0x01, 0x50, 0x52
    db 0x74, 0x03, 0xe8, 0x0a, 0x00, 0x5a, 0x58, 0xfe
    db 0xc2, 0xfe, 0xc2, 0xd0, 0xe8, 0xeb, 0xe8, 0x56
    db 0xb9, 0x69, 0x63, 0x51, 0x8a, 0xc2, 0xff, 0xe6
    db 0x5e, 0xc3, 0xbe, 0x00, 0x00, 0x89, 0x36, 0x09
    db 0x79, 0xa0, 0x93, 0x79, 0x3c, 0xee, 0x75, 0x03
    db 0xe9, 0xce, 0x02, 0x3c, 0xe8, 0x75, 0x03, 0xe9
    db 0xbf, 0x01, 0x3c, 0xef, 0xba, 0x0f, 0x67, 0x74
    db 0x0a, 0x3c, 0xe9, 0x74, 0x03, 0xe9, 0x06, 0x02
    db 0xba, 0xf8, 0x63, 0x8b, 0x1e, 0xc4, 0x79, 0xb7
    db 0x00, 0x03, 0xda, 0x8b, 0xf3, 0xff, 0xe6, 0x8b
    db 0x36, 0xf3, 0x78, 0x89, 0x36, 0x20, 0x7f, 0x8b
    db 0x36, 0xf7, 0x78, 0x89, 0x36, 0x12, 0x79, 0x89
    db 0x36, 0xf3, 0x78, 0xc3, 0xa0, 0xd5, 0x78, 0xa8
    db 0x01, 0x74, 0x31, 0x8b, 0x36, 0xc5, 0x79, 0xf6
    db 0xc1, 0x10, 0x74, 0x0f, 0xf6, 0xc5, 0x20, 0x74
    db 0x23, 0x87, 0xd6, 0x81, 0xe6, 0xff, 0x00, 0x2b
    db 0xf2, 0xeb, 0x05, 0xf6, 0xc5, 0x10, 0x74, 0x14
    db 0x87, 0xd6, 0x8b, 0x36, 0x0c, 0x7a, 0x03, 0xf2
    db 0x89, 0x36, 0x0c, 0x7a, 0xa0, 0x11, 0x79, 0x02
    db 0xc2, 0xa2, 0x11, 0x79, 0xe9, 0xbf, 0x01, 0xb0
    db 0xdf, 0xe9, 0x07, 0xfa, 0xe9, 0x83, 0x00, 0xeb
    db 0xfb, 0xeb, 0x1d, 0xeb, 0x7d, 0xeb, 0xf0, 0xeb
    db 0x69, 0xeb, 0x77, 0xeb, 0x56, 0xeb, 0x73, 0xeb
    db 0x71, 0xeb, 0x6f, 0xeb, 0x75, 0xeb, 0x7b, 0xeb
    db 0x69, 0xeb, 0xa1, 0xeb, 0x65, 0xe9, 0x24, 0xfc
    db 0xb0, 0xcb, 0xa2, 0x3b, 0x79, 0xf6, 0xc1, 0x20
    db 0x75, 0xf3, 0xf6, 0xc5, 0x10, 0x75, 0x05, 0xf6
    db 0xc5, 0x08, 0x75, 0xe9, 0xf6, 0xc1, 0x10, 0x75
    db 0x61, 0xc7, 0x06, 0x7b, 0x79, 0x00, 0x00, 0xc6
    db 0x06, 0x11, 0x79, 0x00, 0x8b, 0x36, 0xf5, 0x78
    db 0xe8, 0xcb, 0x01, 0x8b, 0x36, 0xf3, 0x78, 0x89
    db 0x36, 0x20, 0x7f, 0x8b, 0x36, 0x28, 0x79, 0xba
    db 0x02, 0x00, 0x03, 0xf2, 0x89, 0x36, 0x28, 0x79
    db 0xe9, 0x7c, 0xfa, 0xf6, 0xc1, 0x10, 0x74, 0x1f
    db 0xb0, 0x03, 0xa2, 0x3b, 0x79, 0xe8, 0x37, 0xff
    db 0xeb, 0x15, 0xbe, 0x0d, 0x79, 0xf6, 0x04, 0x10
    db 0x75, 0x05, 0x80, 0x0c, 0x10, 0xeb, 0x03, 0x80
    db 0x24, 0xef, 0x32, 0xc0, 0xa2, 0x3b, 0x79, 0xe9
    db 0x2c, 0x01, 0xbe, 0x0d, 0x79, 0x80, 0x0c, 0x01
    db 0xeb, 0xf0, 0xbe, 0x0d, 0x79, 0x80, 0x24, 0xfe
    db 0xeb, 0xe8, 0x8b, 0x36, 0x12, 0x79, 0x89, 0x36
    db 0xf7, 0x78, 0x8b, 0x36, 0x05, 0x79, 0x89, 0x36
    db 0x12, 0x79, 0x8b, 0x36, 0x28, 0x79, 0xba, 0x02
    db 0x00, 0x0a, 0xc0, 0x2b, 0xf2, 0x89, 0x36, 0x28
    db 0x79, 0xe8, 0x02, 0x00, 0xeb, 0xc9, 0x8b, 0x16
    db 0x46, 0x79, 0x8b, 0x36, 0xf5, 0x78, 0x0a, 0xc0
    db 0x2b, 0xf2, 0x8b, 0x16, 0xd9, 0x78, 0x03, 0xf2
    db 0x89, 0x36, 0xd9, 0x78, 0x8b, 0x16, 0x46, 0x79
    db 0x8b, 0x36, 0x01, 0x79, 0xa0, 0x17, 0x77, 0xa8
    db 0x01, 0x75, 0x09, 0xba, 0x02, 0x00, 0x8b, 0x36
    db 0xfd, 0x78, 0x46, 0x46, 0x03, 0xf2, 0x87, 0xd6
    db 0x8b, 0x36, 0xc5, 0x79, 0x89, 0x36, 0xf5, 0x78
    db 0x89, 0x36, 0x46, 0x79, 0xa0, 0xa1, 0x79, 0xa8
    db 0x01, 0x74, 0x08, 0x8b, 0x36, 0x28, 0x79, 0x8b
    db 0x16, 0x63, 0x79, 0x2b, 0xf2, 0x8b, 0x16, 0xd9
    db 0x78, 0x03, 0xf2, 0x89, 0x36, 0xd9, 0x78, 0x8b
    db 0x36, 0xc5, 0x79, 0x89, 0x36, 0x28, 0x79, 0x89
    db 0x36, 0x63, 0x79, 0x8b, 0x36, 0x20, 0x7f, 0x89
    db 0x36, 0xf3, 0x78, 0x8b, 0x36, 0xff, 0x78, 0x4e
    db 0x89, 0x36, 0xff, 0x78, 0xa0, 0x2e, 0x79, 0xa8
    db 0x80, 0x74, 0x01, 0xc3, 0x4e, 0x74, 0x01, 0xc3
    db 0x8b, 0x36, 0x03, 0x79, 0x89, 0x36, 0xfb, 0x78
    db 0xc3, 0x8b, 0x36, 0xc6, 0x79, 0xf6, 0xc1, 0x10
    db 0x74, 0x0f, 0xf6, 0xc5, 0x04, 0x75, 0x04, 0x89
    db 0x36, 0x12, 0x79, 0x89, 0x36, 0x05, 0x79, 0xeb
    db 0x37, 0xf6, 0xc5, 0x10, 0x75, 0x05, 0xf6, 0xc5
    db 0x08, 0x75, 0x4b, 0xf6, 0xc5, 0x80, 0x74, 0x0a
    db 0x8b, 0x36, 0xc4, 0x79, 0x89, 0x36, 0x63, 0x7a
    db 0xeb, 0x3c, 0xf6, 0xc5, 0x10, 0x75, 0x0a, 0x8b
    db 0x36, 0x12, 0x79, 0x89, 0x36, 0xc6, 0x79, 0xeb
    db 0x2d, 0x8b, 0x36, 0xf7, 0x78, 0x89, 0x36, 0xc6
    db 0x79, 0xe8, 0x82, 0x00, 0x8b, 0x36, 0xc4, 0x79
    db 0x89, 0x36, 0xf7, 0x78, 0xeb, 0x18, 0xbe, 0xe5
    db 0x78, 0x3c, 0xed, 0x74, 0x07, 0xbe, 0x3e, 0x79
    db 0x3c, 0xec, 0x75, 0x0a, 0xf6, 0xc5, 0x80, 0x74
    db 0x08, 0xa0, 0xc4, 0x79, 0x88, 0x04, 0xe9, 0x8b
    db 0xfa, 0xa0, 0xc5, 0x79, 0xf6, 0xc1, 0x10, 0x75
    db 0x40, 0x8a, 0xf0, 0x8a, 0x04, 0xa2, 0xc5, 0x79
    db 0xf6, 0xc1, 0x40, 0x75, 0x0a, 0xf6, 0xc5, 0x20
    db 0x74, 0x2c, 0xf6, 0xc5, 0x10, 0x74, 0x27, 0x3a
    db 0xc6, 0x74, 0x23, 0xbe, 0xd5, 0x78, 0x8a, 0x14
    db 0x81, 0x24, 0xf7, 0xff, 0x52, 0x9f, 0x50, 0xe8
    db 0x2a, 0xd5, 0xe8, 0x27, 0xd5, 0x58, 0x9e, 0xe8
    db 0x77, 0xd5, 0xa0, 0x93, 0x79, 0xe8, 0x71, 0xd5
    db 0x5a, 0xbe, 0xd5, 0x78, 0x88, 0x14, 0xa0, 0xc4
    db 0x79, 0x8a, 0xf0, 0xa0, 0x93, 0x79, 0x3c, 0xed
    db 0x8a, 0xc6, 0x74, 0x05, 0xe8, 0xd3, 0xfb, 0xeb
    db 0xa5, 0xa2, 0xe5, 0x78, 0xeb, 0xa0, 0xf6, 0xc5
    db 0x10, 0x75, 0x01, 0xc3, 0x87, 0xd6, 0xbe, 0xd5
    db 0x78, 0x8a, 0x04, 0x9f, 0x81, 0x24, 0xf7, 0xff
    db 0x50, 0x52, 0xe8, 0xe7, 0xd4, 0x5e, 0x9f, 0x50
    db 0x56, 0xe8, 0xe0, 0xd4, 0xe8, 0xdd, 0xd4, 0x5e
    db 0x56, 0x8b, 0xde, 0x8a, 0xc3, 0xe8, 0x29, 0xd5
    db 0x58, 0x86, 0xe0, 0xe8, 0x23, 0xd5, 0x58, 0x9e
    db 0xe8, 0x1e, 0xd5, 0x58, 0x9e, 0xa2, 0xd5, 0x78
    db 0xc3, 0xa0, 0x3b, 0x79, 0x0c, 0x01, 0x0c, 0x40
    db 0xa2, 0x3b, 0x79, 0xf6, 0xc1, 0x10, 0x75, 0x75
    db 0x8b, 0x36, 0xf3, 0x78, 0xe8, 0xaf, 0xff, 0x8b
    db 0x36, 0xf3, 0x78, 0x89, 0x36, 0xc6, 0x79, 0x8b
    db 0x16, 0xc4, 0x79, 0x0a, 0xc0, 0x2b, 0xf2, 0x78
    db 0x03, 0xe9, 0xc8, 0xf9, 0x87, 0xd6, 0xf6, 0xc5
    db 0x04, 0x74, 0x3c, 0x8b, 0x16, 0x88, 0x79, 0x0a
    db 0xc0, 0x2b, 0xf2, 0x8b, 0x36, 0xc4, 0x79, 0x72
    db 0x2e, 0x74, 0x2c, 0x8b, 0x36, 0xf3, 0x78, 0xe8
    db 0x69, 0x00, 0x03, 0xf2, 0x56, 0x8b, 0x16, 0x88
    db 0x79, 0x2b, 0xf2, 0x5e, 0x73, 0x02, 0x87, 0xd6
    db 0xb0, 0xff, 0xa2, 0x0e, 0x79, 0x56, 0x8b, 0x36
    db 0xc4, 0x79, 0x89, 0x36, 0x2c, 0x79, 0x8b, 0x36
    db 0xc6, 0x79, 0x89, 0x36, 0x2a, 0x79, 0x5e, 0xf6
    db 0xc1, 0x20, 0x75, 0xb5, 0xf6, 0xc5, 0x10, 0x75
    db 0x05, 0xf6, 0xc5, 0x08, 0x75, 0xab, 0x89, 0x36
    db 0xf3, 0x78, 0xe9, 0x6f, 0xf9, 0x8b, 0x36, 0xc6
    db 0x79, 0xf6, 0xc5, 0x04, 0x74, 0xe1, 0x8b, 0x16
    db 0x88, 0x79, 0x2b, 0xf2, 0x8b, 0x36, 0xc6, 0x79
    db 0x73, 0xd5, 0x8b, 0x36, 0xf3, 0x78, 0xe8, 0x12
    db 0x00, 0x2b, 0xf2, 0x56, 0x8b, 0x16, 0x88, 0x79
    db 0x2b, 0xf2, 0x5e, 0xb0, 0xfe, 0x72, 0xab, 0x87
    db 0xd6, 0xeb, 0xa7
state_record_width_or_default_C688_66FC:
    db 0x8b, 0x1e, 0xed, 0x75    ; mov bx,[0x75ed]
    db 0x8a, 0x87    ; 0400 mov al,[bx+0x0004]
    db 0x04, 0x00
    db 0x0a, 0xc0    ; or al,al
    jnz loc_670A
    db 0xb0, 0x05    ; mov al,0x05
loc_670A:
    db 0x8a, 0xd0    ; mov dl,al
    db 0xb6, 0x00    ; mov dh,0
    db 0xc3    ; ret
    db 0xeb, 0x4a, 0xeb, 0x74, 0xeb, 0x78, 0xeb, 0x00
    db 0x32, 0xc0, 0xa2, 0x11, 0x79, 0xf6, 0xc1, 0x10
    db 0x75, 0x1d, 0xf6, 0xc5, 0x10, 0x74, 0x15, 0xb0
    db 0x07, 0x9f, 0x50, 0xe8, 0xe0, 0xd3, 0x58, 0x9e
    db 0xfe, 0xc8, 0x75, 0xf5, 0x8a, 0xc1, 0x24, 0x0f
    db 0x3c, 0x0a, 0x74, 0x90, 0xe9, 0xa1, 0xf5, 0xf6
    db 0xc5, 0x10, 0x74, 0x0d, 0xb0, 0x07, 0x9f, 0x50
    db 0xe8, 0xa1, 0xd3, 0x58, 0x9e, 0xfe, 0xc8, 0x75
    db 0xf5, 0xe8, 0x64, 0xfd, 0xa0, 0xc7, 0x79, 0xa2
    db 0x11, 0x79, 0xeb, 0xe0, 0xf6, 0xc1, 0x10, 0x8b
    db 0x36, 0xc7, 0x79, 0x75, 0x1f, 0xf6, 0xc5, 0x10
    db 0x75, 0x05, 0xf6, 0xc5, 0x08, 0x75, 0x19, 0xf6
    db 0xc5, 0x80, 0x75, 0x14, 0xf6, 0xc5, 0x10, 0x74
    db 0x0f, 0x8b, 0x36, 0x7b, 0x79, 0xe8, 0x90, 0xfe
    db 0x8b, 0x36, 0xc5, 0x79, 0x89, 0x36, 0x7b, 0x79
    db 0xe9, 0x25, 0xfe, 0xe9, 0xb0, 0xf8, 0xb0, 0xcb
    db 0xa2, 0x3b, 0x79, 0xf6, 0xc1, 0x20, 0x75, 0xf3
    db 0xf6, 0xc5, 0x10, 0x75, 0x05, 0xf6, 0xc5, 0x08
    db 0x75, 0xe9, 0xf6, 0xc1, 0x10, 0x75, 0x36, 0x8b
    db 0x36, 0xf5, 0x78, 0xe8, 0x62, 0xfe, 0xba, 0x02
    db 0x00, 0x8b, 0x36, 0xf5, 0x78, 0x03, 0xf2, 0x87
    db 0xd6, 0x8b, 0x36, 0xc5, 0x79, 0x2b, 0xf2, 0x8b
    db 0x36, 0xc5, 0x79, 0x79, 0x09, 0x8b, 0x36, 0xf5
    db 0x78, 0xba, 0x02, 0x00, 0x03, 0xf2, 0x89, 0x36
    db 0xf5, 0x78, 0x8b, 0x36, 0xf3, 0x78, 0x89, 0x36
    db 0x20, 0x7f, 0xe9, 0x5b, 0xf7, 0x8b, 0x36, 0xc7
    db 0x79, 0xba, 0x02, 0x00, 0x03, 0xf2, 0x87, 0xd6
    db 0x8b, 0x36, 0xf5, 0x78, 0x2b, 0xf2, 0x8b, 0x36
    db 0xc7, 0x79, 0x79, 0x09, 0x8b, 0x36, 0xf5, 0x78
    db 0xba, 0x02, 0x00, 0x2b, 0xf2, 0x89, 0x36, 0xf5
    db 0x78, 0xe9, 0x6b, 0xf7, 0xc7, 0x06, 0x23, 0x7f
    db 0x00, 0x00, 0xbe, 0x22, 0x7f, 0xb0, 0x80, 0x32
    db 0x04, 0x88, 0x04, 0xf6, 0x04, 0x80, 0x74, 0x0e
    db 0xb2, 0x02, 0xb4, 0x04, 0xe8, 0x4c, 0x2b, 0x8a
    db 0xc2, 0x0a, 0xc0, 0x74, 0x0f, 0xc3, 0xb2, 0x02
    db 0xb4, 0x04, 0xe8, 0x3e, 0x2b, 0x8a, 0xc2, 0x0a
    db 0xc0, 0x75, 0x01, 0xc3, 0xb2, 0x02, 0xb4, 0x04
    db 0xe8, 0x30, 0x2b, 0xc3, 0xa0, 0x9b, 0x79, 0x3c
    db 0x09, 0x73, 0x01, 0xc3, 0xa0, 0x3c, 0x79, 0xa8
    db 0x04, 0x74, 0x01, 0xc3, 0xbe, 0x22, 0x7f, 0xf6
    db 0x04, 0x00, 0x74, 0x2d, 0x80, 0x24, 0xff, 0x8b
    db 0x16, 0xf3, 0x78, 0x8b, 0x36, 0x12, 0x79, 0x2b
    db 0xf2, 0x73, 0x17, 0xe8, 0xd5, 0xce, 0xe8, 0xdf
    db 0xa1, 0xa0, 0x3b, 0x79, 0x50, 0xe8, 0x04, 0xcf
    db 0x58, 0xa8, 0x01, 0x75, 0x05, 0xb0, 0x0c, 0x90
    db 0xeb, 0x03, 0xb0, 0x00, 0x90, 0xa2, 0x23, 0x7f
    db 0xc3, 0xf6, 0x04, 0x04, 0x74, 0x07, 0x80, 0x24
    db 0xfb, 0xe8, 0xe1, 0x00, 0xc3, 0xa0, 0x3b, 0x79
    db 0x80, 0x24, 0xfd, 0xa8, 0x01, 0x75, 0xe3, 0xc3
    db 0x56, 0x52, 0x50, 0x8b, 0xde, 0x8a, 0xd8, 0x8b
    db 0xf3, 0xa0, 0x9b, 0x79, 0x3c, 0x09, 0x73, 0x03
    db 0xe9, 0xbe, 0x00, 0xa0, 0x3c, 0x79, 0xa8, 0x04
    db 0x75, 0xf6, 0xa0, 0x3d, 0x79, 0xa8, 0x04, 0x75
    db 0xef, 0x8a, 0xc3, 0x8b, 0xde, 0x8a, 0xd8, 0xd0
    db 0xeb, 0x9f, 0xb7, 0x00, 0xba, 0x24, 0x71, 0x8b
    db 0xf3, 0x03, 0xf2, 0x2e, 0x8a, 0x1c, 0x9e, 0x72
    db 0x08, 0xd0, 0xeb, 0xd0, 0xeb, 0xd0, 0xeb, 0xd0
    db 0xeb, 0x80, 0xe3, 0x0f, 0xb7, 0x00, 0x8b, 0xf3
    db 0x8b, 0x16, 0x23, 0x7f, 0x03, 0xf2, 0xba, 0x78
    db 0x69, 0x03, 0xf2, 0x2e, 0x8a, 0x2c, 0x8a, 0xc5
    db 0x24, 0xf0, 0xd0, 0xc8, 0x8a, 0xc8, 0xd0, 0xc8
    db 0x02, 0xc1, 0xa2, 0x23, 0x7f, 0x8a, 0xc5, 0x24
    db 0x0f, 0x02, 0xc0, 0xb4, 0x00, 0x8b, 0xf0, 0xba
    db 0x0d, 0x69, 0x03, 0xf2, 0xff, 0xe6, 0xeb, 0x59
    db 0xeb, 0x4d, 0xeb, 0x52, 0xeb, 0x22, 0xeb, 0x08
    db 0xeb, 0x16, 0xeb, 0x0c, 0xeb, 0x31, 0xeb, 0x36
    db 0xbe, 0x22, 0x7f, 0x80, 0x0c, 0x02, 0xeb, 0x41
    db 0xbe, 0x22, 0x7f, 0x80, 0x0c, 0x04, 0xeb, 0x39
    db 0xbe, 0x22, 0x7f, 0x80, 0x0c, 0x00, 0xeb, 0x31
    db 0xa0, 0x3b, 0x79, 0xa8, 0x01, 0xb0, 0x20, 0x75
    db 0x0b, 0xa0, 0x25, 0x7f, 0x3c, 0x20, 0x72, 0x21
    db 0x3c, 0xe0, 0x73, 0x1d, 0xe9, 0x6c, 0xff, 0xa0
    db 0x3c, 0x79, 0xa8, 0x10, 0x74, 0x13, 0xa0, 0x3b
    db 0x79, 0x0a, 0xc0, 0x75, 0x0c, 0xeb, 0xc9, 0xa0
    db 0x3b, 0x79, 0xa8, 0x02, 0x74, 0x03, 0xe8, 0x04
    db 0x00, 0x58, 0x5a, 0x5e, 0xc3, 0xa0, 0x3b, 0x79
    db 0x50, 0xe8, 0x23, 0x77, 0x58, 0xa2, 0x3b, 0x79
    db 0xc3, 0x10, 0x08, 0x08, 0x07, 0x00, 0x00, 0x07
    db 0x03, 0x00, 0x04, 0x15, 0x08, 0x10, 0x06, 0x20
    db 0x01, 0x10, 0x00, 0x01, 0x02, 0x13, 0x14, 0x15
    db 0x40, 0x16, 0x06, 0x06, 0x36, 0x20, 0x02, 0x02
    db 0x02, 0x23, 0x24, 0x25, 0x06, 0x10, 0x06, 0x02
    db 0x02, 0x30, 0x00, 0x01, 0x02, 0x33, 0x34, 0x35
    db 0x02, 0x10, 0x06, 0x06, 0x06, 0x40, 0x02, 0x02
    db 0x02, 0x43, 0x44, 0x45, 0x06, 0x50, 0xe8, 0x87
    db 0xab, 0x58, 0xc3, 0xc3, 0xc3, 0x32, 0xc0, 0x3c
    db 0x03, 0x74, 0x04, 0x0a, 0xc0, 0x75, 0x05, 0xe8
    db 0x7d, 0xa7, 0x32, 0xc0, 0x50, 0x0a, 0xc0, 0x74
    db 0x1a, 0x3c, 0x01, 0x74, 0x03, 0xe8, 0x84, 0xa7
    db 0xc7, 0x06, 0x0c, 0x7a, 0x00, 0x00, 0xb0, 0x00
    db 0xa2, 0x11, 0x79, 0x8b, 0x36, 0xff, 0x78, 0x89
    db 0x36, 0xd5, 0x77, 0xbe, 0x00, 0x00, 0x89, 0x36
    db 0x23, 0x7f, 0xe8, 0x83, 0x6d, 0x58, 0x8a, 0xe8
    db 0xbe, 0x3c, 0x79, 0x8a, 0x04, 0x50, 0x24, 0xfc
    db 0x0a, 0xc5, 0x88, 0x04, 0x58, 0xbe, 0x3c, 0x79
    db 0xa8, 0x00, 0xc3, 0xb0, 0x01, 0xeb, 0x02, 0x32
    db 0xc0, 0xbe, 0x0d, 0x79, 0xe8, 0x8f, 0xa3, 0x8b
    db 0x36, 0xd7, 0x78, 0x56, 0x8b, 0x36, 0xf3, 0x78
    db 0x56, 0xe8, 0x10, 0x00, 0xe8, 0x94, 0xff, 0x5e
    db 0x89, 0x36, 0xf3, 0x78, 0x5e, 0x89, 0x36, 0xd7
    db 0x78, 0xc3, 0x32, 0xc0, 0x9f, 0x86, 0xc4, 0x50
    db 0xa0, 0x3c, 0x79, 0xa8, 0x04, 0x74, 0x0c, 0xa0
    db 0x99, 0x79, 0xa8, 0x01, 0x75, 0x05, 0x58, 0x86
    db 0xc4, 0x9e, 0xc3, 0xb2, 0x03, 0xb1, 0x05, 0xe8
    db 0x49, 0xf1, 0x5e, 0xa8, 0x10, 0x75, 0x36, 0x56
    db 0x8b, 0x36, 0x20, 0x7f, 0x56, 0x8b, 0x16, 0x12
    db 0x79, 0x42, 0xb1, 0x02, 0xe8, 0x34, 0xf1, 0x5e
    db 0x89, 0x36, 0x20, 0x7f, 0x5b, 0x8a, 0xd8, 0x8b
    db 0xf3, 0x56, 0xb2, 0x03, 0xb1, 0x15, 0xe8, 0x22
    db 0xf1, 0x5e, 0x8b, 0xde, 0xf6, 0xc3, 0x10, 0x74
    db 0x0c, 0xf6, 0xc7, 0x01, 0x75, 0x07, 0xa8, 0x08
    db 0x75, 0x03, 0xe8, 0x08, 0xf1, 0xe8, 0xa8, 0x00
    db 0xb0, 0x00, 0x9f, 0x50, 0xe8, 0xfa, 0xf0, 0xa8
    db 0x10, 0x74, 0x03, 0xe9, 0x89, 0x00, 0xa8, 0x20
    db 0x74, 0x11, 0x8a, 0xc2, 0x3c, 0xf5, 0x74, 0x7c
    db 0x24, 0xfe, 0x3c, 0xea, 0x74, 0x76, 0xe8, 0xd7
    db 0xf0, 0xeb, 0xe1, 0xa0, 0x3d, 0x79, 0xa8, 0x01
    db 0x75, 0x6a, 0xb0, 0x20, 0x3a, 0xc2, 0x75, 0x64
    db 0xa0, 0x17, 0x77, 0xa8, 0x80, 0x74, 0x54, 0xb9
    db 0x00, 0x00, 0x51, 0xb1, 0x15, 0xb2, 0x00, 0xe8
    db 0xc9, 0xf0, 0x59, 0xa8, 0x10, 0x75, 0x28, 0x41
    db 0xa8, 0x20, 0x74, 0x0d, 0x8b, 0x36, 0x3d, 0x79
    db 0x8b, 0xde, 0xf6, 0xc3, 0x04, 0x75, 0x18, 0xeb
    db 0xe1, 0x8b, 0xde, 0x8a, 0xd8, 0x8a, 0xc2, 0x3c
    db 0xed, 0x74, 0xd7, 0x3c, 0xec, 0x74, 0xd3, 0x3c
    db 0x2d, 0x8a, 0xc3, 0x75, 0x02, 0x0c, 0x04, 0x9f
    db 0x50, 0x8a, 0xc5, 0x0a, 0xc1, 0x74, 0x0c, 0x51
    db 0xb1, 0x05, 0xb2, 0x00, 0xe8, 0x8c, 0xf0, 0x59
    db 0x49, 0xeb, 0xee, 0x58, 0x9e, 0xa8, 0x04, 0xb2
    db 0x20, 0x75, 0x09, 0x58, 0x9e, 0xb0, 0x01, 0x9f
    db 0x50, 0xe9, 0x70, 0xff, 0xe8, 0x5d, 0xf0, 0x58
    db 0x9e, 0x75, 0x01, 0xc3, 0x0a, 0xc0, 0x75, 0x01
    db 0xc3, 0xe8, 0x2a, 0x00, 0xe8, 0x2f, 0xbf, 0xc3
    db 0x87, 0x06, 0xf1, 0x75, 0xa0, 0x3d, 0x79, 0xa8
    db 0x01, 0x75, 0x16, 0x87, 0x06, 0xf1, 0x75, 0xa8
    db 0x10, 0x74, 0x02, 0x32, 0xc0, 0xa8, 0x08, 0x75
    db 0x01, 0xc3, 0xa0, 0x3d, 0x79, 0xa8, 0x02, 0x75
    db 0xf2, 0xb0, 0x01, 0x0a, 0xc0, 0xc3, 0x8b, 0x16
    db 0xd7, 0x78, 0xb9, 0x00, 0x00, 0x8b, 0x36, 0xdb
    db 0x78, 0x2b, 0xf2, 0x78, 0x06, 0x8b, 0xce, 0x8b
    db 0x16, 0xdb, 0x78, 0x89, 0x16, 0x2e, 0x77, 0x8b
    db 0x36, 0xdd, 0x78, 0x2b, 0xf2, 0x46, 0x89, 0x36
    db 0x54, 0x79, 0x8b, 0x36, 0xf3, 0x78, 0x03, 0xf1
    db 0x89, 0x36, 0x50, 0x79, 0xc3
flush_redraw_scratch_to_renderer_C688_6B8C:
    db 0x8b, 0x36, 0xe2, 0x79    ; mov si,[0x79e2]
    db 0xba, 0x28, 0x7f    ; mov dx,0x7f28
    db 0x32, 0xc0    ; xor al,al
    db 0x2b, 0xf2    ; sub si,dx
    jnz loc_6B9A
    db 0xc3    ; ret
loc_6B9A:
    db 0x89, 0x36, 0x27, 0x77    ; mov [0x7727],si
    db 0xb0, 0x0a    ; mov al,0x0a
    db 0xa2, 0x1d, 0x77    ; mov [0x771d],al
    db 0xbe, 0x1f, 0x77    ; mov si,0x771f
    db 0x89, 0x36, 0x1b, 0x77    ; mov [0x771b],si
renderer_service_tail_C688_6BAA:
    db 0xbe, 0x19, 0x77    ; mov si,0x7719
    db 0xc7, 0x06, 0xef, 0x75    ; 7977 mov word [0x75ef],0x7779
    db 0x79, 0x77
    db 0x8c, 0xdb    ; mov bx,ds
    db 0xb4, 0x06    ; mov ah,0x06
    call loc_9364
    db 0xc3    ; ret
    db 0xe9, 0x2d, 0xed, 0x3c, 0x02, 0x74, 0xf9, 0x9f
    db 0x50, 0xe8, 0xfd, 0xd8, 0x58, 0x9e, 0x0a, 0xc0
    db 0x75, 0x09, 0x8b, 0x36, 0x38, 0x79, 0xa0, 0x3a
    db 0x79, 0xeb, 0x14, 0x3c, 0x01, 0x74, 0x09, 0x8b
    db 0x36, 0x2f, 0x79, 0xa0, 0x31, 0x79, 0xeb, 0x07
    db 0x8b, 0x36, 0x35, 0x79, 0xa0, 0x37, 0x79, 0x89
    db 0x36, 0xe9, 0x78, 0xb4, 0x00, 0x8b, 0xf0, 0x89
    db 0x36, 0xf1, 0x78, 0x8b, 0x36, 0x7d, 0x79, 0x89
    db 0x36, 0x1a, 0x79, 0xbe, 0x85, 0x6c, 0xe8, 0x91
    db 0xee, 0x8b, 0x16, 0xe9, 0x78, 0xe8, 0xaa, 0xcd
    db 0x89, 0x16, 0xed, 0x78, 0x32, 0xc0, 0xa2, 0x0e
    db 0x79, 0xb0, 0x10, 0xa2, 0xd5, 0x78, 0xc3, 0xe9
    db 0x10, 0xed, 0x3c, 0x02, 0x74, 0xf9, 0x9f, 0x86
    db 0xc4, 0x50, 0xe8, 0x55, 0xef, 0x8b, 0x36, 0xe9
    db 0x78, 0xa0, 0xf1, 0x78, 0x5a, 0x56, 0x9f, 0x50
    db 0x52, 0x8b, 0x36, 0x1a, 0x79, 0x56, 0x8b, 0x36
    db 0x32, 0x79, 0x56, 0xa0, 0x34, 0x79, 0x50, 0xa0
    db 0xe3, 0x78, 0x50, 0xa0, 0x9b, 0x79, 0xe8, 0x27
    db 0xd8, 0x58, 0xa2, 0xe3, 0x78, 0x58, 0xa2, 0x34
    db 0x79, 0x5e, 0x89, 0x36, 0x32, 0x79, 0x5e, 0x89
    db 0x36, 0x7d, 0x79, 0x58, 0x0a, 0xc0, 0x74, 0x18
    db 0x3c, 0x01, 0x74, 0x0a, 0x58, 0xa2, 0x31, 0x79
    db 0x5e, 0x89, 0x36, 0x2f, 0x79, 0xc3, 0x58, 0xa2
    db 0x37, 0x79, 0x5e, 0x89, 0x36, 0x35, 0x79, 0xc3
    db 0x58, 0xa2, 0x3a, 0x79, 0x5e, 0x89, 0x36, 0x38
    db 0x79, 0xc3, 0xe7, 0x78, 0xff, 0xff, 0xeb, 0x78
    db 0xff, 0xff, 0xef, 0x78, 0xfe, 0x00, 0xf3, 0x78
    db 0x00, 0x00, 0xf5, 0x78, 0x00, 0x00, 0xd9, 0x78
    db 0x02, 0x00, 0xd7, 0x78, 0x20, 0x00, 0xfb, 0x78
    db 0x00, 0x00, 0x07, 0x79, 0x00, 0x00, 0x03, 0x79
    db 0x00, 0x00, 0xff, 0x78, 0x01, 0x00, 0x12, 0x79
    db 0x00, 0x00, 0xf7, 0x78, 0x00, 0x00, 0x3c, 0x79
    db 0x00, 0x00, 0x3e, 0x79, 0x02, 0x06, 0xe5, 0x78
    db 0x02, 0x00, 0x00, 0x00, 0x80, 0x08, 0xe6, 0x9e
    db 0xab, 0x08, 0xdf, 0x09, 0xb5, 0x09, 0xab, 0x0c
    db 0xc2, 0x0b, 0x10, 0x0a, 0x0a, 0x0a, 0xf5, 0x47
    db 0x2a, 0x33, 0x5c, 0x39, 0x80, 0x08, 0x78, 0x02
    db 0x41, 0x0c, 0xc6, 0x0b, 0x0f, 0x4e, 0xe0, 0x4e
    db 0x57, 0x4c, 0x3e, 0x42, 0x14, 0x44, 0x06, 0x05
    db 0x83, 0x05, 0x1f, 0x99, 0x69, 0x42, 0xf8, 0x43
    db 0x6a, 0x49, 0xf5, 0x4b, 0x11, 0x0b, 0xb0, 0x0a
    db 0x93, 0x09, 0x74, 0x09, 0x6d, 0x4a, 0xad, 0x40
    db 0x0c, 0x43, 0xd8, 0x42, 0xb8, 0x0b, 0x7b, 0x40
    db 0x4b, 0x42, 0xb8, 0x50, 0x6c, 0x50, 0xe6, 0x9e
    db 0x92, 0x05, 0x88, 0x05, 0xae, 0x4f, 0xdb, 0x9e
    db 0x7b, 0x47, 0xec, 0x47, 0xde, 0x47, 0x3f, 0x42
    db 0xe0, 0x9e, 0x6e, 0x40, 0x4c, 0x42, 0x2b, 0x40
    db 0x5e, 0x44, 0x87, 0x12, 0x03, 0x68, 0xc3, 0x6e
    db 0x80, 0x08, 0x43, 0x02, 0x17, 0x44, 0xa6, 0x40
    db 0x00, 0x00, 0x00, 0x00, 0x08, 0x02, 0x04, 0x04
    db 0x04, 0x08, 0x08, 0x10, 0x10, 0x20, 0x40, 0x40
    db 0x01, 0x20, 0x08, 0x08, 0x14, 0x10, 0x20, 0x40
    db 0x20, 0x20, 0x20, 0x02, 0x04, 0x04, 0x20, 0x20
    db 0x08, 0x08, 0x10, 0x10, 0x40, 0x00, 0x40, 0x40
    db 0x20, 0x20, 0x20, 0x10, 0x10, 0x82, 0x20, 0x20
    db 0x40, 0x02, 0x20, 0x00, 0x08, 0x20, 0x02, 0x40
    db 0x20, 0x20, 0x00, 0x40, 0x40, 0x00, 0x20, 0x20
    db 0x02, 0x01, 0x00, 0x01, 0x00, 0x00, 0x00, 0x08
    db 0x08, 0x04, 0x04, 0x00, 0x01, 0x01, 0x00, 0x01
    db 0x08, 0x08, 0x08, 0x08, 0x00, 0x01, 0x03, 0x00
    db 0x00, 0x01, 0x08, 0x08, 0x09, 0x0b, 0x08, 0x08
    db 0x14, 0x14, 0x01, 0x00, 0x01, 0x09, 0x01, 0x01
    db 0x01, 0x04, 0x04, 0x01, 0x00, 0x00, 0x00, 0x01
    db 0x00, 0x00, 0x00, 0x01, 0x01, 0x01, 0x09, 0x01
    db 0x00, 0x08, 0x00, 0x00, 0x08, 0x09, 0x01, 0x10
    db 0x0c, 0x0c, 0x0c, 0x3d, 0x39, 0x21, 0x33, 0x3b
    db 0x0a, 0x10, 0x0c, 0x0c, 0x00, 0x2c, 0x28, 0x27
    db 0x05, 0x06, 0x04, 0x03, 0x0b, 0x25, 0x13, 0x1a
    db 0x0c, 0x2a, 0x30, 0x0c, 0x0c, 0x0c, 0x2b, 0x16
    db 0x01, 0x01, 0x01, 0x01, 0x01, 0x01, 0x01, 0x01
    db 0x01, 0x01, 0x01, 0x01, 0x01, 0x01, 0x01, 0x01
    db 0xa9, 0xa9, 0xa9, 0xa9, 0xa9, 0xa9, 0xa9, 0xa9
    db 0xa9, 0xa9, 0x01, 0x01, 0x01, 0x01, 0x01, 0x01
    db 0x01, 0x81, 0x81, 0x81, 0x81, 0x81, 0x81, 0x81
    db 0x81, 0x81, 0x81, 0x81, 0x81, 0x81, 0x81, 0x81
    db 0x81, 0x81, 0x81, 0x81, 0x81, 0x81, 0x81, 0x81
    db 0x81, 0x81, 0x81, 0x01, 0x01, 0x01, 0x2d, 0x81
    db 0x2d, 0x81, 0x81, 0x81, 0x81, 0x81, 0x81, 0x81
    db 0x81, 0x81, 0x81, 0x81, 0x81, 0x81, 0x81, 0x81
    db 0x81, 0x81, 0x81, 0x81, 0x81, 0x81, 0x81, 0x81
    db 0x81, 0x81, 0x81, 0x01, 0x01, 0x01, 0x2d, 0x2d
    db 0x01, 0x01, 0x01, 0x01, 0x01, 0x01, 0x01, 0x01
    db 0x01, 0x01, 0x01, 0x01, 0x01, 0x01, 0x01, 0x01
    db 0x01, 0x01, 0x01, 0x01, 0x01, 0x01, 0x01, 0x01
    db 0x01, 0x01, 0x01, 0x01, 0x01, 0x01, 0x01, 0x01
    db 0x01, 0x01, 0x01, 0x01, 0x01, 0x01, 0x01, 0x01
    db 0x01, 0x2d, 0x01, 0x01, 0x01, 0x01, 0x01, 0x01
    db 0x01, 0x01, 0x01, 0x01, 0x01, 0x01, 0x01, 0x01
    db 0x01, 0x01, 0x01, 0x01, 0x01, 0x01, 0x01, 0x01
    db 0x01, 0x01, 0x01, 0x01, 0x01, 0x01, 0x01, 0x01
    db 0x01, 0x01, 0x01, 0x00, 0x00, 0x00, 0x00, 0x00
    db 0x00, 0x01, 0x0c, 0x00, 0x18, 0x01, 0x34, 0x01
    db 0x01, 0x01, 0x02, 0x02, 0x1d, 0x1f, 0x1e, 0x1c
    db 0x0d, 0x0d, 0x14, 0x1b, 0x19, 0x3c, 0x22, 0x2e
    db 0x0c, 0x0c, 0x0c, 0x0c, 0x0c, 0x17, 0x12, 0x12
    db 0x15, 0x12, 0x24, 0x23, 0x0d, 0x0c, 0x0c, 0x0c
    db 0x0c, 0x38, 0x20, 0x0d, 0x0d, 0x0f, 0x0e, 0x00
    db 0xc3, 0x00, 0x00, 0x00, 0x00, 0x00, 0x00, 0x00
    db 0x00, 0x00, 0x00, 0x00, 0x00, 0x00, 0x00, 0x00
    db 0x00, 0x00, 0x00, 0x01, 0x00, 0x00, 0x00, 0x00
    db 0x00, 0x43, 0x80, 0x00, 0x00, 0x00, 0x00, 0x00
    db 0x00, 0x00, 0x00, 0x00, 0x00, 0x00, 0x00, 0x00
    db 0x00, 0x00, 0x00, 0x00, 0x00, 0x00, 0x00, 0x00
    db 0x00, 0x00, 0x00, 0x00, 0x00, 0x00, 0x00, 0x00
    db 0x00, 0x00, 0x00, 0x00, 0x00, 0x00, 0xf0, 0x00
    db 0xf0, 0x41, 0x05, 0x04, 0x03, 0x00, 0x05, 0x00
    db 0x05, 0x00, 0x05, 0x00, 0x06, 0x00, 0x06, 0x00
    db 0x03, 0x00, 0x04, 0x00, 0x04, 0x00, 0x05, 0x00
    db 0x05, 0x00, 0x03, 0x44, 0x05, 0x04, 0x03, 0x00
    db 0x05, 0x00, 0x05, 0x00, 0x05, 0x00, 0x05, 0x00
    db 0x05, 0x00, 0x05, 0x00, 0x05, 0x00, 0x05, 0x00
    db 0x05, 0x00, 0x05, 0x00, 0x05, 0x04, 0x03, 0x00
    db 0x03, 0x00, 0x05, 0x00, 0x05, 0x00, 0x05, 0x04
    db 0x05, 0x00, 0x05, 0x00, 0x06, 0x00, 0x06, 0x00
    db 0x06, 0x00, 0x06, 0x00, 0x06, 0x00, 0x06, 0x00
    db 0x06, 0x00, 0x06, 0x00, 0x04, 0x00, 0x05, 0x00
    db 0x06, 0x00, 0x06, 0x00, 0x07, 0x00, 0x06, 0x00
    db 0x06, 0x00, 0x06, 0x00, 0x06, 0x00, 0x06, 0x00
    db 0x06, 0x00, 0x06, 0x00, 0x07, 0x00, 0x06, 0x00
    db 0x07, 0x00, 0x06, 0x00, 0x06, 0x00, 0x05, 0x00
    db 0x04, 0x00, 0x05, 0x00, 0x04, 0x00, 0x05, 0x00
    db 0x05, 0x00, 0x03, 0x00, 0x05, 0x00, 0x06, 0x00
    db 0x05, 0x00, 0x06, 0x00, 0x05, 0x00, 0x04, 0x00
    db 0x06, 0x00, 0x06, 0x00, 0x03, 0x00, 0x04, 0x00
    db 0x06, 0x00, 0x03, 0x00, 0x07, 0x00, 0x06, 0x00
    db 0x05, 0x00, 0x06, 0x00, 0x06, 0x00, 0x05, 0x00
    db 0x05, 0x00, 0x04, 0x00, 0x06, 0x00, 0x06, 0x00
    db 0x07, 0x00, 0x05, 0x00, 0x06, 0x00, 0x05, 0x00
    db 0x04, 0x00, 0x03, 0x00, 0x04, 0x00, 0x05, 0x00
    db 0x03, 0x00, 0x06, 0x00, 0x06, 0x00, 0x05, 0x00
    db 0x05, 0x00, 0x05, 0x00, 0x05, 0x00, 0x05, 0x00
    db 0x05, 0x00, 0x05, 0x00, 0x05, 0x00, 0x05, 0x00
    db 0x03, 0x00, 0x03, 0x00, 0x03, 0x00, 0x06, 0x00
    db 0x06, 0x00, 0x06, 0x00, 0x07, 0x00, 0x07, 0x00
    db 0x05, 0x00, 0x05, 0x00, 0x05, 0x00, 0x06, 0x00
    db 0x06, 0x00, 0x06, 0x00, 0x06, 0x00, 0x07, 0x00
    db 0x05, 0x00, 0x05, 0x00, 0x06, 0x00, 0x07, 0x00
    db 0x05, 0x00, 0x05, 0x00, 0x03, 0x00, 0x05, 0x00
    db 0x06, 0x00, 0x06, 0x00, 0x06, 0x00, 0x05, 0x00
    db 0x05, 0x00, 0x05, 0x00, 0x05, 0x00, 0x05, 0x00
    db 0x05, 0x00, 0x05, 0x00, 0x05, 0x00, 0x05, 0x00
    db 0x05, 0x00, 0x05, 0x00, 0x05, 0x00, 0x05, 0x00
    db 0x05, 0x00, 0x05, 0x00, 0x05, 0x00, 0x05, 0x00
    db 0x05, 0x00, 0x05, 0x00, 0x05, 0x00, 0x05, 0x00
    db 0x05, 0x00, 0x05, 0x00, 0x05, 0x00, 0x05, 0x00
    db 0x05, 0x00, 0x05, 0x00, 0x05, 0x00, 0x05, 0x00
    db 0x05, 0x00, 0x05, 0x00, 0x05, 0x00, 0x05, 0x00
    db 0x05, 0x00, 0x05, 0x00, 0x05, 0x00, 0x05, 0x00
    db 0x05, 0x00, 0x05, 0x00, 0x05, 0x00, 0x05, 0x00
    db 0x05, 0x00, 0x05, 0x40, 0xf0, 0x00, 0x05, 0x00
    db 0x05, 0x00, 0x05, 0x00, 0x05, 0x00, 0x05, 0x40
    db 0x05, 0x00, 0x05, 0x00, 0x05, 0x00, 0x05, 0x4b
    db 0x05, 0x00, 0x05, 0x00, 0x05, 0x00, 0x05, 0x00
    db 0x05, 0x01, 0x81, 0x01, 0x82, 0x01, 0x83, 0x01
    db 0x84, 0x01, 0x85, 0x01, 0x81, 0x00, 0x06, 0x80
    db 0xfc, 0x80, 0xf5, 0x80, 0xf4, 0x02, 0x50, 0x02
    db 0x60, 0x80, 0xf3, 0x80, 0xf3, 0xc1, 0xf5, 0x80
    db 0xf6, 0x01, 0x10, 0x01, 0x20, 0x02, 0x10, 0x02
    db 0x20, 0x04, 0x10, 0x04, 0x20, 0x08, 0x10, 0x08
    db 0x20, 0x10, 0x10, 0x10, 0x20, 0x20, 0x10, 0x20
    db 0x20, 0x40, 0x10, 0x40, 0x20, 0x00, 0x80, 0x00
    db 0x80, 0x00, 0x05, 0x00, 0x05, 0x00, 0x05, 0x00
    db 0x05, 0x00, 0x05, 0x00, 0x05, 0x00, 0x05, 0x00
    db 0x05, 0x00, 0x05, 0x00, 0x05, 0x00, 0x05, 0x00
    db 0x05, 0x00, 0x05, 0x00, 0x05, 0x00, 0x05, 0x00
    db 0x05, 0x00, 0x06, 0x00, 0x06, 0x00, 0x06, 0x00
    db 0x06, 0x00, 0x06, 0x00, 0x06, 0x00, 0x06, 0x00
    db 0x06, 0x00, 0x06, 0x00, 0x06, 0x00, 0x06, 0x00
    db 0x06, 0x00, 0x06, 0x00, 0x06, 0x00, 0x06, 0x00
    db 0x06, 0x00, 0x06, 0x00, 0x06, 0x00, 0x06, 0x00
    db 0x06, 0x00, 0x06, 0x00, 0x06, 0x00, 0x06, 0x00
    db 0x06, 0x00, 0x06, 0x00, 0x06, 0x01, 0x00, 0x00
    db 0x06, 0x00, 0x05, 0x00, 0x04, 0x02, 0x05, 0x03
    db 0x06, 0x44, 0x44, 0x44, 0xa7, 0xa6, 0x44, 0x44
    db 0x55, 0x89, 0x55, 0x44, 0x44, 0x45, 0x44, 0x45
    db 0x55, 0x11, 0x11, 0x11, 0x1b, 0x11, 0x11, 0x12
    db 0xb1, 0x11, 0x11, 0x11, 0x11, 0x11, 0x11, 0x11
    db 0x11, 0x10, 0x00, 0x00, 0x00, 0x00, 0x00, 0x00
    db 0x00, 0x00, 0x00, 0x00, 0x00, 0x00, 0x01, 0x11
    db 0x01, 0x00, 0x00, 0x00, 0x00, 0x00, 0x00, 0x00
    db 0x00, 0x00, 0x00, 0x00, 0x00, 0x00, 0x01, 0x11
    db 0x00, 0x00, 0x00, 0x00, 0x00, 0x00, 0x00, 0x00
    db 0x00, 0x00, 0x00, 0x00, 0x10, 0x00, 0x01, 0x11
    db 0x11, 0x00, 0x00, 0x00, 0x11, 0x10, 0x11, 0x11
    db 0x11, 0x10, 0x11, 0x11, 0x11, 0x11, 0x01, 0x11
    db 0x11, 0x11, 0x11, 0x11, 0x11, 0x11, 0x11, 0x11
    db 0x11, 0x11, 0x42, 0x14, 0x12, 0x11, 0x33, 0x55
    db 0x55, 0x44, 0x44, 0x44, 0x54, 0x44, 0x44, 0x44
    db 0x44, 0x54, 0x45, 0x84, 0x54, 0x44, 0x54, 0x45
    db 0x54, 0xba, 0x55, 0x75, 0xb0, 0x20, 0xc6, 0x06
    db 0x55, 0x75, 0x20, 0xe8, 0x13, 0x00, 0xc3, 0xba
    db 0x55, 0x75, 0xc6, 0x06, 0x4b, 0x79, 0x0b, 0xeb
    db 0x08, 0xb1, 0x01, 0xa2, 0x55, 0x75, 0xba, 0x55
    db 0x75, 0x32, 0xc0, 0x56, 0xff, 0x36, 0xef, 0x75
    db 0x9f, 0x50, 0x51, 0x56, 0x52, 0xe8, 0x4a, 0x00
    db 0x5e, 0x56, 0xb5, 0x04, 0xe8, 0x55, 0x00, 0x5a
    db 0x5e, 0x0a, 0xc0, 0x74, 0x31, 0x3c, 0x11, 0x74
    db 0x1a, 0x3c, 0x10, 0x74, 0x16, 0x3c, 0x03, 0x74
    db 0x25, 0x3c, 0x0d, 0x74, 0x21, 0x3c, 0x20, 0x72
    db 0x0a, 0x3c, 0xda, 0x73, 0x19, 0x8b, 0xda, 0x32
    db 0xc0, 0x88, 0x07, 0xa0, 0x4a, 0x79, 0xa2, 0x4b
    db 0x79, 0x59, 0x58, 0x9e, 0x50, 0x51, 0x52, 0xe8
    db 0x10, 0x00, 0x5e, 0xe8, 0x1e, 0x00, 0x59, 0x58
    db 0x9e, 0xa0, 0x4a, 0x79, 0x8f, 0x06, 0xef, 0x75
    db 0x5e, 0xc3, 0x9f, 0x0a, 0xc9, 0x74, 0x05, 0x9e
    db 0xe8, 0x3b, 0x22, 0xc3, 0x9e, 0xe8, 0x16, 0x23
    db 0xb9, 0x08, 0x01, 0xc3, 0xe8, 0xc3, 0x21, 0xe8
    db 0xe3, 0x21, 0x56, 0x51, 0x0a, 0xc9, 0x74, 0x0f
    db 0x8a, 0x14, 0x46, 0xfe, 0xc9, 0x52, 0xe8, 0x33
    db 0x21, 0x5a, 0xe8, 0x28, 0x21, 0xeb, 0xed, 0xe8
    db 0x30, 0xe9, 0xe8, 0xaa, 0xba, 0x59, 0x51, 0xe8
    db 0xb6, 0x20, 0xa0, 0x4b, 0x79, 0x0a, 0xc0, 0x74
    db 0x03, 0xa2, 0x94, 0x79, 0x32, 0xc0, 0xa2, 0x4b
    db 0x79, 0xe8, 0x4e, 0x21, 0xe8, 0x13, 0xe9, 0x59
    db 0x5e, 0x56, 0x51, 0xe8, 0x0e, 0x21, 0x59, 0x5e
    db 0xe8, 0x68, 0x1e, 0xe8, 0x4b, 0xd2, 0xa0, 0x4a
    db 0x79, 0xc3, 0xe8, 0xc7, 0x20, 0xe8, 0x32, 0x21
    db 0xe8, 0x59, 0x20, 0xda, 0xe4, 0x72, 0x03, 0xe4
    db 0x72, 0x12, 0x94, 0x72, 0x00, 0x3c, 0x13, 0x75
    db 0xe9, 0xa2, 0x94, 0x79, 0xe8, 0xa1, 0x20, 0xbe
    db 0xec, 0x79, 0x80, 0x0c, 0x08, 0xe8, 0x12, 0x21
    db 0xe8, 0xea, 0xe8, 0xa8, 0x10, 0x74, 0x07, 0xc6
    db 0x06, 0x57, 0x82, 0x00, 0xeb, 0xcc, 0xe8, 0xcf
    db 0xe8, 0xe8, 0xdd, 0xe8, 0xa8, 0x10, 0x75, 0x25
    db 0xe8, 0xc9, 0xe8, 0x80, 0x3e, 0x96, 0x79, 0x13
    db 0x75, 0x06, 0xfe, 0x0e, 0x57, 0x82, 0xeb, 0xb2
    db 0xa0, 0x57, 0x82, 0xfe, 0xc0, 0x3a, 0x06, 0x58
    db 0x82, 0x7c, 0x05, 0xa0, 0x58, 0x82, 0xfe, 0xc8
    db 0xa2, 0x57, 0x82, 0xeb, 0x9d, 0xb0, 0x13, 0xeb
    db 0xb0, 0xc3, 0xba, 0x55, 0x75, 0xc6, 0x06, 0x55
    db 0x75, 0x20, 0x32, 0xc0, 0x56, 0xff, 0x36, 0xef
    db 0x75, 0x9f, 0x50, 0x51, 0x56, 0x52, 0xe8, 0x21
    db 0xff, 0x5e, 0x56, 0xb5, 0x04, 0xe8, 0x2c, 0xff
    db 0x5a, 0x5e, 0xe9, 0x09, 0xff, 0xbe, 0x00, 0x00
    db 0x89, 0x36, 0x7b, 0x75, 0xa0, 0xf3, 0x79, 0x0a
    db 0xc0, 0x74, 0x22, 0xe8, 0xf7, 0x12, 0xe8, 0x61
    db 0xe8, 0xe8, 0x2f, 0x02, 0x80, 0x0e, 0xb4, 0x8d
    db 0x10, 0xc6, 0x06, 0x04, 0x75, 0x01, 0x8b, 0x36
    db 0xed, 0x78, 0x89, 0x36, 0x67, 0x79, 0xe8, 0xe8
    db 0x10, 0xb0, 0x05, 0xeb, 0x36, 0xbe, 0xb4, 0x8d
    db 0x80, 0x24, 0xef, 0xc6, 0x06, 0x04, 0x75, 0x00
    db 0xe8, 0xca, 0x12, 0xe8, 0x1a, 0xdc, 0x72, 0x11
    db 0xbe, 0xb4, 0x8d, 0x80, 0x0c, 0x10, 0xe8, 0x70
    db 0xd1, 0xe8, 0xb9, 0x12, 0xe8, 0x87, 0xdb, 0xeb
    db 0x08, 0xe8, 0x1e, 0xe8, 0xe8, 0x89, 0xc7, 0x73
    db 0xfb, 0xe8, 0xf2, 0x10, 0xb0, 0x04, 0xc6, 0x06
    db 0xff, 0x74, 0x01, 0xe8, 0x19, 0x05, 0xb0, 0xff
    db 0x9f, 0x50, 0xe8, 0x33, 0x05, 0x72, 0x1a, 0xa0
    db 0xff, 0x74, 0xa8, 0x01, 0x74, 0x07, 0x80, 0x3c
    db 0xff, 0x74, 0x02, 0x0c, 0x02, 0x24, 0xfe, 0xa2
    db 0xff, 0x74, 0x58, 0x9e, 0xe8, 0xb6, 0x16, 0xeb
    db 0xdf, 0x5e, 0x0a, 0xc0, 0x75, 0x29, 0x50, 0x80
    db 0x3e, 0x04, 0x75, 0x01, 0x74, 0x18, 0xe8, 0x69
    db 0xc7, 0x72, 0x13, 0x3c, 0x1a, 0x74, 0x09, 0x3c
    db 0x00, 0x74, 0x05, 0xe8, 0xb1, 0xc7, 0xeb, 0x06
    db 0xff, 0x0e, 0x7b, 0x75, 0x75, 0xe8, 0x58, 0x8b
    db 0x36, 0x7b, 0x75, 0x0a, 0xc0, 0xeb, 0x17, 0x8b
    db 0x36, 0x7b, 0x75, 0x9f, 0x50, 0x83, 0xfe, 0x00
    db 0x9f, 0x4e, 0x9e, 0x56, 0x74, 0x32, 0xe8, 0x39
    db 0xc7, 0x72, 0x2d, 0x5e, 0xeb, 0xef, 0x9f, 0x50
    db 0x80, 0x3e, 0x04, 0x75, 0x01, 0x74, 0x0d, 0xc7
    db 0x06, 0x02, 0x75, 0x00, 0x00, 0xf6, 0x06, 0xff
    db 0x74, 0x02, 0x75, 0x26, 0x83, 0xfe, 0x00, 0x9f
    db 0x4e, 0x9e, 0x56, 0x74, 0x0b, 0xe8, 0x12, 0xc7
    db 0x72, 0x06, 0xe8, 0x2f, 0xc7, 0x5e, 0xeb, 0xec
    db 0x5e, 0xe8, 0xbd, 0xd0, 0xc6, 0x06, 0xff, 0x74
    db 0x00, 0xe8, 0x01, 0x12, 0x58, 0x9e, 0xe8, 0xa4
    db 0x01, 0xc3, 0x0b, 0xf6, 0x9f, 0x4e, 0x9e, 0x56
    db 0x74, 0x41, 0xe8, 0xed, 0xc6, 0x72, 0x3c, 0x3c
    db 0x0d, 0x74, 0x1f, 0x80, 0x26, 0xff, 0x74, 0xfb
    db 0x3c, 0x09, 0x74, 0x0c, 0x3c, 0x0a, 0x74, 0x22
    db 0x3c, 0x20, 0x72, 0x0b, 0x3c, 0xe0, 0x73, 0x07
    db 0xe8, 0xf1, 0xc6, 0xff, 0x06, 0x02, 0x75, 0x5e
    db 0xeb, 0xd0, 0xb0, 0x0c, 0xf6, 0x06, 0xff, 0x74
    db 0x04, 0x74, 0xed, 0x80, 0x26, 0xff, 0x74, 0xfb
    db 0xeb, 0xed, 0xb0, 0x0c, 0x80, 0x0e, 0xff, 0x74
    db 0x04, 0xeb, 0xdd, 0x5e, 0xc7, 0x06, 0x00, 0x75
    db 0x08, 0x08, 0xbe, 0x00, 0x00, 0x87, 0x36, 0x02
    db 0x75, 0x56, 0xe8, 0x7b, 0xc6, 0x5e, 0x72, 0x24
    db 0x4e, 0x74, 0x21, 0x8b, 0x1e, 0x00, 0x75, 0x3c
    db 0x09, 0x74, 0x34, 0x3c, 0x0c, 0x74, 0x04, 0xfe
    db 0xcb, 0x75, 0x02, 0x8a, 0xdf, 0x89, 0x1e, 0x00
    db 0x75, 0x56, 0xe8, 0xd2, 0xc6, 0xff, 0x06, 0x02
    db 0x75, 0x5e, 0xeb, 0xd5, 0xe8, 0xc8, 0xc6, 0xff
    db 0x06, 0x02, 0x75, 0x8b, 0x0e, 0x02, 0x75, 0x51
    db 0xe8, 0x67, 0xc6, 0xe8, 0x86, 0xc6, 0x59, 0xe2
    db 0xf6, 0xe8, 0x15, 0xd0, 0xe9, 0x55, 0xff, 0xa1
    db 0x54, 0x7a, 0x0b, 0xc0, 0x75, 0x1d, 0x8b, 0xce
    db 0x51, 0xe8, 0x2c, 0xc6, 0x59, 0xe2, 0xf9, 0x87
    db 0x0e, 0x02, 0x75, 0x51, 0xe8, 0x43, 0xc6, 0x59
    db 0xe2, 0xf9, 0xe8, 0xf4, 0xcf, 0x58, 0xb0, 0x05
    db 0x0a, 0xc0, 0xc3, 0x56, 0x53, 0xb0, 0x20, 0xe8
    db 0x85, 0xc6, 0xff, 0x06, 0x02, 0x75, 0x5b, 0x5e
    db 0xfe, 0xcb, 0x75, 0xef, 0xc7, 0x06, 0x00, 0x75
    db 0x08, 0x08, 0xe9, 0x7c, 0xff, 0xe8, 0x57, 0x03
    db 0x72, 0x4a, 0xe8, 0x9c, 0xe6, 0xa8, 0x10, 0x75
    db 0x0b, 0x52, 0xe8, 0x83, 0xe6, 0x5a, 0xb0, 0x2d
    db 0x3a, 0xc2, 0x75, 0xee, 0x80, 0x3e, 0x06, 0x68
    db 0x0a, 0x75, 0x0a, 0xe8, 0x7f, 0xe6, 0xbe, 0x2a
    db 0x7f, 0xb5, 0x13, 0xeb, 0x17, 0xbe, 0x2a, 0x7f
    db 0x8a, 0x14, 0x80, 0xfa, 0x30, 0x74, 0x08, 0x52
    db 0xe8, 0x6a, 0xe6, 0x5a, 0xe8, 0x59, 0xe6, 0xbe
    db 0x2b, 0x7f, 0xb5, 0x06, 0x8a, 0x14, 0x46, 0xe8
    db 0x3b, 0x1e, 0xfe, 0xcd, 0x75, 0xf6, 0xe8, 0x41
    db 0xe6, 0x32, 0xc0, 0xc3, 0xf9, 0xc3, 0xe8, 0x1b
    db 0x03, 0xc3, 0xe8, 0x06, 0x03, 0xc3, 0xc3, 0xe8
    db 0x16, 0x03, 0xc3, 0xbe, 0x16, 0x79, 0xe8, 0x57
    db 0x00, 0xbe, 0x14, 0x79, 0xe8, 0x51, 0x00, 0xbe
    db 0x0b, 0x79, 0xe8, 0x4b, 0x00, 0xbe, 0xf9, 0x78
    db 0xe8, 0x45, 0x00, 0xbe, 0x01, 0x79, 0xe8, 0x3f
    db 0x00, 0xbe, 0x03, 0x79, 0xe8, 0x39, 0x00, 0xbe
    db 0xfd, 0x78, 0xe8, 0x33, 0x00, 0xbe, 0xfe, 0x7e
    db 0x8b, 0x04, 0x3d, 0x80, 0x80, 0x74, 0x0d, 0x56
    db 0xe8, 0x27, 0x00, 0x5e, 0x46, 0x46, 0x81, 0xfe
    db 0x1e, 0x7f, 0x75, 0xec, 0x81, 0xee, 0xfe, 0x7e
    db 0x83, 0xc6, 0x0e, 0x56, 0xe8, 0x73, 0xc5, 0x72
    db 0x05, 0xe8, 0x90, 0xc5, 0xeb, 0xf6, 0x58, 0xe8
    db 0x8a, 0xc5, 0xb0, 0xff, 0xe8, 0x85, 0xc5, 0xc3
    db 0x8b, 0x04, 0x50, 0xe8, 0xb1, 0xc5, 0x58, 0x86
    db 0xe0, 0xe8, 0xab, 0xc5, 0xc3, 0x9f, 0x50, 0xbe
    db 0xb4, 0x8d, 0xf6, 0x04, 0x10, 0x74, 0x44, 0xe8
    db 0x26, 0xc5, 0x72, 0x38, 0x3c, 0xff, 0x75, 0x36
    db 0xe8, 0x1d, 0xc5, 0x72, 0x2f, 0x0a, 0xc0, 0x74
    db 0x2b, 0x8a, 0xe8, 0x51, 0xe8, 0x11, 0xc5, 0x59
    db 0xfe, 0xcd, 0x75, 0xf7, 0xe8, 0x09, 0xc5, 0x72
    db 0x1b, 0x3c, 0xec, 0x74, 0x14, 0xe8, 0x44, 0xc5
    db 0xb0, 0xec, 0xe8, 0x3f, 0xc5, 0xb0, 0x02, 0xe8
    db 0x3a, 0xc5, 0xb0, 0x02, 0xe8, 0x35, 0xc5, 0xb0
    db 0xec, 0xe8, 0x30, 0xc5, 0xeb, 0x72, 0xe8, 0x2b
    db 0xc5, 0xeb, 0x6d, 0xe8, 0xe2, 0xc4, 0x72, 0x68
    db 0x3c, 0xff, 0x74, 0x0b, 0xe8, 0x1d, 0xc5, 0xbe
    db 0x30, 0x00, 0xe8, 0xed, 0x12, 0xeb, 0x59, 0xe8
    db 0xce, 0xc4, 0x72, 0x54, 0x50, 0xbe, 0x16, 0x79
    db 0xe8, 0x53, 0x00, 0xbe, 0x14, 0x79, 0xe8, 0x4d
    db 0x00, 0xbe, 0x0b, 0x79, 0xe8, 0x47, 0x00, 0xbe
    db 0xf9, 0x78, 0xe8, 0x41, 0x00, 0xbe, 0x01, 0x79
    db 0xe8, 0x3b, 0x00, 0xbe, 0x03, 0x79, 0xe8, 0x35
    db 0x00, 0xbe, 0xfd, 0x78, 0xe8, 0x2f, 0x00, 0x8b
    db 0x36, 0x03, 0x79, 0x89, 0x36, 0x07, 0x79, 0xe8
    db 0x74, 0x10, 0x59, 0x80, 0xe9, 0x0e, 0x74, 0x18
    db 0xbe, 0xfe, 0x7e, 0x56, 0x51, 0xe8, 0x88, 0xc4
    db 0x59, 0x5e, 0x88, 0x04, 0x46, 0xfe, 0xc9, 0x75
    db 0xf2, 0xb1, 0x80, 0x88, 0x0c, 0x46, 0x88, 0x0c
    db 0xe8, 0x4e, 0xce, 0x58, 0x9e, 0xc3, 0x56, 0xe8
    db 0x6e, 0xc4, 0x5e, 0x88, 0x04, 0x56, 0xe8, 0x67
    db 0xc4, 0x5e, 0x46, 0x88, 0x04, 0xc3, 0x51, 0x52
    db 0x56, 0xff, 0x36, 0xef, 0x75, 0x56, 0xe8, 0xf1
    db 0xd8, 0x73, 0x0f, 0x51, 0x52, 0xff, 0x36, 0xef
    db 0x75, 0xe8, 0xf6, 0x00, 0x8f, 0x06, 0xef, 0x75
    db 0x5a, 0x59, 0x5e, 0xb0, 0x00, 0xa2, 0x9c, 0x79
    db 0xe8, 0x93, 0x1e, 0xe8, 0x49, 0xb6, 0xe8, 0x10
    db 0xce, 0xe8, 0xde, 0x00, 0x8f, 0x06, 0xef, 0x75
    db 0x5e, 0x5a, 0x59, 0xc3, 0x8b, 0xc6, 0x0a, 0xe4
    db 0x75, 0x2b, 0x88, 0x26, 0x26, 0x80, 0x88, 0x26
    db 0x27, 0x80, 0xa2, 0x4d, 0x79, 0xb9, 0xfe, 0x00
    db 0xb6, 0x00, 0x8a, 0x16, 0x4d, 0x79, 0x8b, 0x1e
    db 0x26, 0x80, 0x89, 0x1e, 0xed, 0x75, 0xbe, 0x28
    db 0x7f, 0x56, 0xb4, 0x01, 0xe8, 0x80, 0x1c, 0x01
    db 0x0e, 0x26, 0x80, 0x5e, 0xc3, 0x8b, 0x0c, 0x83
    db 0xc6, 0x02, 0x81, 0xf9, 0xfe, 0x00, 0x72, 0x03
    db 0xb9, 0xfe, 0x00, 0xba, 0x28, 0x7f, 0x52, 0x51
    db 0x8b, 0xfa, 0x06, 0xbd, 0x00, 0x00, 0x8e, 0xc5
    db 0xfc, 0xf3, 0xa4, 0x07, 0x59, 0x5e, 0x32, 0xc0
    db 0x06, 0xbd, 0x00, 0x00, 0x8e, 0xc5, 0x26, 0xa2
    db 0x4d, 0x79, 0x07, 0xc3, 0x1e, 0x8c, 0xc8, 0x8e
    db 0xd8, 0xe8, 0xc9, 0xff, 0x1f, 0xc3, 0xe8, 0x3a
    db 0x00, 0xbe, 0x01, 0x00, 0xe8, 0x8d, 0xff, 0xbf
    db 0x46, 0x77, 0x06, 0xbd, 0x00, 0x00, 0x8e, 0xc5
    db 0xfc, 0xf3, 0xa4, 0x07, 0x32, 0xc0, 0xa2, 0x4d
    db 0x7a, 0xc6, 0x06, 0x7c, 0x78, 0x0c, 0xc7, 0x06
    db 0x7e, 0x78, 0x30, 0x30, 0xe8, 0x58, 0x00, 0xe8
    db 0x5f, 0x00, 0x3c, 0x02, 0x74, 0x03, 0xe9, 0xb9
    db 0x73, 0x06, 0x9a, 0xc3, 0x53, 0x98, 0xdc, 0x07
    db 0xe9, 0xaf, 0x73, 0xb0, 0x0a, 0xe8, 0xd8, 0x17
    db 0xbe, 0x03, 0x00, 0xe8, 0xd0, 0x1d, 0xe8, 0x28
    db 0xe2, 0xe8, 0x4d, 0xcd, 0xb0, 0x04, 0xe8, 0x27
    db 0x00, 0xb0, 0x09, 0xe8, 0x22, 0x00, 0xb0, 0x02
    db 0xe8, 0x1d, 0x00, 0xb0, 0x03, 0xe8, 0x18, 0x00
    db 0xb0, 0x03, 0xe8, 0x13, 0x00, 0xb0, 0x03, 0xe8
    db 0x0e, 0x00, 0xb0, 0x05, 0xe8, 0x09, 0x00, 0xb0
    db 0x00, 0xe8, 0x04, 0x00, 0xe8, 0x3f, 0x1f, 0xc3
    db 0xe8, 0xcd, 0xcc, 0xe8, 0x5c, 0x95, 0xc3, 0xe8
    db 0x3f, 0x19, 0xe8, 0x0c, 0xf2, 0xe8, 0x11, 0xcd
    db 0xc3, 0xbe, 0x33, 0xd1, 0xb9, 0x7c, 0x00, 0xe8
    db 0x04, 0x00, 0xe8, 0x52, 0x0b, 0xc3, 0x1e, 0xb8
    db 0x88, 0xc6, 0x8e, 0xd8, 0xbf, 0x28, 0x7f, 0x06
    db 0xbd, 0x00, 0x00, 0x8e, 0xc5, 0xfc, 0xf3, 0xa4
    db 0x07, 0x1f, 0x89, 0x3e, 0xe2, 0x79, 0xe8, 0xb0
    db 0xf3, 0xc3, 0xbe, 0x50, 0xea, 0xbf, 0x31, 0x82
    db 0xb9, 0x1e, 0x00, 0x1e, 0x8c, 0xc8, 0x8e, 0xd8
    db 0x06, 0xbd, 0x00, 0x00, 0x8e, 0xc5, 0xfc, 0xf3
    db 0xa4, 0x07, 0x1f, 0xbe, 0x36, 0x78, 0xe8, 0x54
    db 0x25, 0xc6, 0x06, 0x4e, 0x79, 0xff, 0xb0, 0x25
    db 0xa2, 0xc4, 0x76, 0xc3, 0x1e, 0x8c, 0xc9, 0x8e
    db 0xd9, 0xbe, 0x50, 0xa2, 0xbf, 0x74, 0x76, 0xb9
    db 0xa1, 0x00, 0x06, 0xbd, 0x00, 0x00, 0x8e, 0xc5
    db 0xfc, 0xf3, 0xa4, 0x07, 0xbe, 0xf3, 0xa2, 0xbf
    db 0x17, 0x77, 0xb9, 0x2f, 0x00, 0x06, 0xbd, 0x00
    db 0x00, 0x8e, 0xc5, 0xfc, 0xf3, 0xa4, 0x07, 0x1f
    db 0x8b, 0xd7, 0xc3, 0x07, 0x00, 0x3c, 0x78, 0x05
    db 0x01, 0x20, 0x31, 0x82, 0x1e, 0x00, 0xb0, 0xff
    db 0xa2, 0x26, 0x6f, 0xb0, 0x0a, 0xeb, 0x0a, 0xb0
    db 0x06, 0xeb, 0x06, 0xb0, 0x01, 0xeb, 0x02, 0xb0
    db 0x00, 0xbe, 0x28, 0x7f, 0xb9, 0xff, 0x00, 0xe8
    db 0x30, 0x00, 0xeb, 0x0e, 0xb0, 0x02, 0xeb, 0x04
    db 0xb0, 0x03, 0xeb, 0x00, 0xb9, 0x00, 0x01, 0xe8
    db 0x1d, 0x00, 0xbe, 0xe9, 0x78, 0xc7, 0x06, 0xef
    db 0x75, 0x16, 0x75, 0x8c, 0xcb, 0xb4, 0x06, 0xe8
    db 0xe7, 0x1a, 0x8b, 0x1e, 0xef, 0x75, 0x8a, 0x47
    db 0x07, 0x0a, 0xc0, 0x74, 0x01, 0xf9, 0xc3, 0xbe
    db 0x8a, 0x77, 0xa2, 0x0f, 0x75, 0x89, 0x36, 0x0b
    db 0x75, 0x89, 0x0e, 0x0d, 0x75, 0xc6, 0x06, 0x10
    db 0x75, 0x00, 0xc7, 0x06, 0x06, 0x75, 0x0f, 0x75
    db 0xbe, 0x07, 0x00, 0x89, 0x36, 0x08, 0x75, 0xc3
    db 0xbe, 0xe9, 0x78, 0xc7, 0x06, 0xef, 0x75, 0x16
    db 0x75, 0x8c, 0xcb, 0xb4, 0x06, 0xe8, 0xa9, 0x1a
    db 0x8b, 0x1e, 0xef, 0x75, 0x8b, 0x77, 0x04, 0x8a
    db 0x47, 0x07, 0x3c, 0x80, 0x75, 0x1e, 0x8b, 0x14
    db 0x87, 0xd6, 0xb9, 0x80, 0x00, 0x2b, 0xf1, 0x72
    db 0x02, 0x75, 0x07, 0x03, 0xf1, 0x8b, 0xce, 0xbe
    db 0x00, 0x00, 0x87, 0xd6, 0x89, 0x14, 0x83, 0xc6
    db 0x02, 0x0a, 0xc0, 0xc3, 0xf9, 0xc3, 0x05, 0x00
    db 0x05, 0x75, 0x0a, 0xbe, 0x8a, 0x77, 0xba, 0x28
    db 0x7f, 0xb1, 0x11, 0xe8, 0x3f, 0x1b, 0xba, 0x39
    db 0x7f, 0xe8, 0x39, 0x1b, 0xbe, 0x55, 0x75, 0xba
    db 0x3d, 0x7f, 0xb1, 0x0c, 0xe8, 0x2e, 0x1b, 0xc3
    db 0xe8, 0x29, 0x87, 0xbe, 0x72, 0x00, 0xe8, 0x75
    db 0xfd, 0xe8, 0x8a, 0x08, 0xe8, 0x6d, 0x18, 0x72
    db 0x4c, 0x3c, 0x09, 0x74, 0xeb, 0xe8, 0xbe, 0x04
    db 0xa0, 0x4a, 0x79, 0x3c, 0xda, 0x75, 0x3e, 0xe8
    db 0x14, 0xff, 0xb0, 0x07, 0x72, 0x5c, 0x8a, 0x47
    db 0x04, 0xa8, 0x04, 0x74, 0x0e, 0xe8, 0x7c, 0x08
    db 0x75, 0xd1, 0xe8, 0x68, 0x08, 0x72, 0x26, 0x3c
    db 0x09, 0x74, 0xc5, 0xbe, 0x73, 0x00, 0xe8, 0x3d
    db 0xfd, 0xb1, 0x01, 0xe8, 0x61, 0xf8, 0xbe, 0x73
    db 0x00, 0xb1, 0x02, 0xe8, 0x4b, 0xf8, 0x3c, 0x03
    db 0x74, 0xb1, 0xe8, 0x21, 0x76, 0x74, 0x07, 0x3c
    db 0x6e, 0x74, 0xa8, 0xeb, 0xe9, 0xc3, 0xe8, 0xd5
    db 0xfe, 0x8a, 0x47, 0x04, 0xa8, 0x01, 0x74, 0x05
    db 0x24, 0xfe, 0xe8, 0xcb, 0xfe, 0xbe, 0x74, 0x00
    db 0xe8, 0x0b, 0xfd, 0xe8, 0xc0, 0xfb, 0x0a, 0xc0
    db 0x75, 0x08, 0xe8, 0x59, 0x1d, 0xe8, 0x77, 0x1d
    db 0xeb, 0x81, 0xe9, 0x98, 0x03, 0xe8, 0xa4, 0x86
    db 0xbe, 0x16, 0x00, 0xe8, 0xf0, 0xfc, 0xe8, 0x05
    db 0x08, 0xe8, 0x92, 0x17, 0x72, 0x57, 0x3c, 0x09
    db 0x74, 0xeb, 0xe8, 0xed, 0xfd, 0xbe, 0x16, 0x00
    db 0xb0, 0x05, 0xe8, 0x91, 0x1b, 0xb1, 0x01, 0xe8
    db 0xef, 0xf7, 0x3c, 0x0b, 0x74, 0x3f, 0x3c, 0x03
    db 0x74, 0x3b, 0x3c, 0x09, 0x74, 0xcf, 0xe8, 0xbd
    db 0x75, 0x74, 0x06, 0x3c, 0x6e, 0x74, 0x2e, 0xeb
    db 0xe4, 0xe8, 0x9c, 0x75, 0x73, 0x09, 0xbe, 0x9d
    db 0x00, 0xe8, 0xb2, 0xfc, 0xeb, 0x19, 0x90, 0x75
    db 0x0d, 0xe8, 0xb9, 0x74, 0xbe, 0x60, 0x00, 0xe8
    db 0x9f, 0x74, 0x3c, 0x01, 0x75, 0x0f, 0xbe, 0x17
    db 0x00, 0xe8, 0x9a, 0xfc, 0xe8, 0xef, 0x03, 0xe8
    db 0x55, 0xfb, 0xe8, 0x27, 0x03, 0xc3, 0x00, 0x00
    db 0x0e, 0x7a, 0x22, 0x7a, 0x4d, 0x7a, 0xb7, 0x7a
    db 0x07, 0x7a, 0x00, 0x00, 0xc3, 0xe8, 0x39, 0x86
    db 0xe8, 0x8b, 0x07, 0xe8, 0xcb, 0x01, 0x74, 0xf4
    db 0x3c, 0x09, 0xeb, 0x1a, 0x90, 0xe8, 0x1c, 0x86
    db 0xbe, 0x8e, 0x77, 0x32, 0xc0, 0x88, 0x04, 0xe8
    db 0x74, 0x07, 0xe8, 0x17, 0x17, 0x72, 0x22, 0x3c
    db 0x09, 0x74, 0xea, 0xe8, 0x64, 0xfd, 0xc7, 0x06
    db 0xef, 0x75, 0xfd, 0x79, 0xbe, 0x69, 0x00, 0xe8
    db 0xa4, 0x03, 0xb1, 0x01, 0xe8, 0xda, 0x17, 0xa0
    db 0x4a, 0x79, 0x3c, 0x09, 0x74, 0xcf, 0xe9, 0x41
    db 0x18, 0xc3, 0xff, 0x36, 0xef, 0x75, 0xe8, 0xed
    db 0xfd, 0x8f, 0x06, 0xef, 0x75, 0xb0, 0x07, 0x72
    db 0x58, 0x8a, 0x47, 0x04, 0x8a, 0xd8, 0xf6, 0xc3
    db 0x01, 0xb0, 0x0b, 0x75, 0x4c, 0xf6, 0xc3, 0x04
    db 0x74, 0x25, 0xff, 0x36, 0xef, 0x75, 0xe8, 0x43
    db 0x07, 0x8f, 0x06, 0xef, 0x75, 0x75, 0xa1, 0xbe
    db 0x66, 0x00, 0xb5, 0x04, 0xe8, 0x1c, 0x74, 0xb1
    db 0x01, 0xe8, 0xf1, 0x17, 0xe8, 0x1e, 0x07, 0x72
    db 0xc0, 0x3c, 0x09, 0x75, 0x02, 0xeb, 0x86, 0x32
    db 0xc0, 0xa2, 0x55, 0x75, 0xbe, 0x6b, 0x00, 0xe8
    db 0xec, 0xfb, 0xbe, 0x6c, 0x00, 0xe8, 0xe6, 0xfb
    db 0xb1, 0x01, 0xff, 0x36, 0xef, 0x75, 0x56, 0xe8
    db 0x6a, 0x17, 0x5e, 0x8f, 0x06, 0xef, 0x75, 0xeb
    db 0x8e, 0xe9, 0x71, 0x02, 0xa0, 0x4a, 0x79, 0x3c
    db 0xda, 0x74, 0x11, 0x3c, 0x03, 0x74, 0x0a, 0xff
    db 0x0e, 0xef, 0x75, 0xff, 0x0e, 0xef, 0x75, 0xeb
    db 0x81, 0xe9, 0x4c, 0xff, 0xbe, 0x55, 0x75, 0xb5
    db 0x0c, 0xe8, 0xcf, 0x07, 0x75, 0x0b, 0xff, 0x0e
    db 0xef, 0x75, 0xff, 0x0e, 0xef, 0x75, 0xe9, 0x69
    db 0xff, 0xbe, 0x55, 0x75, 0xbf, 0x8e, 0x77, 0xe8
    db 0x9c, 0x06, 0xe8, 0xf8, 0x00, 0x50, 0xbe, 0x8e
    db 0x77, 0xbf, 0x55, 0x75, 0xe8, 0x8f, 0x06, 0x58
    db 0x0a, 0xc0, 0x74, 0x09, 0xbe, 0x6d, 0x00, 0xe8
    db 0xe5, 0x1b, 0xe9, 0x13, 0xff, 0xbe, 0x6a, 0x00
    db 0xe8, 0x7b, 0xfb, 0xe8, 0xdd, 0xfd, 0xe8, 0x31
    db 0xfa, 0x0a, 0xc0, 0x75, 0x15, 0xbe, 0x55, 0x75
    db 0xbf, 0x8e, 0x77, 0xb9, 0x0c, 0x00, 0x06, 0xbd
    db 0x00, 0x00, 0x8e, 0xc5, 0xfc, 0xf3, 0xa4, 0x07
    db 0x8b, 0xd7, 0x0a, 0xc0, 0x75, 0x09, 0xe8, 0xad
    db 0x1b, 0xe8, 0xcb, 0x1b, 0xe9, 0xe1, 0xfe, 0xe9
    db 0xeb, 0x01, 0xc3, 0xe8, 0xf6, 0x84, 0xbe, 0x62
    db 0x00, 0xe8, 0x42, 0xfb, 0xe8, 0x57, 0x06, 0xe8
    db 0x3a, 0x16, 0x72, 0xee, 0x3c, 0x09, 0x74, 0xeb
    db 0xe8, 0x8b, 0x02, 0xa0, 0x4a, 0x79, 0x3c, 0xda
    db 0x75, 0xe0, 0xe8, 0xe1, 0xfc, 0xb0, 0x07, 0x72
    db 0xd6, 0x8a, 0x47, 0x04, 0x8a, 0xd8, 0xf6, 0xc3
    db 0x01, 0xb0, 0x0b, 0x75, 0xca, 0xf6, 0xc3, 0x04
    db 0x74, 0x0e, 0xe8, 0x3f, 0x06, 0x75, 0xc7, 0xe8
    db 0x2b, 0x06, 0x72, 0xbe, 0x3c, 0x09, 0x74, 0xbb
    db 0xe8, 0x8a, 0x0a, 0xe8, 0xda, 0xd3, 0x9f, 0x50
    db 0xe8, 0x36, 0xc9, 0x58, 0x9e, 0x72, 0x26, 0xbe
    db 0x61, 0x00, 0xe8, 0xec, 0x72, 0x3c, 0x0b, 0x74
    db 0xa1, 0x3c, 0x03, 0x74, 0xa1, 0x3c, 0x0d, 0x74
    db 0x0c, 0x3c, 0xda, 0x75, 0xea, 0xe8, 0xbb, 0xfb
    db 0xe8, 0x18, 0x00, 0xeb, 0x08, 0xbe, 0x65, 0x00
    db 0xe8, 0xd3, 0xfa, 0xeb, 0x09, 0xbe, 0x64, 0x00
    db 0xe8, 0xcb, 0xfa, 0xe8, 0x05, 0x00, 0x32, 0xc0
    db 0xe9, 0x36, 0x01, 0xbe, 0x8a, 0x77, 0xbf, 0xfc
    db 0x8d, 0xb9, 0x11, 0x00, 0x06, 0xbd, 0x00, 0x00
    db 0x8e, 0xc5, 0xfc, 0xf3, 0xa4, 0x07, 0x8b, 0xd7
    db 0xc3, 0xe8, 0xb6, 0xfb, 0xe8, 0xa5, 0x15, 0xe8
    db 0x0c, 0x00, 0x3c, 0x03, 0xc3, 0xe8, 0x67, 0xfc
    db 0x2c, 0x01, 0x1a, 0xc0, 0x0a, 0xc0, 0x9f, 0x50
    db 0xe8, 0x9f, 0xfb, 0x58, 0x9e, 0xc3, 0x00, 0x00
    db 0x11, 0x7c, 0x46, 0x7c, 0x5c, 0x7c, 0x00, 0x00
    db 0xe8, 0x31, 0x84, 0xbe, 0x6f, 0x00, 0xb5, 0x03
    db 0xe8, 0x90, 0x72, 0xe8, 0x90, 0x05, 0xe8, 0xc8
    db 0xff, 0x74, 0x54, 0x3c, 0x09, 0xeb, 0x2c, 0xe8
    db 0x1a, 0x84, 0xbe, 0x6f, 0x00, 0xb5, 0x03, 0xe8
    db 0x79, 0x72, 0xe8, 0x80, 0x05, 0x72, 0x40, 0x3c
    db 0x09, 0x74, 0xec, 0xe8, 0x64, 0xfb, 0xbe, 0xfc
    db 0x8d, 0xbf, 0x8a, 0x77, 0xb9, 0x11, 0x00, 0x06
    db 0xbd, 0x00, 0x00, 0x8e, 0xc5, 0xfc, 0xf3, 0xa4
    db 0x07, 0x8b, 0xd7, 0xc7, 0x06, 0xef, 0x75, 0xfd
    db 0x7b, 0xe8, 0x92, 0x01, 0xbe, 0x71, 0x00, 0xe8
    db 0xaa, 0x06, 0x3c, 0x09, 0x74, 0xc1, 0xe9, 0x31
    db 0x16, 0xa0, 0x4a, 0x79, 0x3c, 0x12, 0x74, 0xe3
    db 0x3c, 0xda, 0x74, 0x04, 0xe9, 0xbd, 0x00, 0xc3
    db 0xbe, 0x8e, 0x77, 0xb5, 0x0c, 0xe8, 0x33, 0x06
    db 0x74, 0xd1, 0xe8, 0x70, 0xff, 0x0a, 0xc0, 0xa2
    db 0x1e, 0x75, 0x74, 0x15, 0xbe, 0x36, 0x00, 0xe8
    db 0xff, 0x71, 0x3c, 0x03, 0x74, 0x4e, 0xe8, 0xf5
    db 0x72, 0x74, 0x06, 0x3c, 0x6e, 0x74, 0xd5, 0xeb
    db 0xeb, 0xe8, 0xd4, 0x72, 0x72, 0x58, 0x75, 0x56
    db 0x32, 0xc0, 0xa2, 0x25, 0x6f, 0x38, 0x06, 0x36
    db 0x6d, 0x74, 0x4b, 0xbe, 0x96, 0x00, 0xe8, 0xdd
    db 0xf9, 0xbe, 0x97, 0x00, 0xe8, 0xd7, 0xf9, 0xc6
    db 0x06, 0x55, 0x75, 0x4e, 0xe8, 0x58, 0x06, 0x3c
    db 0x03, 0x74, 0x19, 0x3c, 0xda, 0x74, 0x18, 0x3c
    db 0x10, 0x74, 0xe6, 0x3c, 0x11, 0x75, 0xed, 0xbe
    db 0x98, 0x00, 0xe8, 0xb9, 0xf9, 0xc6, 0x06, 0x55
    db 0x75, 0x59, 0xeb, 0xe0, 0xe9, 0x43, 0xff, 0x80
    db 0x3e, 0x1e, 0x75, 0x00, 0x74, 0x05, 0xe8, 0xe5
    db 0x04, 0x75, 0xf1, 0x80, 0x3e, 0x55, 0x75, 0x59
    db 0x75, 0x04, 0xfe, 0x06, 0x25, 0x6f, 0xbe, 0x6e
    db 0x00, 0xe8, 0x92, 0xf9, 0xe8, 0xcc, 0xfe, 0xb0
    db 0x01, 0xa2, 0xf3, 0x79, 0xe8, 0x06, 0xf6, 0x0a
    db 0xc0, 0x75, 0x22, 0xe8, 0xd8, 0x19, 0xe8, 0xf6
    db 0x19, 0xa0, 0xf3, 0x79, 0x3c, 0x01, 0x74, 0x14
    db 0xc3, 0x0a, 0xc0, 0x75, 0x10, 0xe8, 0xc6, 0x19
    db 0xe8, 0xe4, 0x19, 0xc3, 0x0a, 0xc0, 0x75, 0x05
    db 0xe8, 0xbb, 0x19, 0xc3, 0xc3, 0xe8, 0xb7, 0x15
    db 0x01, 0x7c, 0x7d, 0x03, 0x81, 0x7d, 0x04, 0x86
    db 0x7d, 0x05, 0x8b, 0x7d, 0x06, 0x90, 0x7d, 0x07
    db 0x9a, 0x7d, 0x08, 0x95, 0x7d, 0x0b, 0x77, 0x7d
    db 0x0c, 0x7c, 0x7d, 0x0e, 0x61, 0x7d, 0x0f, 0x61
    db 0x7d, 0x11, 0x61, 0x7d, 0x10, 0x63, 0x7d, 0x0d
    db 0xdd, 0x7d, 0x12, 0x68, 0x7d, 0x00, 0xe8, 0xd4
    db 0x82, 0xbe, 0x9a, 0x00, 0xeb, 0x3c, 0xeb, 0x7a
    db 0xbe, 0x9c, 0x00, 0xeb, 0x35, 0xbe, 0x9b, 0x00
    db 0xa0, 0x52, 0x70, 0x0a, 0xc0, 0x74, 0x2b, 0xbe
    db 0x9e, 0x00, 0xeb, 0x26, 0xbe, 0x31, 0x00, 0xeb
    db 0x21, 0xbe, 0x29, 0x00, 0xeb, 0x1c, 0xbe, 0x2a
    db 0x00, 0xeb, 0x17, 0xbe, 0x2b, 0x00, 0xeb, 0x12
    db 0xbe, 0x2c, 0x00, 0xeb, 0x0d, 0xbe, 0x2f, 0x00
    db 0xeb, 0x08, 0xbe, 0x30, 0x00, 0xeb, 0x03, 0xbe
    db 0x3d, 0x00, 0x56, 0xbe, 0x2e, 0x00, 0xe8, 0xe5
    db 0xf8, 0x5e, 0x4c, 0x4c, 0xe8, 0xdf, 0xf8, 0x5e
    db 0x53, 0x8b, 0xde, 0x80, 0xfb, 0x9e, 0x75, 0x15
    db 0xc7, 0x06, 0x77, 0x8c, 0x03, 0x00, 0xc7, 0x06
    db 0x75, 0x8c, 0x0a, 0x00, 0x8a, 0x1e, 0x52, 0x70
    db 0x9a, 0x60, 0x16, 0x00, 0xc0, 0x5b, 0xb0, 0x05
    db 0xe8, 0x73, 0x17, 0xb1, 0x01, 0xe8, 0xd1, 0xf3
    db 0x3c, 0x03, 0x74, 0x06, 0x3c, 0x09, 0x74, 0x02
    db 0xeb, 0xf1, 0xe8, 0x01, 0x19, 0xc3, 0x56, 0xbe
    db 0x8a, 0x77, 0xc6, 0x04, 0x31, 0xc6, 0x44, 0x10
    db 0x41, 0x5e, 0xc3, 0xe8, 0x7a, 0x71, 0x72, 0x0b
    db 0x74, 0x0a, 0xb2, 0x03, 0xb4, 0x08, 0xe8, 0x6e
    db 0x15, 0x74, 0x00, 0xc3, 0xb2, 0x01, 0xb4, 0x08
    db 0xe8, 0x64, 0x15, 0x74, 0x02, 0xeb, 0x09, 0xb2
    db 0x02, 0xb4, 0x08, 0xe8, 0x59, 0x15, 0x74, 0x03
    db 0xe8, 0x73, 0xf8, 0xc3, 0x00, 0x00, 0x2f, 0x7e
    db 0x67, 0x7e, 0x91, 0x7e, 0x00, 0x00, 0xe8, 0x20
    db 0x82, 0xbe, 0x8e, 0x00, 0xb5, 0x03, 0xe8, 0x72
    db 0x70, 0xe8, 0x72, 0x03, 0xe8, 0xaa, 0xfd, 0x74
    db 0x06, 0x3c, 0x09, 0x74, 0xe9, 0xeb, 0x2d, 0xc3
    db 0xe8, 0x06, 0x82, 0xbe, 0x8e, 0x00, 0xb5, 0x03
    db 0xe8, 0x58, 0x70, 0xe8, 0x5f, 0x03, 0x72, 0xef
    db 0x3c, 0x09, 0x74, 0xec, 0xe8, 0x43, 0xf9, 0xbe
    db 0xfc, 0x8d, 0xbf, 0x8a, 0x77, 0xb9, 0x11, 0x00
    db 0x06, 0xbd, 0x00, 0x00, 0x8e, 0xc5, 0xfc, 0xf3
    db 0xa4, 0x07, 0x8b, 0xd7, 0xc7, 0x06, 0xef, 0x75
    db 0x1b, 0x7e, 0xe8, 0x71, 0xff, 0xbe, 0x90, 0x00
    db 0xe8, 0x89, 0x04, 0x3c, 0x09, 0x74, 0xc1, 0x80
    db 0x26, 0x51, 0x6d, 0xef, 0x3c, 0xf5, 0x74, 0x04
    db 0xe9, 0x07, 0x14, 0xc3, 0x80, 0x0e, 0x51, 0x6d
    db 0x10, 0xc6, 0x06, 0x4a, 0x79, 0xda, 0xa0, 0x4a
    db 0x79, 0x3c, 0x12, 0x74, 0xcf, 0x3c, 0xda, 0x75
    db 0xea, 0xbe, 0x8e, 0x77, 0xb5, 0x0c, 0xe8, 0x02
    db 0x04, 0x74, 0xc1, 0xe8, 0x3f, 0xfd, 0x0a, 0xc0
    db 0xa2, 0x1e, 0x75, 0x74, 0x15, 0xbe, 0x36, 0x00
    db 0xe8, 0xce, 0x6f, 0x3c, 0x03, 0x74, 0x84, 0xe8
    db 0xc4, 0x70, 0x74, 0x06, 0x3c, 0x6e, 0x74, 0xc3
    db 0xeb, 0xeb, 0xe8, 0xa3, 0x70, 0x72, 0xbc, 0x75
    db 0x56, 0x32, 0xc0, 0xa2, 0x25, 0x6f, 0x38, 0x06
    db 0x36, 0x6d, 0x74, 0x4b, 0xbe, 0x96, 0x00, 0xe8
    db 0xac, 0xf7, 0xbe, 0x97, 0x00, 0xe8, 0xa6, 0xf7
    db 0xc6, 0x06, 0x55, 0x75, 0x4e, 0xe8, 0x27, 0x04
    db 0x3c, 0x03, 0x74, 0x19, 0x3c, 0xda, 0x74, 0x18
    db 0x3c, 0x10, 0x74, 0xe6, 0x3c, 0x11, 0x75, 0xed
    db 0xbe, 0x98, 0x00, 0xe8, 0x88, 0xf7, 0xc6, 0x06
    db 0x55, 0x75, 0x59, 0xeb, 0xe0, 0xe9, 0x33, 0xff
    db 0x80, 0x3e, 0x1e, 0x75, 0x00, 0x74, 0x05, 0xe8
    db 0xb4, 0x02, 0x75, 0xf1, 0x80, 0x3e, 0x55, 0x75
    db 0x59, 0x75, 0x04, 0xfe, 0x06, 0x25, 0x6f, 0xbe
    db 0x92, 0x00, 0xe8, 0x61, 0xf7, 0xe8, 0x9b, 0xfc
    db 0xb0, 0x07, 0xe8, 0x5a, 0xf9, 0xbe, 0x52, 0x7f
    db 0xc7, 0x06, 0xef, 0x75, 0x16, 0x75, 0x8c, 0xcb
    db 0xb4, 0x06, 0xe8, 0x24, 0x14, 0x8b, 0x1e, 0xef
    db 0x75, 0x8a, 0x47, 0x07, 0x0a, 0xc0, 0x75, 0x04
    db 0xe8, 0x93, 0x17, 0xc3, 0xe9, 0xd6, 0xfd, 0x0d
    db 0x00, 0x05, 0x75, 0x0a, 0xe8, 0xea, 0x80, 0xbe
    db 0x93, 0x00, 0xe8, 0x29, 0xf7, 0xe8, 0x3e, 0x02
    db 0xe8, 0x21, 0x12, 0x72, 0x6b, 0x3c, 0x09, 0x74
    db 0xeb, 0xe8, 0x72, 0xfe, 0xa0, 0x4a, 0x79, 0x3c
    db 0xda, 0x75, 0x5d, 0xe8, 0x50, 0x02, 0x75, 0xdf
    db 0x80, 0x26, 0x51, 0x6d, 0xfb, 0xbe, 0x8e, 0x77
    db 0x8a, 0x04, 0x0a, 0xc0, 0xb0, 0x07, 0x74, 0x49
    db 0xe8, 0xd5, 0x02, 0x3c, 0x59, 0x74, 0x06, 0x3c
    db 0x4e, 0x74, 0x07, 0xeb, 0xc2, 0x80, 0x0e, 0x51
    db 0x6d, 0x04, 0xbe, 0x95, 0x00, 0xe8, 0xe6, 0xf6
    db 0xe8, 0x20, 0xfc, 0xc6, 0x06, 0x94, 0x82, 0x02
    db 0xb0, 0x08, 0xe8, 0xda, 0xf8, 0xbe, 0x52, 0x7f
    db 0xc7, 0x06, 0xef, 0x75, 0x16, 0x75, 0x8c, 0xcb
    db 0xb4, 0x06, 0xe8, 0xa4, 0x13, 0xc6, 0x06, 0x94
    db 0x82, 0x00, 0x8b, 0x1e, 0xef, 0x75, 0x8a, 0x47
    db 0x07, 0x0a, 0xc0, 0x75, 0x04, 0xe8, 0x0e, 0x17
    db 0xc3, 0xe8, 0x51, 0xfd, 0xc3, 0x00, 0x00, 0xf6
    db 0x7f, 0x34, 0x80, 0x4b, 0x80, 0x00, 0x00, 0xe8
    db 0x5f, 0x80, 0xbe, 0x91, 0x00, 0xe8, 0x9e, 0xf6
    db 0xbe, 0x8f, 0x00, 0xb5, 0x02, 0xe8, 0xab, 0x6e
    db 0xe8, 0xab, 0x01, 0xe8, 0xe3, 0xfb, 0x74, 0x06
    db 0x3c, 0x09, 0x74, 0xe3, 0xeb, 0x33, 0xc3, 0xe8
    db 0x3f, 0x80, 0xbe, 0x91, 0x00, 0xe8, 0x7e, 0xf6
    db 0xbe, 0x8f, 0x00, 0xb5, 0x02, 0xe8, 0x8b, 0x6e
    db 0xe8, 0x92, 0x01, 0x72, 0xe9, 0x3c, 0x09, 0x74
    db 0xe6, 0xe8, 0x76, 0xf7, 0xbe, 0xfc, 0x8d, 0xbf
    db 0x8a, 0x77, 0xb9, 0x11, 0x00, 0x06, 0xbd, 0x00
    db 0x00, 0x8e, 0xc5, 0xfc, 0xf3, 0xa4, 0x07, 0x8b
    db 0xd7, 0xc7, 0x06, 0xef, 0x75, 0xdc, 0x7f, 0xe8
    db 0xa4, 0xfd, 0xbe, 0x90, 0x00, 0xe8, 0xbc, 0x02
    db 0x3c, 0x09, 0x74, 0xbb, 0xe9, 0x43, 0x12, 0xc3
    db 0xa0, 0x4a, 0x79, 0x3c, 0x12, 0x74, 0xe2, 0x3c
    db 0xda, 0x75, 0xf4, 0xbe, 0x8e, 0x77, 0xb5, 0x0c
    db 0xe8, 0x48, 0x02, 0x74, 0xd4, 0xe8, 0x85, 0xfb
    db 0x0a, 0xc0, 0xa2, 0x1e, 0x75, 0x74, 0x17, 0xbe
    db 0x36, 0x00, 0xe8, 0x14, 0x6e, 0x3c, 0x03, 0x74
    db 0x0b, 0xe8, 0x0a, 0x6f, 0x74, 0x08, 0x3c, 0x6e
    db 0x74, 0xcd, 0xeb, 0xeb, 0xeb, 0x84, 0xe8, 0xe7
    db 0x6e, 0x72, 0xc4, 0x75, 0x53, 0x32, 0xc0, 0xa2
    db 0x25, 0x6f, 0x38, 0x06, 0x36, 0x6d, 0x74, 0x48
    db 0xbe, 0x96, 0x00, 0xe8, 0xf0, 0xf5, 0xbe, 0x97
    db 0x00, 0xe8, 0xea, 0xf5, 0xc6, 0x06, 0x55, 0x75
    db 0x4e, 0xe8, 0x6b, 0x02, 0x3c, 0x03, 0x74, 0xd4
    db 0x3c, 0xda, 0x74, 0x15, 0x3c, 0x10, 0x74, 0xe6
    db 0x3c, 0x11, 0x75, 0xed, 0xbe, 0x98, 0x00, 0xe8
    db 0xcc, 0xf5, 0xc6, 0x06, 0x55, 0x75, 0x59, 0xeb
    db 0xe0, 0x80, 0x3e, 0x1e, 0x75, 0x00, 0x74, 0x05
    db 0xe8, 0xfb, 0x00, 0x75, 0xaf, 0x80, 0x3e, 0x55
    db 0x75, 0x59, 0x75, 0x04, 0xfe, 0x06, 0x25, 0x6f
    db 0xbe, 0x92, 0x00, 0xe8, 0xa8, 0xf5, 0xe8, 0xe2
    db 0xfa, 0xc6, 0x06, 0x94, 0x82, 0x01, 0xb0, 0x0c
    db 0xe8, 0x9c, 0xf7, 0xbe, 0x15, 0x81, 0xc7, 0x06
    db 0xef, 0x75, 0x16, 0x75, 0x8c, 0xcb, 0xb4, 0x06
    db 0xe8, 0x66, 0x12, 0xc6, 0x06, 0x94, 0x82, 0x00
    db 0x8b, 0x1e, 0xef, 0x75, 0x8a, 0x47, 0x07, 0x0a
    db 0xc0, 0x75, 0x04, 0xe8, 0xd0, 0x15, 0xc3, 0xe9
    db 0x13, 0xfc, 0x0d, 0x00, 0x05, 0x75, 0x0a, 0xe8
    db 0x27, 0x7f, 0xbe, 0x94, 0x00, 0xe8, 0x66, 0xf5
    db 0xe8, 0x7b, 0x00, 0xe8, 0x5e, 0x10, 0x72, 0x59
    db 0x3c, 0x09, 0x74, 0xeb, 0xe8, 0xaf, 0xfc, 0xa0
    db 0x4a, 0x79, 0x3c, 0xda, 0x75, 0x4b, 0xe8, 0x8d
    db 0x00, 0x75, 0xdf, 0x80, 0x26, 0x51, 0x6d, 0xfb
    db 0xbe, 0x8e, 0x77, 0x8a, 0x04, 0x0a, 0xc0, 0xb0
    db 0x07, 0x74, 0x37, 0xbe, 0x95, 0x00, 0xe8, 0x35
    db 0xf5, 0xe8, 0x6f, 0xfa, 0xc6, 0x06, 0x94, 0x82
    db 0x03, 0xb0, 0x0b, 0xe8, 0x29, 0xf7, 0xbe, 0x52
    db 0x7f, 0xc7, 0x06, 0xef, 0x75, 0x16, 0x75, 0x8c
    db 0xcb, 0xb4, 0x06, 0xe8, 0xf3, 0x11, 0xc6, 0x06
    db 0x94, 0x82, 0x00, 0x8b, 0x1e, 0xef, 0x75, 0x8a
    db 0x47, 0x07, 0x0a, 0xc0, 0x75, 0x04, 0xe8, 0x5d
    db 0x15, 0xc3, 0xe8, 0xa0, 0xfb, 0xc3, 0xb9, 0x08
    db 0x00, 0x8b, 0x04, 0x87, 0x05, 0x89, 0x04, 0x46
    db 0x46, 0x47, 0x47, 0xe2, 0xf4, 0xc3, 0xbe, 0x66
    db 0x00, 0xb5, 0x04, 0xe8, 0xfd, 0x6c, 0xe8, 0x67
    db 0x6d, 0xe8, 0x47, 0xfc, 0xc3, 0xff, 0x36, 0xef
    db 0x75, 0xe8, 0xf2, 0xff, 0xe8, 0x8d, 0x0f, 0x8f
    db 0x06, 0xef, 0x75, 0xc3, 0x06, 0x9a, 0x87, 0x28
    db 0x98, 0xdc, 0x07, 0x50, 0xbe, 0x8d, 0x00, 0xe8
    db 0xc4, 0xf4, 0x58, 0x0b, 0xc0, 0xc3, 0xe8, 0x75
    db 0xf6, 0x8a, 0x47, 0x04, 0xa8, 0x04, 0x74, 0x03
    db 0xe8, 0xe1, 0xff, 0xc3, 0xe8, 0x4e, 0xfb, 0xc3
    db 0xe8, 0x66, 0x7e, 0xbe, 0x63, 0x00, 0xe8, 0xa5
    db 0xf4, 0xe8, 0xba, 0xff, 0xe8, 0x9d, 0x0f, 0x72
    db 0xee, 0x3c, 0x09, 0x74, 0xeb, 0xe8, 0xee, 0xfb
    db 0xa0, 0x4a, 0x79, 0x3c, 0xda, 0x75, 0xe0, 0xe8
    db 0x44, 0xf6, 0xb0, 0x07, 0x72, 0xd6, 0x8a, 0x47
    db 0x04, 0x8a, 0xd8, 0xf6, 0xc3, 0x01, 0xb0, 0x0b
    db 0x75, 0xca, 0xe8, 0xb4, 0xc2, 0xe8, 0x82, 0xf5
    db 0xe8, 0x34, 0x0d, 0xbf, 0x8a, 0x77, 0xa0, 0x06
    db 0x68, 0x0c, 0x40, 0x88, 0x05, 0x47, 0xc6, 0x05
    db 0x3a, 0x47, 0xbe, 0x8e, 0x77, 0xb9, 0x0c, 0x00
    db 0x06, 0xbd, 0x00, 0x00, 0x8e, 0xc5, 0xfc, 0xf3
    db 0xa4, 0x07, 0xc6, 0x05, 0x00, 0xb9, 0x8a, 0x77
    db 0xa1, 0x54, 0x7a, 0xbb, 0x80, 0x00, 0xf7, 0xe3
    db 0x8b, 0xd8, 0xb8, 0x4f, 0x0a, 0xc6, 0x06, 0x54
    db 0x6d, 0x01, 0xe8, 0x73, 0x7f, 0xa2, 0x4a, 0x79
    db 0xe8, 0x67, 0x0e, 0xb2, 0x59, 0xb4, 0x04, 0xe8
    db 0x0d, 0x11, 0xc6, 0x06, 0x54, 0x6d, 0x00, 0xc3
    db 0x9a, 0x52, 0x28, 0x00, 0xc0, 0xc6, 0x06, 0x55
    db 0x75, 0x4e, 0x72, 0x30, 0x3c, 0xff, 0x75, 0x2c
    db 0xbe, 0x10, 0x00, 0xe8, 0x10, 0xf4, 0xbe, 0x0f
    db 0x00, 0xe8, 0x0a, 0xf4, 0xe8, 0x90, 0x00, 0x3c
    db 0xda, 0x74, 0x19, 0x3c, 0x03, 0x74, 0x19, 0x3c
    db 0x10, 0x74, 0xd5, 0x3c, 0x11, 0x75, 0xed, 0xbe
    db 0x0e, 0x00, 0xe8, 0xf1, 0xf3, 0xc6, 0x06, 0x55
    db 0x75, 0x59, 0xeb, 0xe0, 0xa0, 0x55, 0x75, 0xc3
    db 0xb0, 0x43, 0xc3, 0xb4, 0x08, 0x8a, 0x04, 0x3c
    db 0x20, 0x74, 0x3a, 0x3c, 0x2e, 0x74, 0x36, 0x8a
    db 0x04, 0x3c, 0x20, 0x74, 0x36, 0x3c, 0x2e, 0x74
    db 0x0d, 0x46, 0xfe, 0xcd, 0xfe, 0xcc, 0x75, 0xef
    db 0x8a, 0x04, 0x3c, 0x2e, 0x75, 0x25, 0x8a, 0x44
    db 0x01, 0x3c, 0x20, 0x74, 0x1e, 0xb4, 0x03, 0xfe
    db 0xcd, 0x46, 0x8a, 0x04, 0x3c, 0x20, 0x74, 0x13
    db 0x3c, 0x2e, 0x74, 0x0f, 0x46, 0xfe, 0xcd, 0xfe
    db 0xcc, 0x75, 0xef, 0xeb, 0x06, 0xe8, 0x03, 0x00
    db 0x32, 0xc0, 0xc3, 0x0a, 0xed, 0x74, 0x08, 0xc6
    db 0x04, 0x20, 0x46, 0xfe, 0xcd, 0x75, 0xf4, 0xb0
    db 0x01, 0x0a, 0xc0, 0xc3, 0xb1, 0x01, 0xff, 0x36
    db 0xef, 0x75, 0x56, 0xe8, 0x13, 0x0f, 0x5e, 0x8f
    db 0x06, 0xef, 0x75, 0xa0, 0x4a, 0x79, 0xc3, 0xe8
    db 0x11, 0xaa, 0xe8, 0x30, 0xc5, 0xc3, 0xe8, 0x0a
    db 0x06, 0xe8, 0x21, 0x6e, 0x80, 0x26, 0xb4, 0x8d
    db 0xf7, 0xbe, 0x5a, 0x00, 0xb5, 0x03, 0xe8, 0x72
    db 0x6b, 0xe8, 0x85, 0x02, 0xe8, 0xe5, 0x02, 0xe8
    db 0xb7, 0x0d, 0xeb, 0x18, 0x00, 0x00, 0x4f, 0x83
    db 0x4f, 0x83, 0x6a, 0x83, 0xc4, 0x83, 0xce, 0x83
    db 0xb5, 0x83, 0x9c, 0x83, 0xab, 0x83, 0xdd, 0x83
    db 0xdd, 0x83, 0x00, 0x00, 0xc7, 0x06, 0xef, 0x75
    db 0x3b, 0x83, 0xbe, 0x5b, 0x00, 0xff, 0x36, 0xef
    db 0x75, 0x56, 0xe8, 0x3d, 0x04, 0x75, 0x1c, 0xe8
    db 0x8d, 0x02, 0xe8, 0x5f, 0x02, 0xeb, 0x14, 0xff
    db 0x36, 0xef, 0x75, 0x56, 0xe8, 0x7a, 0x0d, 0xe8
    db 0x9d, 0x04, 0x75, 0x07, 0xe8, 0x4d, 0x02, 0xeb
    db 0x02, 0xeb, 0x5a, 0x5e, 0x8f, 0x06, 0xef, 0x75
    db 0xa0, 0x4a, 0x79, 0x3c, 0x03, 0x74, 0x4e, 0x3c
    db 0xda, 0x74, 0x4f, 0x3c, 0x13, 0x74, 0x07, 0x3c
    db 0x12, 0x74, 0x03, 0xe9, 0x07, 0x0f, 0xe9, 0xf1
    db 0x0e, 0xff, 0x36, 0xef, 0x75, 0x56, 0xe8, 0xaf
    db 0x02, 0x75, 0xd8, 0xe8, 0x8e, 0x02, 0xeb, 0xd3
    db 0xff, 0x36, 0xef, 0x75, 0x56, 0xe8, 0xd5, 0x02
    db 0xeb, 0xc9, 0xff, 0x36, 0xef, 0x75, 0x56, 0xe8
    db 0x8b, 0x03, 0x75, 0xbf, 0xe8, 0x75, 0x02, 0xeb
    db 0xba, 0xff, 0x36, 0xef, 0x75, 0x56, 0xe8, 0xb4
    db 0x04, 0xeb, 0xb0, 0xff, 0x36, 0xef, 0x75, 0x56
    db 0xe8, 0xfd, 0x04, 0xeb, 0xa6, 0xe8, 0xaf, 0x05
    db 0xeb, 0x3c, 0xa0, 0x4a, 0x79, 0x3c, 0xda, 0x74
    db 0x08, 0xc7, 0x06, 0xef, 0x75, 0x47, 0x83, 0xeb
    db 0xbf, 0xbe, 0x53, 0x00, 0xe8, 0x97, 0xf2, 0xe8
    db 0x1b, 0x02, 0xe8, 0xfe, 0x05, 0x74, 0x08, 0xe8
    db 0x80, 0xd7, 0xe8, 0xc9, 0x02, 0xeb, 0x11, 0xbe
    db 0xd1, 0x78, 0x8b, 0x1c, 0x89, 0x1e, 0xf5, 0x78
    db 0x46, 0x46, 0x8b, 0x1c, 0x89, 0x1e, 0xd9, 0x78
    db 0xe8, 0xae, 0xc0, 0xe8, 0xe3, 0x04, 0xe9, 0x83
    db 0x68, 0x8b, 0x36, 0xe3, 0x78, 0x03, 0xf6, 0x03
    db 0xf6, 0x8b, 0xd6, 0x03, 0xf6, 0x03, 0xf6, 0x03
    db 0xf6, 0x03, 0xf6, 0x03, 0xf6, 0x2b, 0xf2, 0x8b
    db 0x16, 0xf1, 0x78, 0x42, 0xb0, 0x7b, 0x2a, 0xc2
    db 0x72, 0x0d, 0xfe, 0xc0, 0xba, 0x7c, 0x00, 0x2b
    db 0xf2, 0x8a, 0xd0, 0xb6, 0x00, 0x03, 0xf2, 0x8b
    db 0x16, 0xef, 0x78, 0xfe, 0xca, 0x78, 0x04, 0xfe
    db 0xc2, 0x03, 0xf2, 0x56, 0x59, 0xc3, 0x8b, 0x36
    db 0x54, 0x7a, 0xba, 0x06, 0x00, 0x2b, 0xf2, 0xb9
    db 0x00, 0x00, 0x72, 0x14, 0x03, 0xf6, 0x03, 0xf6
    db 0x8b, 0xd6, 0x03, 0xf6, 0x03, 0xf6, 0x03, 0xf6
    db 0x03, 0xf6, 0x03, 0xf6, 0x2b, 0xf2, 0x8b, 0xce
    db 0xc3, 0xc3, 0xe8, 0x6c, 0x0c, 0x75, 0xfa, 0xbe
    db 0x01, 0x00, 0xe8, 0xf5, 0x00, 0xb1, 0x01, 0xe8
    db 0x81, 0x00, 0x75, 0xed, 0x83, 0xfe, 0x00, 0x74
    db 0xee, 0x89, 0x36, 0x13, 0x78, 0xeb, 0x2c, 0xe8
    db 0x4f, 0x0c, 0x75, 0x22, 0xbe, 0xe7, 0x03, 0xe8
    db 0xd8, 0x00, 0xb1, 0x02, 0xe8, 0x64, 0x00, 0x75
    db 0x15, 0x56, 0x87, 0xd6, 0x8b, 0x36, 0x13, 0x78
    db 0x87, 0xd6, 0x32, 0xc0, 0x2b, 0xf2, 0x5e, 0x73
    db 0x06, 0xc6, 0x06, 0x4a, 0x79, 0x13, 0xc3, 0x89
    db 0x36, 0x15, 0x78, 0xe9, 0xf6, 0x03, 0xc3, 0xe8
    db 0x1f, 0x0c, 0x75, 0xfa, 0x8b, 0x36, 0x13, 0x78
    db 0xe8, 0xa7, 0x00, 0xbe, 0x32, 0x00, 0xe8, 0xad
    db 0xf1, 0xb1, 0x04, 0xe8, 0x2d, 0x00, 0x75, 0xe6
    db 0x87, 0xd6, 0x8b, 0x36, 0x13, 0x78, 0x87, 0xd6
    db 0x32, 0xc0, 0x2b, 0xf2, 0x46, 0x89, 0x36, 0x0f
    db 0x79, 0xeb, 0xd0, 0xbe, 0x5b, 0x00, 0xe8, 0x31
    db 0x00, 0x50, 0xe8, 0xa3, 0x00, 0xeb, 0x13, 0xbe
    db 0x5b, 0x00, 0xe8, 0x25, 0x00, 0x50, 0xe8, 0x86
    db 0x00, 0xeb, 0x07, 0xbe, 0x0c, 0x00, 0xe8, 0x19
    db 0x00, 0x50, 0x56, 0xe8, 0xd3, 0x0b, 0x5e, 0x58
    db 0x3c, 0xda, 0x74, 0x06, 0x3c, 0x12, 0x74, 0x02
    db 0x3c, 0x13, 0xc3, 0xe8, 0xe7, 0x00, 0xe8, 0x98
    db 0xbf, 0xc3, 0x56, 0x32, 0xc0, 0xba, 0x0f, 0x7a
    db 0xe8, 0x90, 0xec, 0xa2, 0x4a, 0x79, 0x3c, 0x03
    db 0x74, 0x13, 0xbe, 0x0f, 0x7a, 0xb5, 0x03, 0x8a
    db 0x04, 0x3c, 0x20, 0x75, 0x08, 0x46, 0xfe, 0xcd
    db 0x75, 0xf5, 0x5e, 0xeb, 0xdd, 0x5e, 0xc7, 0x06
    db 0xed, 0x75, 0x0f, 0x7a, 0xe8, 0xbd, 0x89, 0xa0
    db 0x4a, 0x79, 0xc3, 0x8b, 0x16, 0x16, 0x79, 0x8b
    db 0x36, 0x14, 0x79, 0x03, 0xf2, 0xc7, 0x06, 0xed
    db 0x75, 0x0f, 0x7a, 0xc7, 0x06, 0xef, 0x75, 0x8d
    db 0x0e, 0x8c, 0xcf, 0xe8, 0x2a, 0x89, 0xeb, 0x0b
    db 0xd1, 0xfe, 0xc7, 0x06, 0xed, 0x75, 0x0f, 0x7a
    db 0xe8, 0x6c, 0x89, 0x32, 0xc0, 0xa2, 0x12, 0x7a
    db 0xb9, 0x0f, 0x7a, 0xbe, 0x00, 0x03, 0xc3, 0xc7
    db 0x06, 0xed, 0x75, 0x0f, 0x7a, 0xe8, 0x7c, 0x89
    db 0x8b, 0xd6, 0x03, 0xf6, 0x03, 0xf2, 0xeb, 0x09
    db 0xc7, 0x06, 0xed, 0x75, 0x0f, 0x7a, 0xe8, 0x6b
    db 0x89, 0x03, 0xf6, 0x56, 0xe8, 0x5e, 0x00, 0x5e
    db 0xc3, 0xe8, 0x59, 0x00, 0xe8, 0xa4, 0xff, 0xbe
    db 0x44, 0x00, 0xe8, 0x3f, 0x00, 0xe8, 0x04, 0x00
    db 0xe8, 0x18, 0x00, 0xc3, 0xe8, 0x46, 0x00, 0x8b
    db 0x16, 0x16, 0x79, 0x8b, 0x36, 0xf9, 0x78, 0x03
    db 0xf2, 0xe8, 0x91, 0xff, 0xbe, 0x45, 0x00, 0xe8
    db 0x22, 0x00, 0xc3, 0xe8, 0x2f, 0x00, 0x8b, 0x36
    db 0x18, 0x79, 0xe8, 0x80, 0xff, 0xbe, 0x46, 0x00
    db 0xe8, 0x11, 0x00, 0xe8, 0xd3, 0xbe, 0xc3, 0xe8
    db 0x1b, 0x00, 0xe8, 0x66, 0xff, 0xbe, 0x44, 0x00
    db 0xe8, 0x01, 0x00, 0xc3, 0xa0, 0x4a, 0x79, 0x50
    db 0xb1, 0x01, 0xba, 0x0f, 0x7a, 0xe8, 0xaa, 0xeb
    db 0x58, 0xa2, 0x4a, 0x79, 0xc3, 0xa0, 0x48, 0x79
    db 0xe8, 0x5d, 0xbe, 0xc3, 0xe8, 0x0c, 0xff, 0x8b
    db 0x36, 0x01, 0x79, 0xe8, 0x5a, 0xff, 0xbe, 0x47
    db 0x00, 0xe8, 0xd8, 0xff, 0xe8, 0xfc, 0xfe, 0x8b
    db 0x36, 0x03, 0x79, 0xe8, 0x4a, 0xff, 0xbe, 0x48
    db 0x00, 0xe8, 0xc8, 0xff, 0xe8, 0xec, 0xfe, 0x8b
    db 0x16, 0xfd, 0x78, 0x42, 0x42, 0x8b, 0x36, 0x01
    db 0x79, 0x2b, 0xf2, 0xe8, 0x32, 0xff, 0xbe, 0x49
    db 0x00, 0xe8, 0xb0, 0xff, 0xc3, 0xe9, 0x44, 0x01
    db 0xe8, 0xd0, 0xfe, 0x8b, 0x36, 0x03, 0x79, 0xe8
    db 0x1e, 0xff, 0xb1, 0x04, 0xe8, 0x94, 0xfe, 0x75
    db 0xec, 0x87, 0xd6, 0x8b, 0x36, 0x01, 0x79, 0x4e
    db 0x4e, 0x4e, 0x4e, 0x32, 0xc0, 0x2b, 0xf2, 0x72
    db 0xdf, 0x87, 0xd6, 0x89, 0x36, 0x03, 0x79, 0x89
    db 0x36, 0xfb, 0x78, 0x89, 0x36, 0x07, 0x79, 0xe8
    db 0x44, 0x00, 0xe9, 0x3a, 0x02, 0xe8, 0x9b, 0xfe
    db 0x8b, 0x16, 0xfd, 0x78, 0x42, 0x42, 0x8b, 0x36
    db 0x01, 0x79, 0x2b, 0xf2, 0x79, 0x0a, 0x8b, 0x36
    db 0x01, 0x79, 0x89, 0x36, 0xfd, 0x78, 0xeb, 0xe5
    db 0xe8, 0xd5, 0xfe, 0xb1, 0x06, 0xe8, 0x4b, 0xfe
    db 0x75, 0xa3, 0x87, 0xd6, 0x8b, 0x36, 0x01, 0x79
    db 0x2b, 0xf2, 0xf7, 0xc6, 0x00, 0x80, 0x75, 0xcd
    db 0x4e, 0x4e, 0x89, 0x36, 0xfd, 0x78, 0xe8, 0x05
    db 0x00, 0x75, 0xc2, 0xe9, 0xf9, 0x01, 0x32, 0xc0
    db 0x50, 0x8b, 0x36, 0x03, 0x79, 0xf7, 0xc6, 0x00
    db 0x80, 0x74, 0x0c, 0xbe, 0x00, 0x00, 0x89, 0x36
    db 0x03, 0x79, 0x58, 0xb0, 0x01, 0xeb, 0xe9, 0x8b
    db 0x16, 0x03, 0x79, 0x8b, 0x36, 0x07, 0x79, 0x2b
    db 0xf2, 0x79, 0x06, 0x89, 0x16, 0x07, 0x79, 0xeb
    db 0xe9, 0x8b, 0x16, 0x07, 0x79, 0x42, 0x42, 0x8b
    db 0x36, 0xfd, 0x78, 0x2b, 0xf2, 0x79, 0x06, 0x89
    db 0x16, 0xfd, 0x78, 0xeb, 0xd5, 0x8b, 0x16, 0xfd
    db 0x78, 0x42, 0x42, 0x8b, 0x36, 0x01, 0x79, 0x2b
    db 0xf2, 0x79, 0x06, 0x89, 0x16, 0x01, 0x79, 0xeb
    db 0xc1, 0x8b, 0x36, 0x2e, 0x79, 0xf7, 0xc6, 0x80
    db 0x00, 0x8b, 0x36, 0x07, 0x79, 0x75, 0x04, 0x8b
    db 0x36, 0x03, 0x79, 0x89, 0x36, 0xfb, 0x78, 0x89
    db 0x36, 0xf5, 0x78, 0x8b, 0x36, 0xdf, 0x78, 0x89
    db 0x36, 0xd9, 0x78, 0xe8, 0x83, 0xbd, 0x58, 0x0a
    db 0xc0, 0xc3, 0xeb, 0x50, 0x90, 0xe8, 0xdb, 0xfd
    db 0x8b, 0x36, 0x01, 0x79, 0xe8, 0x29, 0xfe, 0xb1
    db 0x02, 0xe8, 0x9f, 0xfd, 0x75, 0x3e, 0x56, 0xba
    db 0xc6, 0x00, 0x42, 0x32, 0xc0, 0x2b, 0xf2, 0x5e
    db 0x73, 0xe3, 0x56, 0x8b, 0x16, 0x03, 0x79, 0x42
    db 0x42, 0x42, 0x42, 0x32, 0xc0, 0x2b, 0xf2, 0x5e
    db 0x72, 0xd3, 0x56, 0x87, 0xd6, 0x8b, 0x36, 0x01
    db 0x79, 0x32, 0xc0, 0x2b, 0xf2, 0x87, 0xd6, 0x8b
    db 0x36, 0xfd, 0x78, 0x2b, 0xf2, 0x89, 0x36, 0xfd
    db 0x78, 0x5e, 0x89, 0x36, 0x01, 0x79, 0xe8, 0x35
    db 0xff, 0xe9, 0x2b, 0x01, 0x9f, 0xe8, 0x30, 0xff
    db 0x9e, 0xc3, 0xe8, 0x4c, 0x09, 0x8b, 0x36, 0x16
    db 0x79, 0xe8, 0xc1, 0xfd, 0xb1, 0x01, 0xe8, 0x56
    db 0xfd, 0x74, 0x01, 0xc3, 0x56, 0xba, 0xf4, 0x02
    db 0x32, 0xc0, 0x2b, 0xf2, 0x73, 0x0b, 0x5e, 0x89
    db 0x36, 0x16, 0x79, 0xe8, 0x06, 0x00, 0xe9, 0xfb
    db 0x00, 0x5e, 0xeb, 0xd6, 0x8b, 0x16, 0x14, 0x79
    db 0x03, 0xf2, 0xba, 0x2b, 0x03, 0x32, 0xc0, 0x2b
    db 0xf2, 0x72, 0x3b, 0x87, 0xd6, 0x8b, 0x36, 0x14
    db 0x79, 0x2b, 0xf2, 0x89, 0x36, 0x14, 0x79, 0x8b
    db 0x36, 0x0b, 0x79, 0x2b, 0xf2, 0x89, 0x36, 0x0b
    db 0x79, 0x8b, 0x36, 0xf9, 0x78, 0x2b, 0xf2, 0x89
    db 0x36, 0xf9, 0x78, 0x8b, 0x16, 0x16, 0x79, 0x03
    db 0xf2, 0xba, 0x31, 0x03, 0x32, 0xc0, 0x2b, 0xf2
    db 0x72, 0x0c, 0x87, 0xd6, 0x8b, 0x36, 0xf9, 0x78
    db 0x2b, 0xf2, 0x89, 0x36, 0xf9, 0x78, 0xc3, 0x8b
    db 0x36, 0xf9, 0x78, 0x8b, 0x16, 0x14, 0x79, 0x32
    db 0xc0, 0x2b, 0xf2, 0x89, 0x36, 0x11, 0x8e, 0xe8
    db 0xa3, 0x00, 0x79, 0x03, 0xbe, 0x00, 0x00, 0x89
    db 0x36, 0x6e, 0x75, 0xe8, 0x2d, 0xfd, 0xb1, 0x03
    db 0xe8, 0xcc, 0xfc, 0x74, 0x01, 0xc3, 0x56, 0xba
    db 0x2b, 0x03, 0x32, 0xc0, 0x2b, 0xf2, 0x5e, 0x73
    db 0xea, 0x8b, 0x16, 0x16, 0x79, 0x56, 0xbe, 0x3c
    db 0x00, 0x03, 0xf2, 0x87, 0xd6, 0x5e, 0x2b, 0xf2
    db 0xf7, 0xc6, 0x00, 0x80, 0x75, 0xd5, 0xba, 0x3c
    db 0x00, 0x03, 0xf2, 0x89, 0x36, 0x14, 0x79, 0x8b
    db 0x16, 0x11, 0x8e, 0x56, 0x03, 0xf2, 0xe8, 0x86
    db 0xff, 0x5e, 0x8b, 0x16, 0x6e, 0x75, 0x2b, 0xf2
    db 0x79, 0x04, 0x8b, 0x36, 0x14, 0x79, 0x89, 0x36
    db 0x0b, 0x79, 0xeb, 0x40, 0xc3, 0xe8, 0x69, 0x08
    db 0x8b, 0x16, 0x16, 0x79, 0x8b, 0x36, 0xf9, 0x78
    db 0x03, 0xf2, 0xe8, 0xd8, 0xfc, 0xb1, 0x05, 0xe8
    db 0x6d, 0xfc, 0x74, 0x01, 0xc3, 0x56, 0xba, 0x31
    db 0x03, 0x32, 0xc0, 0x2b, 0xf2, 0x5e, 0x73, 0x13
    db 0x8b, 0x16, 0x16, 0x79, 0x2b, 0xf2, 0x72, 0x0b
    db 0x8b, 0x16, 0x14, 0x79, 0x42, 0x56, 0x2b, 0xf2
    db 0x5e, 0x73, 0x05, 0xe8, 0x0b, 0xbc, 0xeb, 0xc5
    db 0x89, 0x36, 0xf9, 0x78, 0xe8, 0x02, 0xbc, 0x32
    db 0xc0, 0xa0, 0x4a, 0x79, 0xc3, 0x8b, 0x16, 0x0b
    db 0x79, 0x8b, 0x36, 0x14, 0x79, 0x2b, 0xf2, 0xc3
    db 0xe8, 0x16, 0x08, 0x8b, 0x36, 0x18, 0x79, 0xe8
    db 0x8b, 0xfc, 0xb1, 0x07, 0xe8, 0x20, 0xfc, 0x75
    db 0x17, 0x0b, 0xf6, 0x74, 0x0d, 0x83, 0xee, 0x12
    db 0x72, 0xe6, 0x83, 0xfe, 0x66, 0x7f, 0xe1, 0x83
    db 0xc6, 0x12, 0x89, 0x36, 0x18, 0x79, 0xeb, 0xc4
    db 0xc3, 0x8b, 0x36, 0x18, 0x79, 0x0b, 0xf6, 0x75
    db 0x01, 0xc3, 0x56, 0xe8, 0x80, 0xd0, 0x5e, 0x8b
    db 0xd6, 0xbb, 0xfe, 0x7e, 0xb5, 0x10, 0x81, 0xfe
    db 0x24, 0x03, 0x73, 0x0e, 0x0a, 0xed, 0x74, 0x0a
    db 0x89, 0x37, 0x43, 0x43, 0xfe, 0xcd, 0x03, 0xf2
    db 0xeb, 0xec, 0xc3, 0xe8, 0xe7, 0xfc, 0xbe, 0xbe
    db 0x78, 0x8b, 0x1e, 0x16, 0x79, 0x89, 0x1c, 0x46
    db 0x46, 0x8b, 0x1e, 0x14, 0x79, 0x89, 0x1c, 0x46
    db 0x46, 0x8b, 0x1e, 0x14, 0x79, 0x89, 0x1c, 0x46
    db 0x46, 0x8b, 0x1e, 0xf9, 0x78, 0x89, 0x1c, 0x46
    db 0x46, 0x8b, 0x1e, 0x01, 0x79, 0x89, 0x1c, 0x46
    db 0x46, 0x8b, 0x1e, 0x03, 0x79, 0x89, 0x1c, 0x46
    db 0x46, 0x8b, 0x1e, 0xfd, 0x78, 0x89, 0x1c, 0x46
    db 0x46, 0x8b, 0x1e, 0xfb, 0x78, 0x89, 0x1c, 0x46
    db 0x46, 0x8b, 0x1e, 0x07, 0x79, 0x89, 0x1c, 0x46
    db 0x46, 0x8a, 0x1e, 0x18, 0x79, 0x88, 0x1c, 0x46
    db 0x8b, 0x1e, 0xf5, 0x78, 0x89, 0x1c, 0x46, 0x46
    db 0x8b, 0x1e, 0xd9, 0x78, 0x89, 0x1c, 0xc3, 0xe8
    db 0x83, 0xfc, 0xbe, 0xbe, 0x78, 0x8b, 0x1c, 0x89
    db 0x1e, 0x16, 0x79, 0x46, 0x46, 0x8b, 0x1c, 0x89
    db 0x1e, 0x14, 0x79, 0x46, 0x46, 0x8b, 0x1c, 0x89
    db 0x1e, 0x0b, 0x79, 0x46, 0x46, 0x8b, 0x1c, 0x89
    db 0x1e, 0xf9, 0x78, 0x46, 0x46, 0x8b, 0x1c, 0x89
    db 0x1e, 0x01, 0x79, 0x46, 0x46, 0x8b, 0x1c, 0x89
    db 0x1e, 0x03, 0x79, 0x46, 0x46, 0x8b, 0x1c, 0x89
    db 0x1e, 0xfd, 0x78, 0x46, 0x46, 0x8b, 0x1c, 0x89
    db 0x1e, 0xfb, 0x78, 0x46, 0x46, 0x8b, 0x1c, 0x89
    db 0x1e, 0x07, 0x79, 0x46, 0x46, 0x8a, 0x1c, 0x88
    db 0x1e, 0x18, 0x79, 0xe8, 0xe8, 0xfc, 0xbe, 0xd1
    db 0x78, 0x8b, 0x1c, 0x89, 0x1e, 0xf5, 0x78, 0x46
    db 0x46, 0x8b, 0x1c, 0x89, 0x1e, 0xd9, 0x78, 0xe8
    db 0xcf, 0xba, 0xc3, 0xbe, 0xc6, 0x78, 0x8b, 0x1c
    db 0x3b, 0x1e, 0x01, 0x79, 0x75, 0x15, 0x46, 0x46
    db 0x8b, 0x1c, 0x3b, 0x1e, 0x03, 0x79, 0x75, 0x0b
    db 0x46, 0x46, 0x8b, 0x1c, 0x3b, 0x1e, 0xfd, 0x78
    db 0x75, 0x01, 0xc3, 0xc3, 0x00, 0x00, 0x00, 0x10
    db 0x00, 0x00, 0x20, 0x00, 0x00, 0x30, 0x00, 0x00
    db 0x40, 0x00, 0x00, 0x50, 0x00, 0x00, 0x60, 0x00
    db 0x00, 0x70, 0x00, 0x00, 0x80, 0x00, 0x00, 0x90
    db 0x00, 0x00, 0xa0, 0x00, 0x00, 0xb0, 0x00, 0x00
    db 0xc0, 0x00, 0x00, 0xd0, 0x00, 0x16, 0xff, 0xb0
    db 0x0b, 0xa2, 0x94, 0x79, 0xc3, 0x9f, 0x50, 0xa0
    db 0xf3, 0x79, 0x0a, 0xc0, 0x75, 0x03, 0xe9, 0xb1
    db 0x00, 0x87, 0xd6, 0x58, 0x9e, 0x51, 0x50, 0x8a
    db 0xc5, 0x0a, 0xc0, 0x74, 0x02, 0xb1, 0xff, 0x8a
    db 0xe9, 0x58, 0x52, 0x0a, 0xc0, 0x74, 0x79, 0x3c
    db 0xff, 0x74, 0x12, 0x8b, 0x1e, 0x67, 0x79, 0x8a
    db 0xd0, 0xb0, 0x7c, 0x2a, 0xc2, 0x02, 0xd8, 0x8b
    db 0xf3, 0x8a, 0xc2, 0xeb, 0x14, 0x8b, 0x16, 0xf1
    db 0x78, 0xfe, 0xc2, 0x8b, 0x36, 0x67, 0x79, 0xb0
    db 0x7b, 0x2a, 0xc2, 0x72, 0x53, 0xfe, 0xc0, 0x03
    db 0xf2, 0x8a, 0xc8, 0x3a, 0xc5, 0x72, 0x02, 0x8a
    db 0xcd, 0x2a, 0xc1, 0x9f, 0x2a, 0xe9, 0x9e, 0x5a
    db 0x51, 0x9f, 0x50, 0xb5, 0x00, 0x8a, 0xc1, 0x0a
    db 0xc0, 0x74, 0x23, 0x56, 0x8b, 0x36, 0x7b, 0x75
    db 0x03, 0xf1, 0x89, 0x36, 0x7b, 0x75, 0x5e, 0x8b
    db 0xfa, 0xfc, 0x8c, 0xdd, 0x8c, 0xc0, 0x8e, 0xd8
    db 0x8e, 0xc5, 0xf3, 0xa4, 0x8c, 0xdd, 0x8c, 0xc0
    db 0x8e, 0xd8, 0x8e, 0xc5, 0x8b, 0xd7, 0x58, 0x9e
    db 0x59, 0x5e, 0xb5, 0x00, 0x2b, 0xf1, 0x8b, 0xce
    db 0x74, 0x03, 0xe9, 0x78, 0xff, 0x0a, 0xc0, 0xc3
    db 0x8b, 0x36, 0x67, 0x79, 0x83, 0xc6, 0x7c, 0x26
    db 0x8b, 0x14, 0x46, 0xf6, 0xc2, 0x40, 0x75, 0x0e
    db 0x51, 0xe8, 0xbe, 0xae, 0x59, 0x89, 0x16, 0x67
    db 0x79, 0xba, 0x00, 0x00, 0xeb, 0x85, 0x5a, 0x59
    db 0xf9, 0xc3, 0x58, 0x9e, 0x51, 0x50, 0x8a, 0xc5
    db 0x0a, 0xc0, 0x74, 0x02, 0xb1, 0xff, 0x8a, 0xe9
    db 0x58, 0x8b, 0x16, 0xef, 0x78, 0xb0, 0x7c, 0x2a
    db 0xc2, 0x8a, 0xc8, 0x72, 0x48, 0x74, 0x46, 0x8a
    db 0xc2, 0x8b, 0x16, 0xeb, 0x78, 0x02, 0xd0, 0x8a
    db 0xc1, 0x8a, 0xc8, 0x3a, 0xc5, 0x72, 0x02, 0x8a
    db 0xcd, 0x2a, 0xc1, 0x2a, 0xe9, 0x51, 0x50, 0xb5
    db 0x00, 0x8a, 0xc1, 0x0a, 0xc0, 0x74, 0x0b, 0x01
    db 0x0e, 0x7b, 0x75, 0x8b, 0xfa, 0xfc, 0xf3, 0xa4
    db 0x8b, 0xd7, 0x58, 0x8a, 0xc2, 0x24, 0x7f, 0xa2
    db 0xef, 0x78, 0x59, 0x5a, 0x87, 0xd6, 0xb5, 0x00
    db 0x2b, 0xf1, 0x87, 0xd6, 0x8b, 0xca, 0x75, 0xa4
    db 0xb0, 0x00, 0x0a, 0xc0, 0xc3, 0xb0, 0x00, 0x51
    db 0x56, 0xe8, 0x58, 0xae, 0x89, 0x36, 0xe7, 0x78
    db 0x89, 0x16, 0xeb, 0x78, 0xb2, 0x00, 0x5e, 0x59
    db 0xeb, 0x9b, 0xa0, 0xd5, 0x78, 0xa8, 0x04, 0x9f
    db 0x24, 0xfb, 0x9e, 0x74, 0x07, 0xf6, 0x06, 0x56
    db 0x7a, 0x01, 0x74, 0x01, 0xc3, 0x56, 0xbb, 0x28
    db 0x7f, 0x8b, 0x36, 0xdf, 0x78, 0x4e, 0x4e, 0x89
    db 0x77, 0x02, 0x8b, 0x36, 0xdb, 0x78, 0x4e, 0x4e
    db 0x89, 0x77, 0x04, 0x87, 0xd6, 0x8b, 0x36, 0xdd
    db 0x78, 0x2b, 0xf2, 0x46, 0x46, 0x89, 0x77, 0x06
    db 0xbe, 0xff, 0x0c, 0x89, 0x36, 0x28, 0x7f, 0xa0
    db 0x8f, 0x79, 0xd0, 0xe8, 0xfe, 0xc8, 0xb4, 0x00
    db 0x8b, 0xf0, 0x89, 0x77, 0x08, 0xb0, 0x0f, 0x88
    db 0x47, 0x0a, 0x83, 0xc3, 0x0b, 0x89, 0x1e, 0xe2
    db 0x79, 0xe8, 0xb5, 0xdf, 0x8b, 0x36, 0xe1, 0x78
    db 0x83, 0xc6, 0x03, 0x89, 0x36, 0x2a, 0x7f, 0x32
    db 0xc0, 0xa2, 0x30, 0x7f, 0xe8, 0xa2, 0xdf, 0x8b
    db 0x36, 0xdf, 0x78, 0x4e, 0x4e, 0x89, 0x36, 0x2c
    db 0x77, 0x8b, 0x36, 0xdb, 0x78, 0x4e, 0x89, 0x36
    db 0x2e, 0x77, 0xc6, 0x06, 0x30, 0x77, 0x01, 0xc6
    db 0x06, 0x31, 0x77, 0x00, 0x8b, 0x36, 0xdd, 0x78
    db 0x2b, 0x36, 0xdb, 0x78, 0x46, 0x46, 0x89, 0x36
    db 0x2a, 0x7f, 0xc7, 0x06, 0x28, 0x7f, 0xff, 0x0e
    db 0xbe, 0x2c, 0x7f, 0x89, 0x36, 0xe2, 0x79, 0xe8
    db 0x67, 0xdf, 0x8b, 0x36, 0xe1, 0x78, 0x46, 0x46
    db 0x89, 0x36, 0x2c, 0x77, 0xc6, 0x06, 0x30, 0x77
    db 0x00, 0xc6, 0x06, 0x31, 0x77, 0x01, 0xbe, 0x2c
    db 0x7f, 0x89, 0x36, 0xe2, 0x79, 0xe8, 0x49, 0xdf
    db 0xbb, 0x28, 0x7f, 0xb0, 0x06, 0x88, 0x47, 0x01
    db 0x8b, 0x16, 0xdf, 0x78, 0x4a, 0x89, 0x57, 0x02
    db 0x8b, 0x36, 0xe1, 0x78, 0x46, 0x2b, 0xf2, 0x46
    db 0x46, 0x89, 0x77, 0x06, 0xbe, 0x01, 0x00, 0x89
    db 0x77, 0x08, 0xbe, 0x00, 0x00, 0x89, 0x77, 0x0a
    db 0x89, 0x77, 0x0c, 0xb0, 0x0f, 0x88, 0x47, 0x0e
    db 0x83, 0xc3, 0x0f, 0x89, 0x1e, 0xe2, 0x79, 0xe8
    db 0x0f, 0xdf, 0x8b, 0x36, 0xdd, 0x78, 0x46, 0x89
    db 0x36, 0x2c, 0x7f, 0xe8, 0x03, 0xdf, 0x32, 0xc0
    db 0xa2, 0x36, 0x7f, 0x8b, 0x36, 0xdb, 0x78, 0x4e
    db 0x89, 0x36, 0x2c, 0x7f, 0xe8, 0xf2, 0xde, 0x5e
    db 0xc3, 0x5d, 0x00, 0x00, 0x00, 0x02, 0x00, 0xff
    db 0xff, 0xff, 0xff, 0xff, 0xff, 0xff, 0xff, 0xfe
    db 0x00, 0xfe, 0x00, 0x00, 0x00, 0x0c, 0x00, 0x00
    db 0x00, 0xc2, 0x01, 0x0c, 0x00, 0x76, 0x00, 0x01
    db 0x00, 0x84, 0x00, 0x0c, 0x00, 0x00, 0x00, 0x0c
    db 0x00, 0x00, 0x00, 0x86, 0x01, 0x00, 0x00, 0x01
    db 0x00, 0x00, 0x00, 0x00, 0x86, 0x01, 0x3c, 0x00
    db 0x00, 0x00, 0x20, 0x20, 0x4c, 0x49, 0x53, 0x54
    db 0x20, 0x4f, 0x46, 0x20, 0x44, 0x4f, 0x43, 0x2e
    db 0x20, 0x20, 0x00, 0x00, 0x00, 0x00, 0xc8, 0xff
    db 0xff, 0xfe, 0xff, 0xff, 0xfe, 0xff, 0xff, 0xfe
    db 0xff, 0xff, 0xfe, 0x00, 0x00, 0x00, 0x02, 0x06
    db 0xa0, 0x20, 0x75, 0x0a, 0xc0, 0x74, 0x0a, 0xa8
    db 0x02, 0x75, 0x03, 0xeb, 0x72, 0x90, 0xe9, 0xb3
    db 0x00, 0xe9, 0x90, 0x5f, 0xc7, 0x06, 0x7d, 0x75
    db 0x0f, 0x8d, 0xbe, 0x38, 0x00, 0xe8, 0x6e, 0xe9
    db 0xbe, 0x19, 0x00, 0xe8, 0x68, 0xe9, 0xeb, 0x12
    db 0xc7, 0x06, 0x7d, 0x75, 0x23, 0x8d, 0xbe, 0x38
    db 0x00, 0xe8, 0x5a, 0xe9, 0xbe, 0x37, 0x00, 0xe8
    db 0x54, 0xe9, 0x32, 0xc0, 0xa2, 0x20, 0x75, 0xb5
    db 0x06, 0xb1, 0x01, 0xba, 0x30, 0x7a, 0xe8, 0x82
    db 0xe4, 0xbe, 0x30, 0x7a, 0xb1, 0x10, 0xe8, 0x82
    db 0x06, 0x80, 0x26, 0xec, 0x79, 0xef, 0xb5, 0x10
    db 0xbe, 0x30, 0x7a, 0xe8, 0x2d, 0x62, 0x73, 0x05
    db 0x80, 0x0e, 0xec, 0x79, 0x10, 0xe8, 0x7c, 0x05
    db 0xda, 0x86, 0x8d, 0x03, 0x9f, 0xec, 0xff, 0x6c
    db 0x8d, 0x8b, 0x36, 0x7d, 0x75, 0xff, 0xe6, 0xa0
    db 0x20, 0x75, 0x0c, 0x01, 0xa2, 0x20, 0x75, 0xe8
    db 0xc3, 0x01, 0xe8, 0x88, 0xc3, 0xe8, 0x41, 0xb7
    db 0xe9, 0x19, 0x5f, 0x81, 0x3e, 0x7d, 0x75, 0x23
    db 0x8d, 0x74, 0xe4, 0xbe, 0x18, 0x00, 0xe8, 0xf5
    db 0xe8, 0x32, 0xc0, 0xb5, 0x06, 0xb1, 0x01, 0xba
    db 0x1f, 0x7a, 0xe8, 0x26, 0xe4, 0xbe, 0x1f, 0x7a
    db 0xb1, 0x10, 0xe8, 0x26, 0x06, 0xb5, 0x10, 0xbe
    db 0x1f, 0x7a, 0xe8, 0xd6, 0x61, 0xe8, 0x2c, 0x05
    db 0x1d, 0xbf, 0x8d, 0xda, 0xc4, 0x8d, 0x03, 0x9f
    db 0xec, 0xff, 0x8e, 0x8d, 0xbe, 0x01, 0x00, 0xeb
    db 0x03, 0xbe, 0x00, 0x00, 0x89, 0x36, 0x7d, 0x75
    db 0xbe, 0x01, 0x00, 0x89, 0x36, 0x81, 0x77, 0xa0
    db 0x20, 0x75, 0x0c, 0x02, 0xa2, 0x20, 0x75, 0xe8
    db 0x63, 0x01, 0xe8, 0x1c, 0xc3, 0xeb, 0x06, 0xe8
    db 0x5b, 0x01, 0xe8, 0x20, 0xc3, 0x50, 0xe8, 0xd8
    db 0xb6, 0x58, 0xa8, 0x10, 0x75, 0x92, 0xa0, 0x7d
    db 0x75, 0x0a, 0xc0, 0x74, 0x24, 0xe8, 0x95, 0x9c
    db 0xe8, 0xfc, 0x9e, 0xe8, 0xc3, 0xb6, 0xb0, 0x04
    db 0xa2, 0xa6, 0x79, 0xe8, 0x3e, 0x05, 0xe8, 0xa9
    db 0x05, 0xa0, 0x4a, 0x79, 0x3c, 0x1d, 0x75, 0x02
    db 0xeb, 0xcd, 0x3c, 0xda, 0x74, 0x03, 0xe9, 0x83
    db 0x5e, 0xbe, 0x01, 0x00, 0x89, 0x36, 0x81, 0x77
    db 0xe8, 0x1a, 0x01, 0xbe, 0x1f, 0x7a, 0xbf, 0xa0
    db 0x75, 0xbb, 0x10, 0x00, 0x06, 0xbd, 0x00, 0x00
    db 0x8e, 0xc5, 0xfc, 0xf3, 0xa4, 0x07, 0xe8, 0x04
    db 0x74, 0xa8, 0xc7, 0x0a, 0x3a, 0x18, 0x00, 0xb0
    db 0xff, 0xa2, 0x7a, 0x75, 0xe8, 0xc3, 0x00, 0x32
    db 0xc0, 0xa2, 0x7a, 0x75, 0xe8, 0xee, 0x73, 0x1e
    db 0x38, 0x00, 0xa0, 0x20, 0x75, 0x3c, 0x08, 0x73
    db 0x5b, 0xbe, 0x28, 0x7f, 0xb5, 0x10, 0xe8, 0x85
    db 0x00, 0x72, 0x51, 0x74, 0x4f, 0xe8, 0x7e, 0x00
    db 0x72, 0x04, 0x74, 0x24, 0xeb, 0x0f, 0x8a, 0xc5
    db 0x0a, 0xc0, 0x74, 0x18, 0xe8, 0x6f, 0x00, 0x72
    db 0xf5, 0x74, 0x11, 0xeb, 0x37, 0x8a, 0xc5, 0x0a
    db 0xc0, 0x74, 0x0d, 0xe8, 0x60, 0x00, 0x72, 0x2c
    db 0x74, 0x06, 0xeb, 0xf1, 0xb1, 0x00, 0xeb, 0x02
    db 0xb1, 0x01, 0xb5, 0x10, 0xbe, 0x1f, 0x7a, 0x8a
    db 0x04, 0x0a, 0xc0, 0x74, 0x17, 0x3c, 0x61, 0x72
    db 0x0e, 0x3c, 0x7b, 0x73, 0x0a, 0x24, 0xdf, 0x88
    db 0x04, 0x8a, 0xc1, 0x0a, 0xc0, 0x74, 0x05, 0x46
    db 0xfe, 0xcd, 0x75, 0xe3, 0xe8, 0x48, 0xc2, 0xa0
    db 0xa6, 0x79, 0x3c, 0x6a, 0x74, 0x19, 0xe8, 0x00
    db 0xb6, 0xbe, 0xa0, 0x75, 0xbf, 0x1f, 0x7a, 0xbb
    db 0x10, 0x00, 0x06, 0xbd, 0x00, 0x00, 0x8e, 0xc5
    db 0xfc, 0xf3, 0xa4, 0x07, 0xe9, 0x03, 0xff, 0xe8
    db 0xe7, 0xb5, 0xe8, 0xb8, 0x5f, 0xbe, 0x55, 0x00
    db 0xe8, 0x04, 0x08, 0xe9, 0xb6, 0x5d, 0xfe, 0xcd
    db 0x8a, 0x04, 0x46, 0x0a, 0xc0, 0x75, 0x01, 0xc3
    db 0x3c, 0x20, 0x74, 0x11, 0x3c, 0x41, 0x72, 0xee
    db 0x3c, 0x5b, 0x72, 0x09, 0x3c, 0x61, 0x72, 0xe6
    db 0x3c, 0x7b, 0x73, 0xe2, 0xc3, 0x32, 0xc0, 0xfe
    db 0xc0, 0xc3, 0xb5, 0x10, 0xba, 0x30, 0x7a, 0xbe
    db 0x28, 0x7f, 0x32, 0xc0, 0x88, 0x04, 0x8b, 0xfa
    db 0x8a, 0x05, 0x42, 0x0a, 0xc0, 0x75, 0x01, 0xc3
    db 0x51, 0x52, 0x56, 0xe8, 0xbe, 0x08, 0x5e, 0x5a
    db 0x59, 0x74, 0x01, 0xc3, 0x24, 0x0f, 0x3c, 0x07
    db 0x74, 0x06, 0xa0, 0x76, 0x75, 0x88, 0x04, 0x46
    db 0xfe, 0xcd, 0x75, 0xd6, 0xc3, 0xa0, 0x48, 0x79
    db 0xa2, 0x48, 0x79, 0xa2, 0x9c, 0x79, 0xc3, 0xa1
    db 0x54, 0x7a, 0xbb, 0x80, 0x00, 0xf7, 0xe3, 0xbe
    db 0x17, 0x8a, 0x2e, 0x8a, 0x3c, 0x46, 0x2e, 0x8a
    db 0x1c, 0x03, 0xc3, 0xa3, 0x6d, 0x76, 0xe8, 0x18
    db 0x01, 0xbb, 0x65, 0x7a, 0x81, 0xeb, 0x6b, 0x00
    db 0x89, 0x1e, 0x6f, 0x76, 0x8b, 0x1e, 0x6f, 0x76
    db 0xb0, 0x6b, 0xb4, 0x0a, 0xf6, 0xe4, 0x05, 0x65
    db 0x7a, 0x3b, 0xd8, 0x75, 0x01, 0xc3, 0x81, 0xc3
    db 0x6b, 0x00, 0x89, 0x1e, 0x6f, 0x76, 0x8b, 0x4f
    db 0x16, 0xf6, 0xc1, 0x40, 0x75, 0x71, 0x0b, 0xc9
    db 0x74, 0x6d, 0x3b, 0x0e, 0x6d, 0x76, 0x72, 0x08
    db 0x8b, 0xd9, 0x26, 0x8b, 0x4f, 0x7e, 0xeb, 0xe9
    db 0x8b, 0x36, 0x6b, 0x76, 0x83, 0xfe, 0xff, 0x75
    db 0x09, 0xc7, 0x06, 0x79, 0x6d, 0xa3, 0x8f, 0xe9
    db 0x01, 0x72, 0x8b, 0xd9, 0x26, 0x8b, 0x5f, 0x7c
    db 0xf6, 0xc3, 0x40, 0x75, 0x04, 0x26, 0x89, 0x77
    db 0x7e, 0x8b, 0xd9, 0x26, 0x8b, 0x5f, 0x7e, 0xf6
    db 0xc3, 0x40, 0x75, 0x04, 0x26, 0x89, 0x77, 0x7c
    db 0x8b, 0x1e, 0x6f, 0x76, 0x3b, 0x4f, 0x16, 0x75
    db 0x06, 0x89, 0x77, 0x16, 0x89, 0x77, 0x12, 0x1e
    db 0x8c, 0xc7, 0x8e, 0xdf, 0x8b, 0xfe, 0x8b, 0xf1
    db 0xb9, 0x80, 0x00, 0xfc, 0xf3, 0xa4, 0x1f, 0x8b
    db 0x1e, 0x6b, 0x76, 0x26, 0x8b, 0x4f, 0x7e, 0xe8
    db 0x7f, 0x00, 0xeb, 0x8d, 0xe9, 0x6d, 0xff, 0x8b
    db 0x1e, 0x6f, 0x76, 0x8b, 0x4f, 0x18, 0xf6, 0xc1
    db 0x40, 0x75, 0xf1, 0x0b, 0xc9, 0x74, 0xed, 0x3b
    db 0x0e, 0x6d, 0x76, 0x72, 0x08, 0x8b, 0xd9, 0x26
    db 0x8b, 0x4f, 0x7c, 0xeb, 0xe9, 0x8b, 0x36, 0x6b
    db 0x76, 0x83, 0xfe, 0xff, 0x75, 0x09, 0xc7, 0x06
    db 0x79, 0x6d, 0x20, 0x90, 0xe9, 0x84, 0x71, 0x8b
    db 0xd9, 0x26, 0x8b, 0x5f, 0x7e, 0xf6, 0xc3, 0x40
    db 0x75, 0x04, 0x26, 0x89, 0x77, 0x7c, 0x8b, 0xd9
    db 0x26, 0x8b, 0x5f, 0x7c, 0xf6, 0xc3, 0x40, 0x75
    db 0x04, 0x26, 0x89, 0x77, 0x7e, 0x8b, 0x1e, 0x6f
    db 0x76, 0x3b, 0x4f, 0x18, 0x75, 0x06, 0x89, 0x77
    db 0x18, 0x89, 0x77, 0x14, 0x1e, 0x8c, 0xc7, 0x8e
    db 0xdf, 0x8b, 0xfe, 0x8b, 0xf1, 0xb9, 0x80, 0x00
    db 0xfc, 0xf3, 0xa4, 0x1f, 0x8b, 0x1e, 0x6b, 0x76
    db 0x26, 0x8b, 0x4f, 0x7c, 0xe8, 0x02, 0x00, 0xeb
    db 0x8d, 0x56, 0x53, 0x8b, 0x1e, 0x50, 0x7a, 0x83
    db 0xfb, 0xff, 0x74, 0x30, 0x3b, 0x1e, 0x6d, 0x76
    db 0x72, 0x0d, 0x89, 0x1e, 0x6b, 0x76, 0x26, 0x8b
    db 0x1f, 0x89, 0x1e, 0x50, 0x7a, 0xeb, 0x1a, 0x8b
    db 0xf3, 0x26, 0x8b, 0x1f, 0x83, 0xfb, 0xff, 0x74
    db 0x13, 0x3b, 0x1e, 0x6d, 0x76, 0x72, 0xf0, 0x89
    db 0x1e, 0x6b, 0x76, 0x26, 0x8b, 0x1f, 0x26, 0x89
    db 0x1c, 0x5b, 0x5e, 0xc3, 0x89, 0x1e, 0x6b, 0x76
    db 0xeb, 0xf7, 0xbe, 0x17, 0x8a, 0x2e, 0x8a, 0x3c
    db 0x46, 0x2e, 0x8a, 0x1c, 0xbe, 0xff, 0xff, 0x8b
    db 0x0e, 0x54, 0x7a, 0x26, 0x89, 0x37, 0x8b, 0xf3
    db 0x81, 0xc3, 0x80, 0x00, 0xe2, 0xf5, 0x89, 0x36
    db 0x50, 0x7a, 0xc3, 0xe8, 0x24, 0x7c, 0xa0, 0x9b
    db 0x79, 0x3c, 0x05, 0x74, 0x01, 0xc3, 0xe9, 0xf5
    db 0x05, 0xe8, 0x51, 0xfe, 0xe8, 0x81, 0xb3, 0xe8
    db 0xcf, 0xb3, 0x8b, 0x36, 0xd5, 0x78, 0xf7, 0xc6
    db 0x02, 0x00, 0x75, 0x06, 0xf7, 0xc6, 0x04, 0x00
    db 0x74, 0x05, 0xb0, 0x20, 0x3c, 0xda, 0xc3, 0xb0
    db 0xda, 0x3c, 0xda, 0xc3, 0xb0, 0x00, 0xbe, 0x27
    db 0x00, 0x80, 0x3e, 0x06, 0x68, 0x0a, 0x75, 0x03
    db 0xbe, 0x99, 0x00, 0xe8, 0x20, 0x04, 0xe8, 0xcc
    db 0xe3, 0x9f, 0x50, 0x72, 0x03, 0xe8, 0xcf, 0x9b
    db 0xe8, 0x96, 0xb3, 0x58, 0x9e, 0xc3, 0xe8, 0xdb
    db 0xff, 0xe8, 0xaf, 0x00, 0x72, 0x42, 0x0b, 0xf6
    db 0x75, 0x2e, 0xeb, 0x05, 0xe8, 0xcd, 0xff, 0x72
    db 0x14, 0x06, 0xa0, 0x06, 0x68, 0x0c, 0x40, 0x32
    db 0xe4, 0x33, 0xdb, 0x9a, 0xe5, 0x52, 0x98, 0xdc
    db 0x07, 0xb0, 0x00, 0xf8, 0xc3, 0xe8, 0x8b, 0x00
    db 0x72, 0x1e, 0x0b, 0xf6, 0x75, 0x0a, 0xbe, 0x2f
    db 0x00, 0x3c, 0x06, 0x74, 0x03, 0xbe, 0x28, 0x00
    db 0x56, 0xbe, 0x2e, 0x00, 0xe8, 0x17, 0xe5, 0x5e
    db 0xe8, 0x13, 0xe5, 0xb1, 0x01, 0xe8, 0x29, 0xe0
    db 0x3c, 0x09, 0x74, 0x06, 0x3c, 0x03, 0x75, 0xf3
    db 0xf9, 0xc3, 0xf8, 0xc3, 0xe8, 0x85, 0xff, 0x72
    db 0xcc, 0xe8, 0x2c, 0x00, 0x06, 0xa0, 0x06, 0x68
    db 0x0c, 0x40, 0x32, 0xe4, 0xbb, 0x55, 0x75, 0x9a
    db 0xe5, 0x52, 0x98, 0xdc, 0x07, 0x50, 0xbe, 0x55
    db 0x75, 0xba, 0x8e, 0x77, 0xb1, 0x0c, 0xe8, 0x8c
    db 0x02, 0xe8, 0x46, 0x02, 0x58, 0xa2, 0x4a, 0x79
    db 0x3c, 0x09, 0x74, 0x02, 0xb0, 0x00, 0xf8, 0xc3
    db 0xbe, 0x55, 0x75, 0xba, 0x8e, 0x77, 0x32, 0xc0
    db 0x88, 0x04, 0xa2, 0x9a, 0x77, 0xb1, 0x0c, 0xe8
    db 0x28, 0x02, 0xe8, 0xfe, 0x01, 0xe8, 0x65, 0x02
    db 0xc3, 0xb0, 0x00, 0xa2, 0x9c, 0x79, 0xe8, 0x97
    db 0xb2, 0xe8, 0xb1, 0x98, 0xe8, 0x18, 0x9b, 0xe8
    db 0xdf, 0xb2, 0xc3, 0x33, 0xf6, 0x3c, 0x0f, 0x75
    db 0x04, 0xb0, 0x03, 0xf9, 0xc3, 0x3c, 0x11, 0x75
    db 0x04, 0xb0, 0x09, 0xf9, 0xc3, 0xbe, 0x9a, 0x00
    db 0x3c, 0x0e, 0x75, 0x02, 0xf8, 0xc3, 0xbe, 0x9c
    db 0x00, 0x3c, 0x10, 0x75, 0x02, 0xf8, 0xc3, 0xbe
    db 0x9b, 0x00, 0x3c, 0x12, 0x75, 0x02, 0xf8, 0xc3
    db 0x33, 0xf6, 0xf8, 0xc3, 0xba, 0x55, 0x75, 0xeb
    db 0x03, 0xba, 0x8e, 0x77, 0x80, 0x0e, 0x51, 0x6d
    db 0x02, 0x52, 0x32, 0xc0, 0xe8, 0x9c, 0xdf, 0x80
    db 0x26, 0x51, 0x6d, 0xfd, 0x5a, 0x9f, 0x50, 0x51
    db 0x52, 0x56, 0xff, 0x36, 0xef, 0x75, 0x87, 0xd6
    db 0xb5, 0x0d, 0xb1, 0x20, 0xfe, 0xcd, 0x74, 0x05
    db 0x8a, 0x04, 0x46, 0xeb, 0xf7, 0x8f, 0x06, 0xef
    db 0x75, 0x5e, 0x5a, 0x8b, 0xda, 0x89, 0x1e, 0xed
    db 0x75, 0xa0, 0x9a, 0x77, 0x88, 0x47, 0x0c, 0x59
    db 0x58, 0x9e, 0xeb, 0x0e, 0x90, 0xba, 0x9a, 0x77
    db 0xeb, 0x03, 0xba, 0x8a, 0x77, 0x32, 0xc0, 0xe8
    db 0x59, 0xdf, 0x9f, 0x50, 0xa0, 0x8a, 0x77, 0xa2
    db 0x51, 0x75, 0x58, 0x9e, 0xc3, 0xba, 0x8e, 0x77
    db 0xeb, 0x08, 0xba, 0x9a, 0x77, 0xeb, 0x03, 0xba
    db 0x8a, 0x77, 0x56, 0x32, 0xc0, 0xe8, 0x2a, 0xdf
    db 0x5e, 0xc3, 0xe8, 0x4f, 0x00, 0x13, 0xc0, 0x92
    db 0x12, 0xcc, 0x92, 0xda, 0xcc, 0x92, 0x0b, 0xa7
    db 0x92, 0x03, 0xa7, 0x92, 0x00, 0x8b, 0x1e, 0xef
    db 0x75, 0x2e, 0xff, 0x27, 0xc3, 0x83, 0x06, 0xef
    db 0x75, 0x02, 0xeb, 0x05, 0x83, 0x2e, 0xef, 0x75
    db 0x02, 0x8b, 0x1e, 0xef, 0x75, 0x2e, 0x8a, 0x07
    db 0x2e, 0x0a, 0x47, 0x01, 0xc3, 0xe8, 0xec, 0xff
    db 0x74, 0x0e, 0xeb, 0xd9, 0xe8, 0xe5, 0xff, 0x75
    db 0xd4, 0xe8, 0xd9, 0xff, 0x74, 0x07, 0xeb, 0xcd
    db 0xe8, 0xd2, 0xff, 0x75, 0xfb, 0x83, 0x2e, 0xef
    db 0x75, 0x02, 0xeb, 0xc1, 0xe8, 0xaa, 0x5b, 0x8b
    db 0xec, 0x87, 0x76, 0x00, 0x52, 0x8a, 0xd0, 0x2e
    db 0x8a, 0x04, 0x46, 0x3c, 0x00, 0x74, 0x0f, 0x3c
    db 0xff, 0x74, 0x08, 0x3a, 0xc2, 0x74, 0x04, 0x46
    db 0x46, 0xeb, 0xec, 0x2e, 0x8b, 0x34, 0x5a, 0x8b
    db 0xec, 0x87, 0x76, 0x00, 0xa0, 0x4a, 0x79, 0xc3
    db 0x56, 0xbe, 0x43, 0x79, 0xfe, 0xcd, 0x74, 0x18
    db 0xfe, 0xcd, 0x74, 0x1c, 0xfe, 0xcd, 0x74, 0x24
    db 0xfe, 0xcd, 0x74, 0x2c, 0xfe, 0xcd, 0x74, 0x30
    db 0xc6, 0x04, 0x07, 0xbe, 0x08, 0x01, 0xeb, 0x2e
    db 0xc6, 0x04, 0x15, 0xbe, 0xc8, 0x01, 0xeb, 0x26
    db 0xc6, 0x04, 0x15, 0xbe, 0x4a, 0x01, 0xeb, 0x1e
    db 0x56, 0xbe, 0x43, 0x79, 0xc6, 0x04, 0xe3, 0xbe
    db 0x1c, 0x00, 0xeb, 0x12, 0x56, 0xbe, 0x43, 0x79
    db 0xc6, 0x04, 0xff, 0xbe, 0x00, 0x00, 0xeb, 0x06
    db 0xc6, 0x04, 0xff, 0xbe, 0x01, 0x10, 0x89, 0x36
    db 0x41, 0x79, 0x5e, 0xc3, 0xc3, 0xe8, 0x76, 0x96
    db 0xc3
loc_9364:
    db 0x9a, 0x0e, 0x17, 0x00, 0xc0, 0xc3, 0x9a, 0x12
    db 0x17, 0x00, 0xc0, 0xc3, 0x51, 0x56, 0xe8, 0x0e
    db 0xc8, 0xeb, 0x05, 0x51, 0x56, 0xe8, 0x18, 0xc8
    db 0x5e, 0x59, 0xc3, 0xb5, 0x00, 0x8a, 0xc1, 0x3c
    db 0x00, 0x75, 0x01, 0xc3, 0xe8, 0xec, 0xff, 0xa8
    db 0x10, 0x75, 0x1c, 0x50, 0xe8, 0xdd, 0xff, 0x58
    db 0x3c, 0x00, 0x74, 0x04, 0x24, 0x05, 0x74, 0xec
    db 0x8a, 0xc5, 0x3a, 0xc2, 0x75, 0x02, 0xb2, 0x20
    db 0x88, 0x14, 0x46, 0xfe, 0xc9, 0xeb, 0xd6, 0xb0
    db 0x20, 0x88, 0x04, 0x46, 0xfe, 0xc9, 0x75, 0xf9
    db 0xc3, 0x9f, 0x50, 0x51, 0x52, 0x56, 0xff, 0x36
    db 0xef, 0x75, 0xe8, 0x97, 0xbf, 0xa2, 0x4a, 0x79
    db 0x8f, 0x06, 0xef, 0x75, 0x5e, 0x5a, 0x59, 0x58
    db 0x9e, 0xc3, 0xff, 0x36, 0xef, 0x75, 0x50, 0x51
    db 0x52, 0x56, 0xb6, 0x00, 0x8a, 0xd1, 0x03, 0xf2
    db 0x8a, 0xe9, 0x4e, 0x8a, 0x04, 0x3c, 0x20, 0x74
    db 0x06, 0xb5, 0x01, 0x3c, 0xff, 0x75, 0x63, 0x32
    db 0xc0, 0x88, 0x04, 0xfe, 0xcd, 0x75, 0xeb, 0xeb
    db 0x59, 0xff, 0x36, 0xef, 0x75, 0x50, 0x51, 0x52
    db 0x56, 0x8a, 0xe9, 0x80, 0x3c, 0x00, 0x74, 0x08
    db 0x46, 0xfe, 0xcd, 0x75, 0xf6, 0xeb, 0x43, 0x90
    db 0xb0, 0x20, 0x88, 0x04, 0x46, 0xfe, 0xcd, 0x75
    db 0xf9, 0xeb, 0x37, 0x90, 0xff, 0x36, 0xef, 0x75
    db 0x50, 0x51, 0x52, 0x56, 0x8a, 0xe9, 0x8a, 0x04
    db 0x3c, 0x20, 0x72, 0x04, 0x3c, 0xe6, 0x72, 0x02
    db 0xb0, 0x20, 0x88, 0x04, 0x46, 0xfe, 0xcd, 0x75
    db 0xed, 0xeb, 0x17, 0x90, 0xff, 0x36, 0xef, 0x75
    db 0x50, 0x51, 0x52, 0x56, 0xb5, 0x00, 0x8b, 0xfa
    db 0x06, 0xbd, 0x00, 0x00, 0x8e, 0xc5, 0xfc, 0xf3
    db 0xa4, 0x07, 0x5e, 0x5a, 0x59, 0x58, 0x8f, 0x06
    db 0xef, 0x75, 0xc3, 0xe8, 0x9b, 0xff, 0xe8, 0xbb
    db 0xff, 0xe8, 0xd8, 0xff, 0xc3, 0xb0, 0x05, 0xe8
    db 0xdb, 0x00, 0xbe, 0x65, 0x7a, 0xba, 0x6b, 0x00
    db 0xb5, 0x05, 0x03, 0xf2, 0xfe, 0xcd, 0x75, 0xfa
    db 0x8a, 0x04, 0xa2, 0x77, 0x75, 0xb0, 0x05, 0x50
    db 0x51, 0x52, 0x56, 0xff, 0x36, 0xef, 0x75, 0x8b
    db 0xf1, 0x32, 0xc0, 0x81, 0xe6, 0xff, 0x00, 0xb0
    db 0x00, 0x50, 0x56, 0xbe, 0x00, 0x00, 0xe8, 0xac
    db 0x00, 0xa0, 0x77, 0x75, 0x24, 0xc0, 0x0c, 0x40
    db 0xa2, 0xd5, 0x78, 0xe8, 0x22, 0xb0, 0x5e, 0x89
    db 0x36, 0x68, 0x75, 0xe8, 0x96, 0x6d, 0x80, 0x05
    db 0x20, 0xac, 0xd5, 0x69, 0xac, 0xd7, 0x10, 0xac
    db 0xd9, 0x02, 0xac, 0xdb, 0x04, 0x00, 0xe8, 0x83
    db 0x6d, 0x44, 0xe9, 0x9a, 0x7c, 0x5e, 0x1c, 0x98
    db 0xfa, 0x00, 0xa0, 0xc5, 0x79, 0x3c, 0x7a, 0x74
    db 0xed, 0xa2, 0x67, 0x75, 0x53, 0x8b, 0x1e, 0x68
    db 0x75, 0xfe, 0xc7, 0x89, 0x1e, 0x68, 0x75, 0x8a
    db 0xc7, 0x32, 0xc3, 0x8b, 0xf3, 0x5b, 0x75, 0xd6
    db 0xe8, 0x59, 0x6d, 0xac, 0xd5, 0x69, 0xac, 0xd7
    db 0x10, 0xac, 0xd9, 0x02, 0xac, 0xdb, 0x04, 0x00
    db 0xbe, 0x28, 0x7f, 0xe8, 0xa1, 0x01, 0x51, 0xe8
    db 0x42, 0x6d, 0x38, 0xac, 0xdd, 0x02, 0xac, 0xdf
    db 0x04, 0x80, 0x00, 0xac, 0x0c, 0xdf, 0xac, 0x08
    db 0xdd, 0xac, 0x0a, 0xdb, 0xac, 0x06, 0xd9, 0xac
    db 0x10, 0xd7, 0xac, 0x69, 0xd5, 0x00, 0xbe, 0xdd
    db 0x78, 0xff, 0x0c, 0x59, 0x8b, 0xf4, 0xa0, 0x67
    db 0x75, 0x24, 0x0f, 0x36, 0x88, 0x44, 0x09, 0x36
    db 0x88, 0x4c, 0x08, 0xbe, 0x28, 0x7f, 0xe8, 0x55
    db 0x01, 0xe8, 0x45, 0xc6, 0xe9, 0xdd, 0x00, 0x00
    db 0xb9, 0x00, 0x00, 0xeb, 0xb9, 0x3c, 0x05, 0x75
    db 0x1c, 0x50, 0xa0, 0x74, 0x75, 0x8b, 0xde, 0x32
    db 0xc3, 0x8b, 0xf3, 0x75, 0x0b, 0xa0, 0x75, 0x75
    db 0x32, 0xc7, 0x8b, 0xf3, 0x75, 0x02, 0x58, 0xc3
    db 0x89, 0x36, 0x74, 0x75, 0x58, 0x50, 0x51, 0x52
    db 0x56, 0xff, 0x36, 0xef, 0x75, 0x50, 0x56, 0x8a
    db 0xe8, 0x8b, 0x36, 0x65, 0x79, 0x83, 0xfe, 0x00
    db 0x8a, 0xc5, 0x74, 0x03, 0xe8, 0x49, 0xaf, 0xe8
    db 0xf5, 0xae, 0xe8, 0x84, 0x77, 0xbe, 0x9c, 0x8c
    db 0xe8, 0x98, 0xe1, 0xbf, 0xe3, 0x78, 0x06, 0xbd
    db 0x00, 0x00, 0x8e, 0xc5, 0xfc, 0xf3, 0xa4, 0x07
    db 0x8b, 0xd7, 0x8b, 0x36, 0x2f, 0x82, 0x01, 0x36
    db 0xe7, 0x78, 0x01, 0x36, 0xe9, 0x78, 0x01, 0x36
    db 0xeb, 0x78, 0x01, 0x36, 0xed, 0x78, 0x01, 0x36
    db 0x32, 0x79, 0x01, 0x36, 0x35, 0x79, 0x01, 0x36
    db 0x38, 0x79, 0x5e, 0xe8, 0x05, 0xe1, 0x80, 0xf9
    db 0xfe, 0x74, 0x05, 0xc6, 0x06, 0x4d, 0x79, 0x00
    db 0x8a, 0x04, 0x46, 0xa2, 0xd5, 0x78, 0x83, 0xe9
    db 0x05, 0x89, 0x0e, 0x6a, 0x75, 0xe8, 0x65, 0x00
    db 0x89, 0x16, 0xdb, 0x78, 0x89, 0x0e, 0xdf, 0x78
    db 0xe8, 0x5a, 0x00, 0x89, 0x16, 0xdd, 0x78, 0x89
    db 0x0e, 0xe1, 0x78, 0x89, 0x36, 0x6c, 0x75, 0xbe
    db 0x4c, 0x96, 0xe8, 0x2a, 0x8f, 0x72, 0x22, 0x75
    db 0x1b, 0x8a, 0xc2, 0x24, 0xf0, 0x3c, 0x10, 0x75
    db 0x13, 0x8a, 0xc2, 0x24, 0x0f, 0xfe, 0xc0, 0x8a
    db 0xe8, 0xb2, 0x20, 0xe8, 0x66, 0xfd, 0xfe, 0xcd
    db 0x75, 0xf7, 0xeb, 0xdb, 0xe8, 0x70, 0xc5, 0xeb
    db 0xd6, 0xe8, 0x65, 0xc5, 0xe8, 0x25, 0x6c, 0xb2
    db 0x7d, 0x8b, 0xac, 0x22, 0x3d, 0xac, 0x02, 0x06
    db 0xac, 0x04, 0x0a, 0xa8, 0x01, 0x00, 0x38, 0x00
    db 0x58, 0xe8, 0x43, 0xae, 0x8f, 0x06, 0xef, 0x75
    db 0x5e, 0x5a, 0x59, 0x58, 0xc3, 0xb5, 0x00, 0x8a
    db 0x14, 0x46, 0x8a, 0x04, 0x46, 0x8a, 0xc8, 0xd0
    db 0xe9, 0xd0, 0xe9, 0x24, 0x03, 0x8a, 0xf0, 0xc3
    db 0xa0, 0x6a, 0x75, 0x0a, 0xc0, 0x75, 0x24, 0xa0
    db 0x4d, 0x79, 0x0a, 0xc0, 0x74, 0x1b, 0xe8, 0x73
    db 0xe0, 0x89, 0x36, 0x6c, 0x75, 0x89, 0x0e, 0x6a
    db 0x75, 0x8a, 0xc1, 0x3c, 0xfe, 0x74, 0x05, 0x32
    db 0xc0, 0xa2, 0x4d, 0x79, 0xe8, 0x12, 0xb9, 0x73
    db 0xd7, 0xf9, 0xc3, 0xfe, 0xc8, 0xa2, 0x6a, 0x75
    db 0x8b, 0x36, 0x6c, 0x75, 0x8a, 0x04, 0x46, 0x89
    db 0x36, 0x6c, 0x75, 0x0a, 0xc0, 0xc3, 0x83, 0xf9
    db 0x00, 0x74, 0x0b, 0x8a, 0x04, 0x46, 0x49, 0x8a
    db 0xd0, 0xe8, 0xd8, 0xfc, 0xeb, 0xf0, 0xc3, 0xb9
    db 0x00, 0xff, 0xe8, 0xd6, 0xfc, 0xa8, 0x10, 0x75
    db 0x39, 0x8a, 0xc2, 0x3c, 0xe9, 0x74, 0x30, 0x3c
    db 0xef, 0x74, 0xef, 0x3c, 0xe0, 0x73, 0xeb, 0x8a
    db 0xc1, 0x3c, 0xff, 0x74, 0x22, 0x8a, 0xc5, 0x3c
    db 0xff, 0x74, 0x12, 0xb0, 0xff, 0x80, 0xfd, 0x00
    db 0x74, 0x04, 0x8a, 0x04, 0xfe, 0xcd, 0x88, 0x14
    db 0x8a, 0xd0, 0xeb, 0x03, 0x90, 0x88, 0x14, 0x46
    db 0xfe, 0xc1, 0xe8, 0x97, 0xfc, 0xeb, 0xc3, 0xe8
    db 0x92, 0xfc, 0xb5, 0x00, 0xc3, 0xb0, 0xff, 0xa2
    db 0x74, 0x75, 0xa2, 0x75, 0x75, 0xc3, 0xe8, 0x9c
    db 0xdf, 0x9f, 0x50, 0x51, 0x56, 0xb5, 0xff, 0xbe
    db 0x60, 0x09, 0x4e, 0x75, 0xfd, 0xfe, 0xcd, 0x75
    db 0xf6, 0x5e, 0x59, 0x58, 0x9e, 0xc3, 0x9f, 0x50
    db 0x51, 0x56, 0xb5, 0xff, 0xbe, 0xb0, 0x04, 0x4e
    db 0x75, 0xfd, 0xfe, 0xcd, 0x75, 0xf6, 0x5e, 0x59
    db 0x58, 0x9e, 0xc3, 0xa0, 0x48, 0x79, 0x50, 0xe8
    db 0x55, 0xad, 0xbe, 0x08, 0x00, 0x89, 0x36, 0xe1
    db 0x78, 0xe8, 0x9c, 0xad, 0x58, 0xe8, 0x47, 0xad
    db 0xc3, 0xe8, 0x0e, 0x01, 0xe8, 0x0d, 0x6b, 0xaa
    db 0x0c, 0x0e, 0x38, 0x3e, 0x02, 0xa0, 0x7a, 0x75
    db 0x3c, 0xff, 0x74, 0x20, 0xe8, 0xfb, 0x00, 0xe8
    db 0x4a, 0x93, 0xe8, 0x4a, 0xb8, 0x72, 0x0d, 0xe8
    db 0xd8, 0x95, 0xa0, 0x95, 0x79, 0x0a, 0xc0, 0x74
    db 0x0b, 0xe8, 0x1d, 0x96, 0x32, 0xc0, 0xa2, 0x4c
    db 0x79, 0xfe, 0xc0, 0xc3, 0x32, 0xc0, 0xc3, 0x80
    db 0xfa, 0x27, 0x74, 0x05, 0x80, 0xfa, 0x2e, 0x75
    db 0x09, 0x80, 0x3e, 0x4c, 0x79, 0x50, 0x72, 0x02
    db 0xb2, 0x61, 0x8a, 0xc2, 0xe8, 0x8c, 0x01, 0x8a
    db 0xd0, 0xa0, 0x4c, 0x79, 0x3c, 0xf0, 0x73, 0x5e
    db 0x3c, 0xe0, 0x72, 0x45, 0xa0, 0x78, 0x75, 0x0a
    db 0xc0, 0x74, 0x2a, 0x8a, 0xc2, 0x24, 0x0f, 0x3c
    db 0x00, 0x74, 0x4b, 0x3c, 0x01, 0x74, 0x0c, 0x3c
    db 0x06, 0x74, 0x43, 0x3c, 0x05, 0x74, 0x3f, 0x3c
    db 0x07, 0x74, 0x3b, 0xd0, 0x26, 0x4c, 0x79, 0xd0
    db 0x26, 0x4c, 0x79, 0xd0, 0x26, 0x4c, 0x79, 0xd0
    db 0x26, 0x4c, 0x79, 0xeb, 0xc4, 0x8a, 0xc2, 0x24
    db 0x0f, 0x3c, 0x00, 0x75, 0x08, 0xb0, 0x01, 0xa2
    db 0x78, 0x75, 0xeb, 0x1a, 0x90, 0xb2, 0xf0, 0xeb
    db 0xda, 0x52, 0x8a, 0xf0, 0x8a, 0xc2, 0x24, 0x0f
    db 0x0a, 0xc6, 0xe8, 0x3a, 0x01, 0xa2, 0x4c, 0x79
    db 0x32, 0xc0, 0xa2, 0x78, 0x75, 0x5a, 0x8a, 0xc2
    db 0x24, 0x0f, 0xc3, 0xe8, 0x3d, 0x00, 0xe8, 0xa7
    db 0xc3, 0xa8, 0x10, 0x74, 0x07, 0x9f, 0x50, 0xb2
    db 0x21, 0xeb, 0x06, 0x90, 0x9f, 0x50, 0xe8, 0xd2
    db 0x00, 0x8a, 0xc2, 0xa2, 0x76, 0x75, 0xe8, 0x5e
    db 0xff, 0x58, 0x9e, 0x8a, 0xc2, 0xc3, 0xe8, 0x83
    db 0xc3, 0xa8, 0x10, 0x74, 0x01, 0xc3, 0xe8, 0xd7
    db 0x00, 0x8a, 0xc2, 0xe8, 0xed, 0x00, 0x24, 0x0f
    db 0x3c, 0x08, 0x73, 0x07, 0x3c, 0x00, 0x74, 0x0b
    db 0x32, 0xc0, 0xc3, 0x32, 0xc0, 0xa2, 0x79, 0x75
    db 0x32, 0xc0, 0xc3, 0xa0, 0x79, 0x75, 0xfe, 0xc0
    db 0x3c, 0x04, 0x72, 0xf1, 0xe8, 0xec, 0xff, 0xfe
    db 0xc0, 0xc3, 0xe8, 0xff, 0x69, 0x16, 0x1a, 0x1c
    db 0x00, 0xc3, 0xa0, 0xe3, 0x75, 0x3c, 0x01, 0x74
    db 0x08, 0xe8, 0xf0, 0x69, 0x46, 0xff, 0x2c, 0x82
    db 0x06, 0xe8, 0xe8, 0x69, 0x1c, 0x00, 0xa0, 0x7a
    db 0x75, 0x3c, 0xff, 0x75, 0x01, 0xc3, 0xe8, 0x2b
    db 0x92, 0xe8, 0x92, 0x94, 0xc3, 0xa0, 0xb9, 0x8d
    db 0xfe, 0xc8, 0x75, 0x01, 0xc3, 0xa2, 0xb9, 0x8d
    db 0xc3, 0xa0, 0xb9, 0x8d, 0xfe, 0xc0, 0x8a, 0xc8
    db 0xa0, 0xb8, 0x8d, 0x3a, 0xc1, 0x73, 0x01, 0xc3
    db 0x8a, 0xc1, 0xa2, 0xb9, 0x8d, 0xc3, 0xa0, 0xb8
    db 0x8d, 0x8a, 0xc8, 0xa0, 0xb6, 0x8d, 0x2a, 0xc1
    db 0x75, 0x01, 0xc3, 0x9f, 0x50, 0xa2, 0xb6, 0x8d
    db 0xa0, 0xb8, 0x8d, 0x8b, 0x36, 0x11, 0x8e, 0x88
    db 0x04, 0x46, 0x89, 0x36, 0x11, 0x8e, 0x58, 0x9e
    db 0xc3, 0xe8, 0x3c, 0xf8, 0xe8, 0x37, 0x00, 0xe8
    db 0x0e, 0xac, 0xc3, 0xb0, 0x01, 0xa2, 0xe3, 0x75
    db 0xb0, 0xff, 0xc3, 0xb0, 0x02, 0xeb, 0xf6, 0xa2
    db 0xe5, 0x75, 0xc3, 0x32, 0xc0, 0xa2, 0xe5, 0x75
    db 0x8a, 0xc2, 0xc3, 0x8a, 0xc2, 0x3c, 0xff, 0x75
    db 0x03, 0xe8, 0xe7, 0xff, 0x3c, 0xf4, 0x75, 0x03
    db 0xe8, 0xe4, 0xff, 0x3c, 0xf5, 0x75, 0x03, 0xe8
    db 0xe1, 0xff, 0xe8, 0x9a, 0xc2, 0xc3, 0xb2, 0xff
    db 0x8a, 0xc2, 0x3c, 0xff, 0x75, 0x03, 0xe8, 0xc2
    db 0xff, 0x3c, 0xf5, 0x75, 0x03, 0xe8, 0xc7, 0xff
    db 0x3c, 0xf4, 0x75, 0x03, 0xe8, 0xc4, 0xff, 0xe8
    db 0x81, 0xc2, 0xc3, 0x8a, 0xd8, 0xb7, 0x00, 0x81
    db 0xc3, 0x4d, 0xe8, 0x2e, 0x8a, 0x07, 0xc3, 0x8a
    db 0xd8, 0xb7, 0x00, 0x81, 0xc3, 0x4d, 0xe9, 0x2e
    db 0x8a, 0x07, 0xc3, 0xa0, 0x3b, 0x79, 0xa8, 0x08
    db 0x74, 0x03, 0xe8, 0x3c, 0x91, 0xa0, 0x3d, 0x79
    db 0xa8, 0x04, 0x74, 0x07, 0x5e, 0xe9, 0x26, 0xbd
    db 0xe8, 0x50, 0xc2, 0xe8, 0x56, 0xc2, 0xa8, 0x02
    db 0x74, 0x03, 0xe9, 0xae, 0x00, 0x24, 0xa0, 0x8a
    db 0xc2, 0x75, 0x03, 0xe9, 0x97, 0x00, 0x3c, 0xee
    db 0x74, 0x76, 0x3c, 0xf5, 0x74, 0x77, 0x24, 0xf1
    db 0x3c, 0xf1, 0x75, 0xdc, 0x52, 0xb2, 0xf5, 0xe8
    db 0x29, 0xc2, 0x5a, 0xe8, 0x25, 0xc2, 0xe8, 0x2b
    db 0xc2, 0xa8, 0x10, 0x75, 0x59, 0xa8, 0x02, 0x75
    db 0x52, 0x24, 0xa0, 0x74, 0x2d, 0x8a, 0xc2, 0x3c
    db 0xee, 0x75, 0x0a, 0xe8, 0xc6, 0x68, 0x2e, 0x44
    db 0xf5, 0x28, 0x00, 0xeb, 0x6a, 0x3c, 0xf5, 0x75
    db 0xda, 0xe8, 0x08, 0xc2, 0xa8, 0x10, 0x75, 0x19
    db 0xa8, 0x02, 0x75, 0x2f, 0x8a, 0xc2, 0x3c, 0xf4
    db 0x74, 0x05, 0xe8, 0xee, 0xc1, 0xeb, 0xea, 0xe8
    db 0xf6, 0xc1, 0x52, 0xb2, 0xf4, 0xe8, 0xdf, 0xc1
    db 0x5a, 0x8a, 0xc2, 0xe8, 0xb8, 0xa1, 0xe8, 0xc7
    db 0x8b, 0x89, 0x16, 0x09, 0x79, 0xe8, 0x8c, 0x68
    db 0x2c, 0x2e, 0x5c, 0xf5, 0x98, 0xfc, 0x2a, 0x30
    db 0x00, 0xeb, 0x2c, 0xe8, 0xc1, 0xc1, 0xb2, 0xf4
    db 0xe8, 0xbc, 0xc1, 0xeb, 0x22, 0xe8, 0xbb, 0xc1
    db 0xb2, 0xf4, 0xb1, 0x11, 0xe8, 0xc7, 0xc1, 0xe8
    db 0xbe, 0xc1, 0xe8, 0xaa, 0xc1, 0xe8, 0x0f, 0xa1
    db 0xe8, 0x28, 0x00, 0xeb, 0x0a, 0x3c, 0xe9, 0x75
    db 0x03, 0xe9, 0x4c, 0xff, 0xe8, 0x0d, 0x00, 0x5e
    db 0xe9, 0x6b, 0xbc, 0xa8, 0x10, 0x75, 0xf8, 0xe8
    db 0x8d, 0xc1, 0xeb, 0xf3, 0x52, 0xe8, 0x44, 0x68
    db 0xa4, 0x42, 0x07, 0x64, 0xf4, 0x7e, 0xf5, 0x00
    db 0x5a, 0x8a, 0xc2, 0xe8, 0x58, 0xa1, 0xe8, 0x67
    db 0x8b, 0x89, 0x16, 0x09, 0x79, 0xc3, 0x51, 0x8a
    db 0xc1, 0x3c, 0x20, 0x74, 0x10, 0xa0, 0x3c, 0x79
    db 0xa8, 0x01, 0x74, 0x09, 0xc7, 0x06, 0x79, 0x6d
    db 0x12, 0x9a, 0xe9, 0x8d, 0x67, 0x8a, 0xc1, 0xe8
    db 0xc8, 0x00, 0x5e, 0x8b, 0xc6, 0x8a, 0xc4, 0x74
    db 0x09, 0x56, 0xe8, 0xbd, 0x00, 0x75, 0x3b, 0x5e
    db 0x8b, 0xc6, 0x56, 0xe8, 0xc8, 0x00, 0x0a, 0xc0
    db 0x74, 0x30, 0x46, 0x2e, 0x8a, 0x04, 0x9f, 0x50
    db 0xe8, 0xbe, 0xa0, 0x3c, 0xf4, 0x75, 0x0c, 0xe8
    db 0x95, 0xa0, 0x3c, 0xf5, 0x74, 0x0d, 0xe8, 0xd2
    db 0xa0, 0xb0, 0xf4, 0xe8, 0x00, 0xa1, 0x58, 0x9e
    db 0x59, 0xeb, 0x17, 0x58, 0x9e, 0x59, 0xbe, 0x3d
    db 0x79, 0x80, 0x24, 0xfb, 0x8a, 0xd0, 0xe8, 0x0e
    db 0xc1, 0xc3, 0x59, 0x8a, 0xc5, 0xe8, 0xb3, 0xa0
    db 0x8a, 0xc1, 0xe8, 0xe1, 0xa0, 0xb2, 0xf4, 0xb1
    db 0x31, 0xe8, 0x12, 0xc1, 0xb2, 0xf5, 0xb1, 0x01
    db 0xe8, 0x0b, 0xc1, 0xc3, 0x7e, 0xbc, 0x2c, 0x60
    db 0x5e, 0x7f, 0xa9, 0x2f, 0x20, 0xab, 0x9a, 0xb0
    db 0x9a, 0xb5, 0x9a, 0xba, 0x9a, 0xc5, 0x9a, 0xd0
    db 0x9a, 0xdd, 0x9a, 0xf0, 0x9a, 0xf3, 0x9a, 0x4e
    db 0xa5, 0x6e, 0xa4, 0x00, 0x41, 0x8f, 0x61, 0x86
    db 0x00, 0x43, 0x80, 0x63, 0x87, 0x00, 0x61, 0x85
    db 0x65, 0x8a, 0x69, 0x8d, 0x6f, 0x95, 0x75, 0x97
    db 0x00, 0x61, 0x83, 0x65, 0x88, 0x69, 0x8c, 0x6f
    db 0x93, 0x75, 0x96, 0x00, 0x61, 0xa0, 0x65, 0x82
    db 0x69, 0xa1, 0x6f, 0xa2, 0x75, 0xa3, 0x45, 0x90
    db 0x00, 0x61, 0x84, 0x65, 0x89, 0x69, 0x8b, 0x6f
    db 0x94, 0x75, 0x81, 0x41, 0x8e, 0x4f, 0x99, 0x55
    db 0x9a, 0x79, 0x98, 0x00, 0x6f, 0xba, 0x00, 0x20
    db 0x20, 0x00, 0x8c, 0xc5, 0x8c, 0xc9, 0x8e, 0xc1
    db 0xb9, 0x09, 0x00, 0xbf, 0x98, 0x9a, 0xfd, 0xf2
    db 0xae, 0x8e, 0xc5, 0x8b, 0xf7, 0xc3, 0xbe, 0x99
    db 0x9a, 0x03, 0xf1, 0x03, 0xf1, 0x2e, 0x8b, 0x14
    db 0x46, 0x87, 0xd6, 0x8a, 0xe8, 0x2e, 0x8a, 0x04
    db 0x0a, 0xc0, 0x74, 0x09, 0x3a, 0xc5, 0x74, 0x05
    db 0x83, 0xc6, 0x02, 0xeb, 0xf0, 0xc3, 0xc3, 0xe8
    db 0x4b, 0x02, 0xf6, 0x06, 0xd5, 0x78, 0x40, 0x75
    db 0x2b, 0xe8, 0xc3, 0x02, 0x56, 0xba, 0x80, 0x00
    db 0x2b, 0xf2, 0x5e, 0x73, 0x03, 0xbe, 0x00, 0x00
    db 0xba, 0x36, 0x01, 0x03, 0xf2, 0xc7, 0x06, 0xed
    db 0x75, 0xc1, 0x76, 0xc7, 0x06, 0xef, 0x75, 0xf9
    db 0x74, 0x8c, 0xdf, 0xe8, 0x49, 0x73, 0xbe, 0xc1
    db 0x76, 0xe8, 0x89, 0x02, 0xa0, 0xa6, 0x79, 0xa8
    db 0x80, 0x74, 0x0e, 0xf6, 0x06, 0xa1, 0x79, 0x40
    db 0x75, 0x07, 0x50, 0xb4, 0x03, 0xe8, 0xf6, 0xf7
    db 0x58, 0x3c, 0x04, 0x74, 0x22, 0x24, 0x0f, 0x75
    db 0x0d, 0xf6, 0x06, 0xf1, 0x77, 0x10, 0xb0, 0x88
    db 0x75, 0x02, 0x32, 0xc0, 0x24, 0x0f, 0x32, 0xc0
    db 0xa2, 0xa6, 0x79, 0xa0, 0xd5, 0x78, 0xa8, 0x80
    db 0x75, 0x05, 0xa8, 0x40, 0x74, 0x01, 0xc3, 0xa0
    db 0x5e, 0x79, 0xb7, 0xf9, 0xb3, 0xf1, 0xa8, 0x10
    db 0x74, 0x02, 0xb7, 0xf8, 0xa8, 0x01, 0x74, 0x02
    db 0xb3, 0xf0, 0x8b, 0xf3, 0x89, 0x36, 0xa6, 0x76
    db 0xb3, 0xdd, 0xa8, 0x40, 0x75, 0x08, 0xb3, 0xde
    db 0xa8, 0x20, 0x75, 0x02, 0xb3, 0x20, 0x8a, 0xc3
    db 0xa2, 0xac, 0x76, 0x8b, 0x36, 0x5f, 0x79, 0x8b
    db 0xde, 0xb7, 0x00, 0xba, 0x7c, 0xea, 0x03, 0xda
    db 0x8b, 0xf3, 0x2e, 0x8a, 0x04, 0xa2, 0xa8, 0x76
    db 0x46, 0x2e, 0x8a, 0x04, 0xa2, 0xa9, 0x76, 0xf6
    db 0x06, 0x5e, 0x79, 0x08, 0xb0, 0x20, 0x74, 0x04
    db 0x2e, 0xa0, 0xcd, 0xea, 0xa2, 0xb1, 0x76, 0x8b
    db 0x36, 0xc1, 0x79, 0xba, 0xc7, 0x02, 0x2b, 0xf2
    db 0x73, 0x05, 0xb4, 0x03, 0xe8, 0x67, 0xf7, 0xbe
    db 0xba, 0xea, 0xf6, 0x06, 0x90, 0x79, 0x01, 0x75
    db 0x62, 0xa0, 0xa6, 0x79, 0x0a, 0xc0, 0x74, 0x0a
    db 0x32, 0xc0, 0xa2, 0xa6, 0x79, 0xbe, 0xc6, 0xea
    db 0xeb, 0x51, 0xbe, 0xa2, 0xea, 0xf6, 0x06, 0x29
    db 0x82, 0x01, 0x75, 0x47, 0xbe, 0xc0, 0xea, 0xf6
    db 0x06, 0x56, 0x7a, 0x04, 0x75, 0x3d, 0xbe, 0x90
    db 0xea, 0xf6, 0x06, 0xd5, 0x78, 0x02, 0x75, 0x33
    db 0xbe, 0x8a, 0xea, 0xf6, 0x06, 0x2e, 0x79, 0x20
    db 0x75, 0x29, 0xbe, 0x9c, 0xea, 0xf6, 0x06, 0xa1
    db 0x79, 0x08, 0x75, 0x1f, 0xa0, 0x3c, 0x79, 0xbe
    db 0xc0, 0xea, 0xa8, 0x04, 0x75, 0x15, 0xbe, 0xae
    db 0xea, 0xa8, 0x10, 0x74, 0x09, 0xa8, 0x20, 0x74
    db 0x0a, 0xbe, 0xa8, 0xea, 0xeb, 0x05, 0x32, 0xc0
    db 0xbe, 0x84, 0xea, 0xbf, 0x7f, 0x76, 0xb9, 0x06
    db 0x00, 0x1e, 0x8c, 0xcd, 0x8e, 0xdd, 0x06, 0xbd
    db 0x00, 0x00, 0x8e, 0xc5, 0xfc, 0xf3, 0xa4, 0x07
    db 0x1f, 0xa0, 0x6b, 0x79, 0x8b, 0x16, 0xa1, 0x79
    db 0xf6, 0xc2, 0x01, 0x74, 0x03, 0xa0, 0xe5, 0x78
    db 0xd0, 0xe8, 0xb2, 0x20, 0x73, 0x02, 0xb2, 0xab
    db 0xbe, 0xcc, 0x76, 0x04, 0x30, 0x88, 0x04, 0x46
    db 0x88, 0x14, 0xba, 0xf3, 0x20, 0xf6, 0x06, 0x22
    db 0x7f, 0x80, 0x74, 0x03, 0xba, 0xf2, 0x53, 0x88
    db 0x16, 0xb2, 0x76, 0x88, 0x36, 0xb4, 0x76, 0xba
    db 0x20, 0x20, 0xf6, 0x06, 0x0d, 0x79, 0x02, 0x75
    db 0x03, 0xba, 0x41, 0xda, 0x89, 0x16, 0xcf, 0x76
    db 0xbe, 0x95, 0x76, 0x83, 0xee, 0x02, 0xc6, 0x04
    db 0xf3, 0xb2, 0x03, 0xa0, 0x73, 0x76, 0xa8, 0x40
    db 0x74, 0x05, 0xfe, 0xc2, 0xc6, 0x04, 0xf2, 0xa8
    db 0x20, 0x90, 0x90, 0x74, 0x07, 0xfe, 0xc2, 0xfe
    db 0xc2, 0xc6, 0x04, 0xf2, 0x8a, 0xc2, 0x02, 0xc0
    db 0x02, 0xc0, 0x02, 0xc2, 0x8a, 0xd8, 0xb7, 0x00
    db 0x8b, 0xf3, 0xba, 0x2d, 0xea, 0x03, 0xf2, 0xbf
    db 0x95, 0x76, 0xb9, 0x05, 0x00, 0x1e, 0x8c, 0xcd
    db 0x8e, 0xdd, 0x06, 0xbd, 0x00, 0x00, 0x8e, 0xc5
    db 0xfc, 0xf3, 0xa4, 0x07, 0x1f, 0xf6, 0x06, 0xf1
    db 0x77, 0x40, 0x74, 0x15, 0xa0, 0x57, 0x7a, 0x3c
    db 0x00, 0x74, 0x0a, 0xb4, 0x03, 0xe8, 0x3e, 0xf6
    db 0xb0, 0x00, 0xa2, 0x57, 0x7a, 0xb0, 0xf2, 0xeb
    db 0x0e, 0xa0, 0x57, 0x7a, 0x0a, 0xc0, 0x74, 0x05
    db 0x32, 0xc0, 0xa2, 0x57, 0x7a, 0xb0, 0xf3, 0xbe
    db 0x68, 0x9e, 0xa0, 0xd5, 0x78, 0xa8, 0x80, 0x74
    db 0x03, 0xbe, 0x73, 0x9e, 0xbf, 0x79, 0x77, 0x89
    db 0x3e, 0xef, 0x75, 0x8c, 0xcb, 0xb4, 0x06, 0xe8
    db 0x06, 0xf6, 0xc3, 0xe9, 0xc9, 0xfd, 0xa0, 0xa6
    db 0x79, 0x0a, 0xc0, 0x75, 0xf6, 0xa0, 0xd5, 0x78
    db 0xa8, 0x40, 0x74, 0x01, 0xc3, 0xe8, 0x05, 0x00
    db 0xbe, 0x5d, 0x9e, 0xeb, 0xd7, 0x8b, 0x36, 0xf3
    db 0x78, 0xbf, 0xe4, 0x76, 0x89, 0x3e, 0xed, 0x75
    db 0x8b, 0x16, 0x16, 0x79, 0x03, 0xf2, 0xe8, 0x0a
    db 0x71, 0xbe, 0xe4, 0x76, 0xe8, 0x56, 0x00, 0x8b
    db 0x36, 0xf5, 0x78, 0x8b, 0xde, 0xd0, 0xff, 0xd0
    db 0xdb, 0x8b, 0xf3, 0x46, 0xbf, 0xf6, 0x76, 0x89
    db 0x3e, 0xed, 0x75, 0xbf, 0x7d, 0x0e, 0x89, 0x3e
    db 0xef, 0x75, 0x8c, 0xcf, 0xe8, 0xe0, 0x70, 0xbe
    db 0xf6, 0x76, 0xe8, 0x30, 0x00, 0xb5, 0x20, 0xa0
    db 0xf5, 0x78, 0x24, 0x01, 0x74, 0x02, 0xb5, 0x25
    db 0x8a, 0xc5, 0x3c, 0x20, 0x74, 0x02, 0xb0, 0xab
    db 0xa2, 0xf8, 0x76, 0xe8, 0x0e, 0x71, 0xa0, 0xe4
    db 0x79, 0xbe, 0x0e, 0x77, 0x8b, 0x16, 0xe5, 0x79
    db 0x89, 0x14, 0xbe, 0x0e, 0x77, 0xe8, 0x05, 0x00
    db 0xc3, 0xb5, 0x04, 0xeb, 0x02, 0xb5, 0x02, 0x8a
    db 0x04, 0x3c, 0x30, 0x74, 0x01, 0xc3, 0xc6, 0x04
    db 0x20, 0x46, 0xfe, 0xcd, 0x75, 0xf1, 0xc3, 0x8b
    db 0x36, 0x54, 0x7a, 0xba, 0x06, 0x00, 0x2b, 0xf2
    db 0x73, 0x03, 0xbe, 0x00, 0x00, 0x8b, 0xde, 0x8a
    db 0xd3, 0xf6, 0xc7, 0x01, 0xbe, 0x00, 0x00, 0x74
    db 0x03, 0xbe, 0x00, 0x7c, 0xb6, 0x7c, 0x8b, 0xc2
    db 0xf6, 0xe4, 0x8b, 0xd0, 0x03, 0xf2, 0x8b, 0x16
    db 0xeb, 0x78, 0xf6, 0xc2, 0x40, 0x75, 0x0e, 0x8b
    db 0x16, 0xef, 0x78, 0xb0, 0x7c, 0x2a, 0xc2, 0x8a
    db 0xd0, 0xb6, 0x00, 0x03, 0xf2, 0x8b, 0x16, 0xed
    db 0x78, 0xf6, 0xc2, 0x40, 0x75, 0x07, 0x8b, 0x16
    db 0xf1, 0x78, 0x42, 0x03, 0xf2, 0xba, 0x7c, 0x00
    db 0x2b, 0xf2, 0x73, 0x03, 0xbe, 0x00, 0x00, 0x89
    db 0x36, 0xc1, 0x79, 0xc3, 0x76, 0x74, 0x61, 0x62
    db 0x20, 0x07, 0x00, 0x63, 0x9e, 0x05, 0x01, 0x20
    db 0xd6, 0x76, 0x3f, 0x00, 0x07, 0x00, 0x6e, 0x9e
    db 0x05, 0x01, 0x20, 0x74, 0x76, 0xa1, 0x00, 0x07
    db 0x00, 0x79, 0x9e, 0x05, 0x01, 0x20, 0x74, 0x76
    db 0x2c, 0x00, 0xbe, 0xd9, 0xea, 0xbf, 0x31, 0x82
    db 0xb9, 0x14, 0x00, 0x1e, 0x8c, 0xc8, 0x8e, 0xd8
    db 0x06, 0xbd, 0x00, 0x00, 0x8e, 0xc5, 0xfc, 0xf3
    db 0xa4, 0x07, 0x1f, 0xbe, 0xce, 0xea, 0xc7, 0x06
    db 0xef, 0x75, 0x28, 0x7f, 0x8c, 0xcb, 0xb4, 0x06
    db 0xe8, 0xbd, 0xf4, 0xe8, 0xb8, 0xfe, 0xc3, 0xc0
    db 0x00, 0xac, 0x60, 0xa2, 0xa0, 0xc6, 0xa0, 0x8a
    db 0x60, 0x8a, 0x20, 0x8e, 0xe0, 0x00, 0x00, 0x84
    db 0x00, 0x80, 0xc0, 0x8c, 0xa0, 0x84, 0xa0, 0x84
    db 0xa0, 0x84, 0xa0, 0xee, 0xa0, 0x00, 0x00, 0x40
    db 0xc0, 0xa4, 0x40, 0x8a, 0x40, 0x8a, 0x40, 0x8a
    db 0x40, 0xaa, 0x40, 0x44, 0xe0, 0x00, 0x00, 0x80
    db 0xce, 0x20, 0xeb, 0x09, 0x3c, 0xf6, 0x75, 0x02
    db 0xb0, 0xff, 0x80, 0xe6, 0xdf, 0xe8, 0x09, 0x00
    db 0x0a, 0xc0, 0x75, 0x01, 0xc3, 0x5e, 0xe9, 0x65
    db 0xb7, 0x8a, 0xd0, 0x32, 0xc0, 0xa2, 0x0e, 0x7a
    db 0xe8, 0x82, 0x69, 0x32, 0xc0, 0xa2, 0x4e, 0x7a
    db 0x52, 0xa0, 0x3d, 0x79, 0xa8, 0x04, 0x74, 0x0c
    db 0x5a, 0xf6, 0xc6, 0x20, 0x75, 0x03, 0xe9, 0x2a
    db 0x01, 0xe9, 0x03, 0x03, 0xa0, 0x3c, 0x79, 0xa8
    db 0x80, 0x74, 0x0f, 0x5a, 0x52, 0xa0, 0x18, 0x77
    db 0x3a, 0xc2, 0x75, 0x5f, 0xe8, 0x7a, 0x6e, 0xa0
    db 0x3c, 0x79, 0xa8, 0x10, 0x74, 0x1f, 0xa0, 0x49
    db 0x7b, 0x0a, 0xc0, 0x74, 0x4e, 0xa0, 0x9b, 0x79
    db 0x8b, 0x36, 0x9c, 0x79, 0x8b, 0xde, 0x3a, 0xc3
    db 0x75, 0x41, 0xe8, 0xf7, 0x62, 0x3c, 0xb2, 0x05
    db 0x0d, 0x3a, 0x00, 0xeb, 0x36, 0x5a, 0x52, 0x8a
    db 0xc2, 0x3c, 0xd1, 0x74, 0x2e, 0xa0, 0x3d, 0x79
    db 0x8a, 0xc8, 0x51, 0xe8, 0x32, 0xbc, 0x59, 0xa8
    db 0x02, 0x74, 0x2f, 0x51, 0xa8, 0x10, 0x75, 0x03
    db 0xe8, 0x18, 0xbc, 0x59, 0xa0, 0x3d, 0x79, 0x3a
    db 0xc1, 0x74, 0x10, 0x51, 0xe8, 0x15, 0xbc, 0xa8
    db 0x20, 0x75, 0x0b, 0xa8, 0x10, 0x75, 0x03, 0xe8
    db 0xfd, 0xbb, 0x59, 0xe9, 0xa2, 0x00, 0xa0, 0x3d
    db 0x79, 0xa8, 0x04, 0x74, 0xdb, 0xe8, 0xef, 0xbb
    db 0xeb, 0xf0, 0xa8, 0x80, 0x74, 0x21, 0xb0, 0xee
    db 0x3a, 0xc2, 0x74, 0x03, 0xe9, 0x82, 0x00, 0x8b
    db 0x36, 0xf3, 0x78, 0x8b, 0x16, 0xc4, 0x79, 0x2b
    db 0xf2, 0x79, 0xaf, 0xb2, 0xee, 0xb0, 0xff, 0xa2
    db 0x4e, 0x7a, 0xe8, 0xce, 0xbb, 0xeb, 0xcc, 0x8a
    db 0xe8, 0x8a, 0xc2, 0x3c, 0xd1, 0x75, 0x02, 0xeb
    db 0x99, 0xa0, 0x3d, 0x79, 0x32, 0xc1, 0xa8, 0x04
    db 0x74, 0x11, 0xe8, 0x6f, 0x62, 0x2c, 0xa2, 0xa1
    db 0xff, 0x5c, 0xf5, 0x8e, 0x05, 0x2e, 0x82, 0xf7
    db 0x00, 0xeb, 0x4d, 0xf6, 0xc5, 0x20, 0x75, 0x41
    db 0x8a, 0xc2, 0x2c, 0xe0, 0x72, 0x42, 0x3c, 0x05
    db 0x74, 0x2a, 0x73, 0x3c, 0x5a, 0x52, 0x9f, 0x50
    db 0x8a, 0xc2, 0xe8, 0x7b, 0x85, 0x58, 0x9e, 0xfe
    db 0xc0, 0x2a, 0xc2, 0x74, 0x19, 0x79, 0x17, 0x50
    db 0xe8, 0x8d, 0xbb, 0x5b, 0x8a, 0xc2, 0x2c, 0xe0
    db 0x72, 0x12, 0x3c, 0x05, 0x73, 0x0e, 0x02, 0xc3
    db 0x78, 0x16, 0xeb, 0x04, 0xeb, 0x12, 0xfe, 0xc8
    db 0x04, 0xe0, 0x8a, 0xd0, 0xe8, 0x64, 0xbb, 0xeb
    db 0x07, 0x51, 0xe8, 0x5a, 0xbb, 0xe9, 0x33, 0xff
    db 0xbe, 0xec, 0x79, 0xf6, 0x04, 0x80, 0x9f, 0x80
    db 0x24, 0x7f, 0x9e, 0x74, 0x05, 0xe8, 0x04, 0x62
    db 0x1e, 0x00, 0x5a, 0xf6, 0xc6, 0x20, 0x74, 0x2b
    db 0x52, 0xa0, 0x93, 0x79, 0x3c, 0xe0, 0x73, 0x1c
    db 0x3c, 0xd1, 0x74, 0x18, 0xa0, 0x3b, 0x79, 0x24
    db 0x62, 0x75, 0x11, 0xa0, 0x3c, 0x79, 0xa8, 0x10
    db 0x75, 0x0a, 0x8b, 0x16, 0x93, 0x79, 0xe8, 0x93
    db 0xf9, 0x5a, 0xeb, 0x07, 0xe8, 0x8d, 0xf9, 0x5a
    db 0xe9, 0xc6, 0x00, 0xa0, 0x3d, 0x79, 0xa8, 0x04
    db 0x74, 0x2c, 0x52, 0xe8, 0x93, 0x9a, 0x8a, 0xc8
    db 0xe8, 0x5a, 0x85, 0x0a, 0xc0, 0x75, 0x02, 0xb2
    db 0x0f, 0x87, 0xd6, 0x8b, 0xec, 0x87, 0x76, 0x00
    db 0x8b, 0xc6, 0x8a, 0xe8, 0xe8, 0x46, 0x85, 0x5e
    db 0x2b, 0xf2, 0x73, 0x02, 0x86, 0xe9, 0xe8, 0x75
    db 0xf9, 0xb2, 0xf5, 0xeb, 0x69, 0x90, 0x8b, 0x36
    db 0xf3, 0x78, 0x56, 0xe8, 0xd9, 0xba, 0x59, 0x8b
    db 0x36, 0x0b, 0x79, 0x2b, 0xf2, 0x73, 0x00, 0xeb
    db 0x47, 0x8a, 0xc2, 0x3c, 0x2d, 0x74, 0x41, 0xa0
    db 0x17, 0x77, 0xa8, 0x80, 0x74, 0x20, 0xe8, 0x7b
    db 0x61, 0x2a, 0x5c, 0x20, 0x98, 0x18, 0x16, 0x0c
    db 0x74, 0xbe, 0x54, 0x04, 0x1c, 0x64, 0x20, 0x8e
    db 0x0e, 0x00, 0x8b, 0xc6, 0x3c, 0x2d, 0x74, 0x18
    db 0xb2, 0x20, 0xeb, 0x1c, 0x2e, 0x00, 0xe8, 0xab
    db 0xba, 0x8a, 0xc2, 0x3c, 0x20, 0x74, 0x09, 0x3c
    db 0xd1, 0x75, 0x02, 0xb2, 0xd7, 0xe8, 0x8f, 0xba
    db 0xe8, 0x27, 0x01, 0xe8, 0x00, 0x8c, 0xeb, 0x0e
    db 0xa0, 0x0e, 0x7a, 0x3c, 0x20, 0x75, 0x07, 0xa0
    db 0x3d, 0x79, 0xa8, 0x01, 0x74, 0x00, 0xa0, 0x4e
    db 0x7a, 0x0a, 0xc0, 0x74, 0x1a, 0x8b, 0x36, 0xf3
    db 0x78, 0x56, 0xe8, 0x7b, 0xba, 0x5e, 0x8b, 0x0e
    db 0xc4, 0x79, 0x2b, 0xf1, 0x79, 0x03, 0xe8, 0x62
    db 0xba, 0xe8, 0x68, 0xba, 0xe8, 0x58, 0xba, 0xa0
    db 0x3c, 0x79, 0xa8, 0x80, 0x74, 0x03, 0xe8, 0x87
    db 0x6c, 0xa0, 0x17, 0x77, 0xa8, 0x08, 0x74, 0x51
    db 0xa0, 0x0d, 0x79, 0xa8, 0x02, 0x75, 0x4a, 0x8b
    db 0x36, 0x14, 0x79, 0x8b, 0x16, 0xf3, 0x78, 0x2b
    db 0xf2, 0x73, 0x3e, 0xa0, 0x3d, 0x79, 0xa8, 0x04
    db 0x75, 0x37, 0xa0, 0x17, 0x77, 0xa8, 0x80, 0x74
    db 0x22, 0xe8, 0xe0, 0x60, 0x2a, 0x5c, 0x20, 0x98
    db 0x1a, 0x16, 0x0c, 0x74, 0xbe, 0x54, 0x04, 0x1c
    db 0x64, 0x20, 0x8e, 0x14, 0x00, 0x8b, 0xc6, 0x3c
    db 0x2d, 0x75, 0x16, 0xe8, 0xc6, 0x60, 0x16, 0x82
    db 0x4e, 0x2e, 0x00, 0xe8, 0xbe, 0x60, 0x16, 0x4c
    db 0x40, 0x52, 0x04, 0x98, 0xfc, 0x8a, 0x06, 0x1c
    db 0x00, 0xeb, 0x44, 0x5c, 0xee, 0x8e, 0xfa, 0x2c
    db 0x5c, 0x20, 0x98, 0x0e, 0x2a, 0x9a, 0x30, 0x2e
    db 0x5c, 0x2d, 0x98, 0x2b, 0x64, 0x20, 0x82, 0x27
    db 0x5c, 0xd1, 0x98, 0x20, 0x64, 0xd7, 0x00, 0x8b
    db 0x36, 0x14, 0x79, 0x8b, 0x16, 0xf3, 0x78, 0x2b
    db 0xf2, 0x73, 0x13, 0xe8, 0x86, 0x60, 0x2a, 0x5c
    db 0xd7, 0x98, 0x06, 0x7e, 0xd1, 0x82, 0xc2, 0x30
    db 0x82, 0xbf, 0x2e, 0x82, 0xe3, 0x00, 0xe8, 0x73
    db 0x60, 0xb2, 0x1e, 0xa2, 0x1c, 0x22, 0x00, 0xa0
    db 0x0e, 0x7a, 0x3c, 0x20, 0x75, 0x07, 0xa0, 0x3d
    db 0x79, 0xa8, 0x01, 0x74, 0x03, 0xe8, 0x81, 0x88
    db 0x8b, 0x16, 0xf3, 0x78, 0x8b, 0x36, 0x0b, 0x79
    db 0x2b, 0xf2, 0x73, 0x2b, 0x8b, 0x16, 0x50, 0x79
    db 0xa0, 0x3c, 0x79, 0xa8, 0x80, 0x74, 0x0d, 0x8b
    db 0x36, 0xf3, 0x78, 0x2b, 0xf2, 0xe8, 0xf8, 0xc4
    db 0x2b, 0xf2, 0x75, 0x13, 0x8b, 0x36, 0x0b, 0x79
    db 0x2b, 0xf2, 0x72, 0x0b, 0xa0, 0x17, 0x77, 0xeb
    db 0x06, 0x90, 0xb0, 0x80, 0xa2, 0xa6, 0x79, 0xb0
    db 0x01, 0xc3, 0xe8, 0x1f, 0x60, 0x74, 0xa6, 0x40
    db 0x7e, 0x0c, 0x10, 0x44, 0x0c, 0x00, 0xeb, 0x0a
    db 0xb2, 0x0c, 0x8b, 0x36, 0x7b, 0x79, 0x56, 0xe8
    db 0x4d, 0xb9, 0x5e, 0x83, 0xfe, 0x00, 0x75, 0x01
    db 0xc3, 0xb0, 0xee, 0xa2, 0xc3, 0x79, 0x89, 0x36
    db 0xc4, 0x79, 0xa2, 0xc8, 0x79, 0x8a, 0xd0, 0xe8
    db 0x35, 0xb9, 0xc3, 0xc3, 0xff, 0x04, 0x00, 0x06
    db 0xff, 0x02, 0x06, 0x00, 0x00, 0x00, 0xe1, 0xf2
    db 0xe0, 0x20, 0x20, 0x20, 0x20, 0xe1, 0xf3, 0xe0
    db 0xff, 0x04, 0x00, 0x05, 0xff, 0x02, 0x08, 0x00
    db 0x00, 0x00, 0xe1, 0xf3, 0xe0, 0x20, 0x20, 0x20
    db 0x20, 0x20, 0xe0, 0xf3, 0xff, 0x04, 0x00, 0x06
    db 0xff, 0x02, 0x0c, 0x00, 0x00, 0x00, 0xf9, 0xf1
    db 0x50, 0x53, 0xf1, 0xf9, 0x20, 0xff, 0x04, 0x00
    db 0x05, 0x20, 0xf3, 0xe0, 0x20, 0xf3, 0xff, 0x04
    db 0x00, 0x06, 0xe0, 0xff, 0x02, 0x0a, 0x00, 0x00
    db 0x00, 0x20, 0x20, 0x20, 0x25, 0xe0, 0xff, 0x02
    db 0x0e, 0x00, 0x00, 0x00, 0x20, 0x20, 0xe3, 0x20
    db 0x20, 0xe1, 0xff, 0x04, 0x00, 0x05, 0xff, 0x04
    db 0x00, 0x06, 0xff, 0x02, 0x04, 0x00, 0x0d, 0x00
    db 0xff, 0x04, 0x00, 0x05, 0x31, 0x32, 0x33, 0xe1
    db 0xff, 0x04, 0x00, 0x06, 0xff, 0x02, 0x02, 0x00
    db 0x0f, 0x00, 0xff, 0x04, 0x00, 0x05, 0x30, 0x31
    db 0x20, 0xff, 0x04, 0x00, 0x06, 0xff, 0x02, 0x00
    db 0x00, 0x00, 0x00, 0xff, 0x42, 0x18, 0x00, 0x0c
    db 0x00, 0xab, 0x9e, 0x88, 0xc6, 0xe1, 0x20, 0x20
    db 0xe3, 0xff, 0x04, 0x01, 0x00, 0x00, 0x00, 0x9c
    db 0x2e, 0x07, 0x00, 0x00, 0x00, 0x00, 0x01, 0x20
    db 0x29, 0x77, 0x09, 0x00, 0x20, 0x28, 0x7f, 0x00
    db 0x00, 0xff, 0x0a, 0x00, 0x00, 0x00, 0x00, 0x00
    db 0x00, 0x00, 0x20, 0x37, 0x77, 0x0f, 0x00, 0xff
    db 0x06, 0x00, 0x00, 0x00, 0x00, 0x00, 0x00, 0x00
    db 0x00, 0x00, 0x00, 0x00, 0x00, 0x03, 0x55, 0x49
    db 0x5a, 0x53, 0x46, 0x48, 0x54, 0x50, 0x53, 0x31
    db 0x30, 0x31, 0x32, 0x31, 0x35, 0x74, 0x62, 0x43
    db 0x53, 0x44, 0x59, 0x4c, 0x52, 0x50, 0x45, 0x66
    db 0x66, 0x4e, 0x72, 0x50, 0x53, 0x74, 0x77, 0x73
    db 0x77, 0x73, 0x70, 0x49, 0x4e, 0x4b, 0x41, 0x4b
    db 0x45, 0x52, 0x30, 0x52, 0x31, 0x47, 0x4f, 0x6d
    db 0x79
synthetic_stream_allowed_predicate_C688_A355:
    db 0x8b, 0x36, 0xa1, 0x79    ; mov si,[0x79a1]
    db 0x8b, 0xde    ; mov bx,si
    db 0xf6, 0xc3, 0x10    ; test bl,0x10
    jnz loc_A361
    db 0xc3    ; ret
loc_A361:
    db 0xf6, 0xc1, 0x40    ; test cl,0x40
    jnz loc_A375
    db 0xf6, 0xc1, 0x04    ; test cl,0x04
    jnz loc_A375
    db 0x8b, 0x36, 0xd5, 0x78    ; mov si,[0x78d5]
    db 0x8b, 0xde    ; mov bx,si
    db 0xf6, 0xc3, 0x01    ; test bl,0x01
    db 0xc3    ; ret
loc_A375:
    db 0x3a, 0xc0    ; cmp al,al
    db 0xc3    ; ret
predicated_synthetic_stream_builder_C688_A378:
    call synthetic_stream_allowed_predicate_C688_A355
    jnz loc_A37E
    db 0xc3    ; ret
loc_A37E:
    db 0x5a    ; pop dx
synthetic_stream_builder_C688_A37F:
    db 0xbe, 0x29, 0x80    ; mov si,0x8029
    db 0xc7, 0x04    ; F200 mov word [si],0x00f2
    db 0xf2, 0x00
    db 0x3c, 0x1f    ; cmp al,0x1f
    jz loc_A3BA
    db 0x3c, 0x1e    ; cmp al,0x1e
    jz loc_A3B4
    db 0x3c, 0xee    ; cmp al,0xee
    jnz loc_A395
    jmp loc_A490
loc_A395:
    db 0x3c, 0xed    ; cmp al,0xed
    jnz loc_A3C1
    db 0xb0, 0x0c    ; mov al,0x0c
    call loc_A47F
    db 0xa0, 0xf9, 0x79    ; mov al,[0x79f9]
    db 0x04, 0x30    ; add al,0x30
    db 0x88, 0x04    ; mov [si],al
    db 0x46    ; inc si
    db 0xc6, 0x04, 0xdc    ; mov byte [si],0xdc
    db 0x46    ; inc si
    db 0xa0, 0xf8, 0x79    ; mov al,[0x79f8]
    db 0x04, 0x30    ; add al,0x30
    db 0x88, 0x04    ; mov [si],al
    db 0x46    ; inc si
    jmp loc_A3F8
loc_A3B4:
    db 0x46    ; inc si
    db 0xc6, 0x04, 0x52    ; mov byte [si],0x52
    jmp loc_A3BE
loc_A3BA:
    db 0x46    ; inc si
    db 0xc6, 0x04, 0x72    ; mov byte [si],0x72
loc_A3BE:
    db 0x46    ; inc si
    jmp loc_A3F8
loc_A3C1:
    db 0x3c, 0xe9    ; cmp al,0xe9
    jnz synthetic_stream_extended_markers_C688_A3FB
    db 0xa0, 0xf8, 0x79    ; mov al,[0x79f8]
    db 0x3c, 0x1c    ; cmp al,0x1c
    jnz loc_A3DD
    db 0xc6, 0x04, 0xbb    ; mov byte [si],0xbb
    db 0x46    ; inc si
    db 0xa0, 0xf9, 0x79    ; mov al,[0x79f9]
    db 0x88, 0x04    ; mov [si],al
    db 0x46    ; inc si
    db 0xc6, 0x04, 0xbb    ; mov byte [si],0xbb
    db 0x46    ; inc si
    jmp loc_A4DD
loc_A3DD:
    db 0x3c, 0x1a    ; cmp al,0x1a
    db 0x9f    ; lahf
    db 0x50    ; push ax
    db 0x04, 0x10    ; add al,0x10
    call loc_A47F
    db 0x58    ; pop ax
    db 0x9e    ; sahf
    jnz loc_A3F8
    db 0xa0, 0xfa, 0x79    ; mov al,[0x79fa]
    db 0x3c, 0x00    ; cmp al,0
    db 0xb0, 0xdd    ; mov al,0xdd
    jns loc_A3F5
    db 0xb0, 0xde    ; mov al,0xde
loc_A3F5:
    db 0x88, 0x04    ; mov [si],al
    db 0x46    ; inc si
loc_A3F8:
    jmp synthetic_stream_handoff_tail_C688_A4D2
synthetic_stream_extended_markers_C688_A3FB:
    db 0x3c, 0xef    ; cmp al,0xef
    jnz loc_A418
    db 0xa0, 0xf8, 0x79    ; mov al,[0x79f8]
    db 0x3c, 0x06    ; cmp al,0x06
    jnz loc_A40A
    db 0x32, 0xc0    ; xor al,al
    jmp loc_A3DD
loc_A40A:
    db 0x46    ; inc si
    db 0xc6, 0x04, 0x56    ; mov byte [si],0x56
    db 0x46    ; inc si
    db 0xc6, 0x04, 0x54    ; mov byte [si],0x54
    db 0x46    ; inc si
    db 0xba, 0xfc, 0x79    ; mov dx,0x79fc
    jmp loc_A424
loc_A418:
    db 0x3c, 0xe8    ; cmp al,0xe8
    jnz loc_A469
    db 0xb0, 0x0e    ; mov al,0x0e
loc_A41E:
    call loc_A47F
    db 0xba, 0xfb, 0x79    ; mov dx,0x79fb
loc_A424:
    db 0x51    ; push cx
    db 0xff, 0x36, 0xed, 0x75    ; push word [0x75ed]
    db 0x56    ; push si
    db 0x8f, 0x06, 0xed, 0x75    ; pop word [0x75ed]
    db 0x8b, 0xea    ; mov bp,dx
    db 0x8a, 0x7e, 0x00    ; mov bh,[bp+0x00]
    db 0x4d    ; dec bp
    db 0x8a, 0x5e, 0x00    ; mov bl,[bp+0x00]
    db 0x4d    ; dec bp
    db 0x8b, 0xd5    ; mov dx,bp
    db 0x8b, 0xf3    ; mov si,bx
    db 0x52    ; push dx
    call decimal_emit_3_digit_C688_0EF2
    db 0x5a    ; pop dx
    db 0x8b, 0x1e, 0xed, 0x75    ; mov bx,[0x75ed]
    db 0xc6, 0x07, 0xdc    ; mov byte [bx],0xdc
    db 0x43    ; inc bx
    db 0x89, 0x1e, 0xed, 0x75    ; mov [0x75ed],bx
    db 0x8b, 0xea    ; mov bp,dx
    db 0x8a, 0x7e, 0x00    ; mov bh,[bp+0x00]
    db 0x4d    ; dec bp
    db 0x8a, 0x5e, 0x00    ; mov bl,[bp+0x00]
    db 0x8b, 0xf3    ; mov si,bx
    db 0x8b, 0xd5    ; mov dx,bp
    call decimal_emit_3_digit_C688_0EF2
    db 0xff, 0x36, 0xed, 0x75    ; push word [0x75ed]
    db 0x5e    ; pop si
    db 0x8f, 0x06, 0xed, 0x75    ; pop word [0x75ed]
    db 0x59    ; pop cx
    jmp synthetic_stream_handoff_tail_C688_A4D2
loc_A469:
    db 0xb0, 0x0a    ; mov al,0x0a
    call loc_A47F
    db 0xa0, 0xf9, 0x79    ; mov al,[0x79f9]
    call loc_A480
    db 0xc6, 0x04, 0xdc    ; mov byte [si],0xdc
    db 0xa0, 0xf8, 0x79    ; mov al,[0x79f8]
    call loc_A47F
    jmp synthetic_stream_handoff_tail_C688_A4D2
loc_A47F:
    db 0x46    ; inc si
loc_A480:
    db 0x8a, 0xd8    ; mov bl,al
    db 0xb7, 0x00    ; mov bh,0
    db 0xba, 0x4d, 0x77    ; mov dx,0x774d
    db 0x03, 0xda    ; add bx,dx
    db 0x8b, 0x17    ; mov dx,[bx]
    db 0x89, 0x14    ; mov [si],dx
    db 0x46    ; inc si
    db 0x46    ; inc si
    db 0xc3    ; ret
loc_A490:
    db 0xb0, 0x08    ; mov al,0x08
    jmp loc_A41E
classifier_pair_synthetic_stream_C688_A494:
    call synthetic_stream_allowed_predicate_C688_A355
    jnz loc_A49A
    db 0xc3    ; ret
loc_A49A:
    db 0x5a    ; pop dx
    db 0x8a, 0xc5    ; mov al,ch
    db 0x24, 0xfe    ; and al,0xfe
    db 0x3c, 0xea    ; cmp al,0xea
    jnz loc_A4AB
    db 0x8a, 0xc5    ; mov al,ch
    db 0x24, 0x01    ; and al,0x01
    db 0x04, 0xf2    ; add al,0xf2
    db 0x8a, 0xe8    ; mov ch,al
loc_A4AB:
    db 0x8a, 0xdd    ; mov bl,ch
    db 0xd0, 0xeb    ; shr bl,1
    db 0xba, 0x46, 0x77    ; mov dx,0x7746
    db 0x83, 0xea, 0x78    ; sub dx,0x78
    db 0xb7, 0x00    ; mov bh,0
    db 0x8b, 0xf3    ; mov si,bx
    db 0x03, 0xf2    ; add si,dx
    db 0x8a, 0x04    ; mov al,[si]
    db 0xbe, 0x29, 0x80    ; mov si,0x8029
    db 0xc6, 0x04, 0xf2    ; mov byte [si],0xf2
    db 0x46    ; inc si
    db 0x88, 0x04    ; mov [si],al
    db 0x46    ; inc si
    db 0x8a, 0xc5    ; mov al,ch
    db 0x24, 0x01    ; and al,0x01
    db 0x34, 0x01    ; xor al,0x01
    db 0x04, 0x30    ; add al,0x30
    db 0x88, 0x04    ; mov [si],al
    db 0x46    ; inc si
synthetic_stream_handoff_tail_C688_A4D2:
    db 0xa0, 0x5e, 0x79    ; mov al,[0x795e]
    db 0xa8, 0x02    ; test al,0x02
    jnz loc_A4DD
    db 0xc6, 0x04, 0xf3    ; mov byte [si],0xf3
    db 0x46    ; inc si
loc_A4DD:
    db 0xc6, 0x04, 0xff    ; mov byte [si],0xff
    db 0x5e    ; pop si
    db 0x89, 0x36, 0x13, 0x7a    ; mov [0x7a13],si
    db 0xba, 0x29, 0x80    ; mov dx,0x8029
    db 0x80, 0x0e, 0x4f, 0x82, 0x01    ; or byte [0x824f],0x01
    db 0x80, 0xc9, 0x40    ; or cl,0x40
    jmp redraw_stream_next_byte_C688_1D7D

; helper call targets covered by other slices
loc_01B6 equ 0x01B6
