; Generated from disasm: 3000:6964-A393
; NOTE: branch target labels are local aliases for readability.

BITS 16
org 0x6964

candidate_row_formatter_C3000_6964:
    db 0x55    ; push bp
    db 0x8b, 0xec    ; mov bp,sp
    db 0x83, 0xec, 0x0a    ; sub sp,byte +0xa
    db 0x57    ; push di
    db 0x56    ; push si
    db 0x8b, 0x76, 0x06    ; mov si,[bp+0x6]
    db 0x8a, 0x46, 0x08    ; mov al,[bp+0x8]
    db 0x04, 0x30    ; add al,0x30
    db 0x88, 0x04    ; mov [si],al
    db 0x46    ; inc si
    db 0xc6, 0x04, 0x29    ; mov byte [si],0x29
    db 0x46    ; inc si
    db 0xc6, 0x04, 0x20    ; mov byte [si],0x20
    db 0x46    ; inc si
    db 0x8b, 0x5e, 0x0a    ; mov bx,[bp+0xa]
    db 0xff, 0x46, 0x0a    ; inc word [bp+0xa]
    db 0x8a, 0x07    ; mov al,[bx]
    db 0x2a, 0xe4    ; sub ah,ah
    db 0x48    ; dec ax
    db 0x89, 0x46, 0xfe    ; mov [bp-0x2],ax
    db 0x8b, 0x5e, 0x0a    ; mov bx,[bp+0xa]
    db 0xff, 0x46, 0x0a    ; inc word [bp+0xa]
    db 0x8a, 0x07    ; mov al,[bx]
    db 0x2a, 0xe4    ; sub ah,ah
    db 0x8b, 0xf8    ; mov di,ax
    db 0x0b, 0xff    ; or di,di
    jnz loc_69CA
    db 0xff, 0x76, 0xfe    ; push word [bp-0x2]
    db 0x56    ; push si
    call candidate_selector_label_C3000_6B40
    db 0x83, 0xc4, 0x04    ; add sp,byte +0x4
    db 0x8b, 0xf0    ; mov si,ax
    jmp loc_69B0
    db 0x90    ; nop
    db 0xc6, 0x04, 0x20    ; mov byte [si],0x20
    db 0x46    ; inc si
loc_69B0:
    db 0x8b, 0xc6    ; mov ax,si
    db 0x2b, 0x46, 0x06    ; sub ax,[bp+0x6]
    db 0x3d, 0x0e, 0x00    ; cmp ax,0xe
    jl loc_69AC
    db 0xff, 0x76, 0x0a    ; push word [bp+0xa]
    db 0x56    ; push si
    call loc_960A
    db 0x83, 0xc4, 0x04    ; add sp,byte +0x4
    db 0x5e    ; pop si
    db 0x5f    ; pop di
    db 0x8b, 0xe5    ; mov sp,bp
    db 0x5d    ; pop bp
    db 0xc3    ; ret
loc_69CA:
    db 0x8b, 0x46, 0x0a    ; mov ax,[bp+0xa]
    db 0x89, 0x46, 0xf6    ; mov [bp-0xa],ax
    db 0x50    ; push ax
    call loc_9626
    db 0x83, 0xc4, 0x02    ; add sp,byte +0x2
    db 0x40    ; inc ax
    db 0x89, 0x46, 0x0a    ; mov [bp+0xa],ax
    db 0xc7, 0x46, 0xfa, 0x00, 0x00    ; mov word [bp-0x6],0
    db 0x8b, 0x46, 0xfe    ; mov ax,[bp-0x2]
    db 0x3d, 0x0b, 0x00    ; cmp ax,0xb
    ja candidate_formatter_row_bodies_C3000_6A36
    db 0x03, 0xc0    ; add ax,ax
    db 0x93    ; xchg ax,bx
    jmp [cs:bx+0x6a1e]
candidate_formatter_selector_tests_C3000_69F0:
    db 0x83, 0xff, 0x07    ; cmp di,byte +0x7
    jz loc_6A0A
    db 0x83, 0xff, 0x1b    ; cmp di,byte +0x1b
    jz loc_6A0A
    db 0xb8, 0x01, 0x00    ; mov ax,0x1
    jmp loc_6A0C
    db 0x90    ; nop
    db 0x83, 0xff, 0x0f    ; cmp di,byte +0xf
    jz loc_69FA
    db 0x83, 0xff, 0x09    ; cmp di,byte +0x9
    jz loc_69FA
loc_6A0A:
    db 0x2b, 0xc0    ; sub ax,ax
loc_6A0C:
    db 0x89, 0x46, 0xfa    ; mov [bp-0x6],ax
    jmp candidate_formatter_row_bodies_C3000_6A36
    db 0x90    ; nop
    db 0x83, 0xff, 0x0b    ; cmp di,byte +0xb
    jz loc_6A0A
    db 0x83, 0xff, 0x0d    ; cmp di,byte +0xd
    jnz loc_69FA
    jmp loc_6A0A
    db 0x12, 0x6a, 0x12, 0x6a, 0x36, 0x6a, 0x36, 0x6a
    db 0x36, 0x6a, 0xf0, 0x69, 0x36, 0x6a, 0xf0, 0x69
    db 0x36, 0x6a, 0x36, 0x6a, 0x00, 0x6a, 0x00, 0x6a
candidate_formatter_row_bodies_C3000_6A36:
    db 0x83, 0x7e, 0xfa, 0x00    ; cmp word [bp-0x6],byte +0x0
    jz loc_6A3F
    jmp loc_6AC4
loc_6A3F:
    db 0xff, 0x76, 0xfe    ; push word [bp-0x2]
    db 0x56    ; push si
    call candidate_selector_label_C3000_6B40
    db 0x83, 0xc4, 0x04    ; add sp,byte +0x4
    db 0x8b, 0xf0    ; mov si,ax
    jmp loc_6A52
    db 0x90    ; nop
    db 0xc6, 0x04, 0x20    ; mov byte [si],0x20
    db 0x46    ; inc si
loc_6A52:
    db 0x8b, 0xc6    ; mov ax,si
    db 0x2b, 0x46, 0x06    ; sub ax,[bp+0x6]
    db 0x3d, 0x0e, 0x00    ; cmp ax,0xe
    jl loc_6A4E
    db 0x83, 0xff, 0x07    ; cmp di,byte +0x7
    jnz loc_6A96
    db 0x83, 0x7e, 0xfe, 0x0a    ; cmp word [bp-0x2],byte +0xa
    jz loc_6A6D
    db 0x83, 0x7e, 0xfe, 0x0b    ; cmp word [bp-0x2],byte +0xb
    jnz loc_6A96
loc_6A6D:
    db 0xff, 0x36, 0x6e, 0x25    ; push word [0x256e]
    db 0x56    ; push si
    call loc_960A
    db 0x83, 0xc4, 0x04    ; add sp,byte +0x4
    db 0x8b, 0xf0    ; mov si,ax
    db 0xb8, 0x84, 0x25    ; mov ax,0x2584
    db 0x50    ; push ax
    db 0x56    ; push si
    call loc_960A
    db 0x83, 0xc4, 0x04    ; add sp,byte +0x4
    db 0x8b, 0xf0    ; mov si,ax
    db 0xff, 0x76, 0xf6    ; push word [bp-0xa]
    db 0x56    ; push si
    call loc_960A
    db 0x83, 0xc4, 0x04    ; add sp,byte +0x4
    db 0x8b, 0xf0    ; mov si,ax
    jmp loc_6B26
loc_6A96:
    db 0x8b, 0xdf    ; mov bx,di
    db 0xd1, 0xe3    ; shl bx,1
    db 0xff, 0xb7, 0x44, 0x25    ; push word [bx+0x2544]
    db 0x56    ; push si
    call loc_960A
    db 0x83, 0xc4, 0x04    ; add sp,byte +0x4
    db 0x8b, 0xf0    ; mov si,ax
    db 0xff, 0x76, 0xf6    ; push word [bp-0xa]
    db 0xff, 0x76, 0x04    ; push word [bp+0x4]
    call loc_969E
    db 0x83, 0xc4, 0x04    ; add sp,byte +0x4
    db 0x0b, 0xc0    ; or ax,ax
    jnz loc_6A7A
    db 0x83, 0xff, 0x07    ; cmp di,byte +0x7
    jz loc_6B26
    db 0x83, 0xff, 0x1b    ; cmp di,byte +0x1b
    jz loc_6B26
    jmp loc_6A7A
    db 0x90    ; nop
loc_6AC4:
    db 0x8b, 0xdf    ; mov bx,di
    db 0xd1, 0xe3    ; shl bx,1
    db 0xff, 0xb7, 0x44, 0x25    ; push word [bx+0x2544]
    db 0x56    ; push si
    call loc_960A
    db 0x83, 0xc4, 0x04    ; add sp,byte +0x4
    db 0x8b, 0xf0    ; mov si,ax
    jmp loc_6ADC
    db 0x90    ; nop
    db 0xc6, 0x04, 0x20    ; mov byte [si],0x20
    db 0x46    ; inc si
loc_6ADC:
    db 0x8b, 0xc6    ; mov ax,si
    db 0x2b, 0x46, 0x06    ; sub ax,[bp+0x6]
    db 0x3d, 0x0d, 0x00    ; cmp ax,0xd
    jl loc_6AD8
    db 0xb8, 0x84, 0x25    ; mov ax,0x2584
    db 0x50    ; push ax
    db 0x56    ; push si
    call loc_960A
    db 0x83, 0xc4, 0x04    ; add sp,byte +0x4
    db 0x8b, 0xf0    ; mov si,ax
    db 0xff, 0x76, 0xf6    ; push word [bp-0xa]
    db 0x56    ; push si
    call loc_960A
    db 0x83, 0xc4, 0x04    ; add sp,byte +0x4
    db 0x8b, 0xf0    ; mov si,ax
    db 0xb8, 0xf4, 0x24    ; mov ax,0x24f4
    db 0x50    ; push ax
    db 0x56    ; push si
    call loc_960A
    db 0x83, 0xc4, 0x04    ; add sp,byte +0x4
    db 0x8b, 0xf0    ; mov si,ax
    db 0x8b, 0x5e, 0xfe    ; mov bx,[bp-0x2]
    db 0xd1, 0xe3    ; shl bx,1
    db 0xff, 0xb7, 0x08, 0x25    ; push word [bx+0x2508]
    db 0x56    ; push si
    call loc_960A
    db 0x83, 0xc4, 0x04    ; add sp,byte +0x4
    db 0x8b, 0xf0    ; mov si,ax
    db 0xc6, 0x04, 0x29    ; mov byte [si],0x29
    db 0x46    ; inc si
    db 0xc6, 0x04, 0x20    ; mov byte [si],0x20
    db 0x46    ; inc si
loc_6B26:
    db 0xc6, 0x04, 0x3a    ; mov byte [si],0x3a
    db 0x46    ; inc si
    db 0xc6, 0x04, 0x20    ; mov byte [si],0x20
    db 0x46    ; inc si
    db 0xff, 0x76, 0x0a    ; push word [bp+0xa]
    db 0x56    ; push si
    call loc_960A
    db 0x83, 0xc4, 0x04    ; add sp,byte +0x4
    db 0x8b, 0xf0    ; mov si,ax
    db 0x5e    ; pop si
    db 0x5f    ; pop di
    db 0x8b, 0xe5    ; mov sp,bp
    db 0x5d    ; pop bp
    db 0xc3    ; ret
candidate_selector_label_C3000_6B40:
    db 0x55    ; push bp
    db 0x8b, 0xec    ; mov bp,sp
    db 0x83, 0x7e, 0x06, 0x00    ; cmp word [bp+0x6],byte +0x0
    jl loc_6B51
    db 0xa1, 0x22, 0x25    ; mov ax,[0x2522]
    db 0x39, 0x46, 0x06    ; cmp [bp+0x6],ax
    jl loc_6B60
loc_6B51:
    db 0xb8, 0x89, 0x25    ; mov ax,0x2589
    db 0x50    ; push ax
    db 0xff, 0x76, 0x04    ; push word [bp+0x4]
    call loc_960A
    db 0x83, 0xc4, 0x04    ; add sp,byte +0x4
    db 0x5d    ; pop bp
    db 0xc3    ; ret
loc_6B60:
    db 0x8b, 0x5e, 0x06    ; mov bx,[bp+0x6]
    db 0xd1, 0xe3    ; shl bx,1
    db 0xff, 0xb7, 0x08, 0x25    ; push word [bx+0x2508]
    jmp loc_6B55
    db 0x90, 0x55, 0x8b, 0xec, 0x83, 0xec, 0x02, 0x8b
    db 0x46, 0x0a, 0xa3, 0x34, 0x71, 0x0b, 0xc0, 0x75
    db 0x06, 0x2b, 0xc0, 0x8b, 0xe5, 0x5d, 0xc3, 0xff
    db 0x76, 0x04, 0xff, 0x76, 0x06, 0xe8, 0x7f, 0x2a
    db 0x83, 0xc4, 0x04, 0x8b, 0x1e, 0x34, 0x71, 0x8b
    db 0x47, 0x06, 0x89, 0x46, 0xfe, 0x3d, 0x1d, 0x00
    db 0x74, 0x05, 0x3d, 0x1f, 0x00, 0x75, 0x08, 0xb8
    db 0x01, 0x00, 0x8b, 0xe5, 0x5d, 0xc3, 0x90, 0xb8
    db 0x20, 0x00, 0x50, 0xff, 0x76, 0x06, 0xe8, 0x86
    db 0x2a, 0x83, 0xc4, 0x04, 0x0b, 0xc0, 0x74, 0x29
    db 0x83, 0x7e, 0xfe, 0x13, 0x74, 0xbb, 0x83, 0x7e
    db 0xfe, 0x0f, 0x74, 0xb5, 0x83, 0x7e, 0xfe, 0x11
    db 0x74, 0xaf, 0x83, 0x7e, 0xfe, 0x09, 0x74, 0xa9
    db 0xff, 0x76, 0x08, 0xff, 0x76, 0x06, 0xe8, 0x14
    db 0x00, 0x83, 0xc4, 0x04, 0x8b, 0xe5, 0x5d, 0xc3
    db 0x90, 0xff, 0x76, 0x08, 0xff, 0x76, 0x06, 0xe8
    db 0xff, 0x00, 0xeb, 0xed, 0x90, 0x55, 0x8b, 0xec
    db 0x83, 0xec, 0x7e, 0x56, 0x8b, 0x1e, 0x34, 0x71
    db 0x8b, 0x47, 0x06, 0x89, 0x46, 0x9a, 0x50, 0x8d
    db 0x46, 0x9c, 0x50, 0xff, 0x76, 0x04, 0xe8, 0x0a
    db 0x45, 0x83, 0xc4, 0x06, 0x89, 0x46, 0xe4, 0x40
    db 0x74, 0x1f, 0x83, 0x7e, 0xe4, 0x00, 0x75, 0x03
    db 0xe9, 0xc6, 0x00, 0x8d, 0x46, 0x9c, 0x50, 0xff
    db 0x76, 0x04, 0xe8, 0xe2, 0x29, 0x83, 0xc4, 0x04
    db 0xb8, 0x01, 0x00, 0x5e, 0x8b, 0xe5, 0x5d, 0xc3
    db 0x90, 0x83, 0x7e, 0x9a, 0x01, 0x75, 0x48, 0xb8
    db 0x03, 0x00, 0x50, 0x8d, 0x46, 0xb4, 0x50, 0xff
    db 0x76, 0x04, 0xe8, 0xce, 0x44, 0x83, 0xc4, 0x06
    db 0x0b, 0xc0, 0x7e, 0x33, 0xb8, 0x05, 0x00, 0x50
    db 0x8d, 0x46, 0xe8, 0x50, 0xff, 0x76, 0x04, 0xe8
    db 0xb9, 0x44, 0x83, 0xc4, 0x06, 0x0b, 0xc0, 0x7e
    db 0x1e, 0x8d, 0x46, 0xb4, 0x50, 0xff, 0x76, 0x04
    db 0xe8, 0x9c, 0x29, 0x83, 0xc4, 0x04, 0x89, 0x46
    db 0x04, 0x8b, 0xd8, 0xff, 0x46, 0x04, 0xc6, 0x07
    db 0x2f, 0x8d, 0x46, 0xe8, 0xeb, 0xa0, 0x90, 0x83
    db 0x7e, 0x06, 0x0a, 0x75, 0x22, 0xb8, 0x20, 0x00
    db 0x50, 0xff, 0x76, 0x04, 0xe8, 0xa8, 0x29, 0x83
    db 0xc4, 0x04, 0x8b, 0xf0, 0x56, 0x8d, 0x46, 0x82
    db 0x50, 0xe8, 0x6b, 0x29, 0x83, 0xc4, 0x04, 0xc6
    db 0x04, 0x00, 0x8b, 0x76, 0x04, 0xeb, 0x1a, 0x83
    db 0x7e, 0x06, 0x05, 0x75, 0x34, 0xc6, 0x46, 0x82
    db 0x00, 0xb8, 0x20, 0x00, 0x50, 0xff, 0x76, 0x04
    db 0xe8, 0xa8, 0x29, 0x83, 0xc4, 0x04, 0x8b, 0xf0
    db 0x46, 0xff, 0x76, 0x06, 0x56, 0xe8, 0x21, 0x00
    db 0x83, 0xc4, 0x04, 0x0b, 0xc0, 0x74, 0x12, 0x8d
    db 0x46, 0x82, 0x50, 0xff, 0x76, 0x04, 0xe8, 0xf2
    db 0x0b, 0x83, 0xc4, 0x04, 0x5e, 0x8b, 0xe5, 0x5d
    db 0xc3, 0x2b, 0xc0, 0x5e, 0x8b, 0xe5, 0x5d, 0xc3
    db 0x90, 0x55, 0x8b, 0xec, 0x81, 0xec, 0x80, 0x00
    db 0x56, 0xff, 0x76, 0x04, 0x8d, 0x46, 0x80, 0x50
    db 0xe8, 0x0c, 0x29, 0x83, 0xc4, 0x04, 0x8b, 0x1e
    db 0x34, 0x71, 0x8b, 0x07, 0x89, 0x46, 0xe6, 0xff
    db 0x76, 0x04, 0xe8, 0x16, 0x29, 0x83, 0xc4, 0x02
    db 0x8b, 0xf0, 0x8b, 0x1e, 0x34, 0x71, 0x8b, 0x47
    db 0x06, 0x89, 0x46, 0x9a, 0x3d, 0x03, 0x00, 0x74
    db 0x05, 0x3d, 0x05, 0x00, 0x75, 0x1f, 0xb8, 0x01
    db 0x00, 0x50, 0xff, 0x76, 0x04, 0xff, 0x76, 0x04
    db 0xe8, 0xe0, 0x43, 0x83, 0xc4, 0x06, 0x89, 0x46
    db 0xe4, 0x0b, 0xc0, 0x7e, 0x08, 0xb8, 0x01, 0x00
    db 0x5e, 0x8b, 0xe5, 0x5d, 0xc3, 0xff, 0x76, 0x9a
    db 0xff, 0x76, 0x04, 0xff, 0x76, 0x04, 0xe8, 0xc2
    db 0x43, 0x83, 0xc4, 0x06, 0x89, 0x46, 0xe4, 0x40
    db 0x74, 0x09, 0x8b, 0x46, 0xe4, 0x5e, 0x8b, 0xe5
    db 0x5d, 0xc3, 0x90, 0x83, 0x7e, 0x9a, 0x19, 0x75
    db 0x1a, 0xb8, 0x01, 0x00, 0x50, 0xff, 0x76, 0x04
    db 0xff, 0x76, 0x04, 0xe8, 0x9d, 0x43, 0x83, 0xc4
    db 0x06, 0x89, 0x46, 0xe4, 0x0b, 0xc0, 0x7e, 0x20
    db 0xeb, 0xbb, 0x90, 0x83, 0x7e, 0x9a, 0x1b, 0x75
    db 0x17, 0xb8, 0x07, 0x00, 0x50, 0xff, 0x76, 0x04
    db 0xff, 0x76, 0x04, 0xe8, 0x7d, 0x43, 0x83, 0xc4
    db 0x06, 0x89, 0x46, 0xe4, 0x0b, 0xc0, 0x7f, 0x9d
    db 0x83, 0x7e, 0x9a, 0x01, 0x75, 0x5b, 0xb8, 0x03
    db 0x00, 0x50, 0x8d, 0x46, 0xb4, 0x50, 0xff, 0x76
    db 0x04, 0xe8, 0x5f, 0x43, 0x83, 0xc4, 0x06, 0x89
    db 0x46, 0xe4, 0x0b, 0xc0, 0x7e, 0x43, 0x8d, 0x46
    db 0xb4, 0x50, 0xe8, 0x5e, 0x28, 0x83, 0xc4, 0x02
    db 0x8b, 0xf0, 0xb8, 0x05, 0x00, 0x50, 0x8d, 0x46
    db 0xe8, 0x50, 0xff, 0x76, 0x04, 0xe8, 0x3b, 0x43
    db 0x83, 0xc4, 0x06, 0x89, 0x46, 0xe4, 0x0b, 0xc0
    db 0x7e, 0x0f, 0xc6, 0x04, 0x2f, 0x46, 0x8d, 0x46
    db 0xe8, 0x50, 0x56, 0xe8, 0x19, 0x28, 0x83, 0xc4
    db 0x04, 0x8d, 0x46, 0xb4, 0x50, 0xff, 0x76, 0x04
    db 0xe8, 0x0c, 0x28, 0x83, 0xc4, 0x04, 0xe9, 0x3c
    db 0xff, 0x8b, 0x1e, 0x34, 0x71, 0x8a, 0x47, 0x03
    db 0x2a, 0xe4, 0x3d, 0x09, 0x00, 0x76, 0x03, 0xe9
    db 0x80, 0x00, 0x03, 0xc0, 0x93, 0x2e, 0xff, 0xa7
    db 0x9c, 0x6e, 0x90, 0xff, 0x76, 0xe6, 0x56, 0xff
    db 0x76, 0x04, 0xe8, 0x3c, 0x03, 0xeb, 0x64, 0x83
    db 0x7e, 0x9a, 0x0b, 0x74, 0x06, 0x83, 0x7e, 0x9a
    db 0x0d, 0x75, 0x0c, 0xff, 0x76, 0xe6, 0x56, 0xff
    db 0x76, 0x04, 0xe8, 0xe4, 0x08, 0xeb, 0x4c, 0xff
    db 0x76, 0xe6, 0x56, 0xff, 0x76, 0x04, 0xe8, 0xd0
    db 0x03, 0x83, 0xc4, 0x06, 0x0b, 0xc0, 0x74, 0x42
    db 0xeb, 0x5b, 0x90, 0xff, 0x76, 0xe6, 0x56, 0xff
    db 0x76, 0x04, 0xe8, 0xd2, 0x05, 0xeb, 0x2c, 0xb8
    db 0xa2, 0x25, 0x50, 0x56, 0xff, 0x76, 0x04, 0xe8
    db 0x21, 0x06, 0x83, 0xc4, 0x06, 0x0b, 0xc0, 0x74
    db 0x21, 0xff, 0x76, 0x04, 0xe8, 0xe6, 0xe3, 0x83
    db 0xc4, 0x02, 0x3d, 0x06, 0x00, 0x7d, 0x2e, 0xeb
    db 0x11, 0xff, 0x76, 0x06, 0x56, 0xff, 0x76, 0x04
    db 0xe8, 0x40, 0x00, 0x83, 0xc4, 0x06, 0x0b, 0xc0
    db 0x75, 0x1b, 0x2b, 0xc0, 0x5e, 0x8b, 0xe5, 0x5d
    db 0xc3, 0x84, 0x6e, 0x1e, 0x6e, 0x2a, 0x6e, 0x2a
    db 0x6e, 0x56, 0x6e, 0x62, 0x6e, 0x84, 0x6e, 0x84
    db 0x6e, 0x84, 0x6e, 0x84, 0x6e, 0xb8, 0xff, 0x00
    db 0x50, 0x8d, 0x46, 0x9c, 0x50, 0xff, 0x76, 0x04
    db 0xe8, 0x58, 0x42, 0x83, 0xc4, 0x06, 0x89, 0x46
    db 0xe4, 0x0b, 0xc0, 0x74, 0x03, 0xe9, 0x75, 0xfe
    db 0xeb, 0xc8, 0x90, 0x55, 0x8b, 0xec, 0x83, 0xec
    db 0x30, 0x57, 0x56, 0x8b, 0x76, 0x04, 0x8b, 0x7e
    db 0x06, 0x8a, 0x45, 0xff, 0x2a, 0xe4, 0x2d, 0x65
    db 0x00, 0x3d, 0x15, 0x00, 0x76, 0x03, 0xe9, 0x64
    db 0x02, 0x03, 0xc0, 0x93, 0x2e, 0xff, 0xa7, 0x24
    db 0x71, 0xc6, 0x05, 0x73, 0xc6, 0x45, 0x01, 0x00
    db 0x56, 0xe8, 0xe7, 0x41, 0x83, 0xc4, 0x02, 0x0b
    db 0xc0, 0x74, 0x0a, 0xb8, 0x01, 0x00, 0x5e, 0x5f
    db 0x8b, 0xe5, 0x5d, 0xc3, 0x90, 0xc6, 0x45, 0xff
    db 0x69, 0xc6, 0x05, 0x65, 0x47, 0xe9, 0x35, 0x02
    db 0x90, 0xc6, 0x05, 0x73, 0xc6, 0x45, 0x01, 0x00
    db 0x56, 0xe8, 0xbf, 0x41, 0x83, 0xc4, 0x02, 0x0b
    db 0xc0, 0x74, 0xe6, 0xeb, 0xd6, 0x80, 0x7d, 0xfe
    db 0x69, 0x75, 0x1c, 0x80, 0x7d, 0xfd, 0x73, 0x75
    db 0x16, 0xc6, 0x45, 0xfe, 0x65, 0xc6, 0x05, 0x00
    db 0x56, 0xe8, 0x9f, 0x41, 0x83, 0xc4, 0x02, 0x0b
    db 0xc0, 0x75, 0xb8, 0xc6, 0x45, 0xfe, 0x69, 0x80
    db 0x7d, 0xfe, 0x75, 0x75, 0x21, 0x83, 0x7e, 0x08
    db 0x05, 0x75, 0x1b, 0xc6, 0x45, 0xfe, 0x69, 0xc6
    db 0x45, 0xff, 0x00, 0x56, 0xe8, 0x7c, 0x41, 0x83
    db 0xc4, 0x02, 0x0b, 0xc0, 0x75, 0x95, 0xc6, 0x45
    db 0xfe, 0x75, 0xc6, 0x45, 0xff, 0x73, 0xb8, 0xa7
    db 0x25, 0x50, 0x57, 0xe8, 0x89, 0x26, 0x83, 0xc4
    db 0x04, 0xeb, 0x9d, 0x80, 0x7d, 0xfe, 0x69, 0x74
    db 0x06, 0x80, 0x7d, 0xfe, 0x65, 0x75, 0x4a, 0x83
    db 0x7e, 0x08, 0x05, 0x75, 0x44, 0x8a, 0x45, 0xfe
    db 0x88, 0x46, 0xe8, 0xb8, 0xab, 0x25, 0x50, 0x8d
    db 0x46, 0xe9, 0x50, 0xe8, 0x61, 0x26, 0x83, 0xc4
    db 0x04, 0x8d, 0x46, 0xe8, 0x50, 0x8d, 0x46, 0xd0
    db 0x50, 0xe8, 0x53, 0x26, 0x83, 0xc4, 0x04, 0xc6
    db 0x46, 0xd0, 0x69, 0xc6, 0x46, 0xd1, 0x63, 0x8d
    db 0x46, 0xd0, 0x50, 0x8d, 0x46, 0xe8, 0x50, 0x8d
    db 0x45, 0xfe, 0x50, 0x56, 0xe8, 0xb4, 0x06, 0x83
    db 0xc4, 0x08, 0x5e, 0x5f, 0x8b, 0xe5, 0x5d, 0xc3
    db 0x90, 0xc6, 0x05, 0x65, 0x47, 0xc6, 0x05, 0x73
    db 0x47, 0xc6, 0x05, 0x00, 0x56, 0xe8, 0xfb, 0x40
    db 0x83, 0xc4, 0x02, 0x0b, 0xc0, 0x74, 0x03, 0xe9
    db 0x11, 0xff, 0xc6, 0x04, 0x00, 0xc6, 0x46, 0xe8
    db 0x73, 0xc6, 0x46, 0xd0, 0x78, 0x2a, 0xc0, 0x88
    db 0x46, 0xd1, 0x88, 0x46, 0xe9, 0x8d, 0x46, 0xd0
    db 0x50, 0x8d, 0x46, 0xe8, 0x50, 0x57, 0xeb, 0xbb
    db 0x90, 0xb8, 0xaf, 0x25, 0xe9, 0x62, 0xff, 0x80
    db 0x7d, 0xfe, 0x66, 0x75, 0x03, 0xe9, 0x2d, 0x01
    db 0xc6, 0x05, 0x73, 0x47, 0xc6, 0x05, 0x00, 0x56
    db 0xe8, 0xb8, 0x40, 0x83, 0xc4, 0x02, 0x0b, 0xc0
    db 0x74, 0x03, 0xe9, 0xce, 0xfe, 0x83, 0xef, 0x02
    db 0xc6, 0x05, 0x76, 0x47, 0xe9, 0xd2, 0xfe, 0x80
    db 0x7d, 0xfd, 0x65, 0x75, 0x09, 0x80, 0x7d, 0xfe
    db 0x73, 0x75, 0x03, 0xe9, 0xb5, 0xfe, 0xc6, 0x05
    db 0x73, 0xc6, 0x45, 0x01, 0x00, 0x56, 0xe8, 0x8a
    db 0x40, 0x83, 0xc4, 0x02, 0x0b, 0xc0, 0x74, 0x03
    db 0xe9, 0xa0, 0xfe, 0x80, 0x7d, 0xfe, 0x66, 0x75
    db 0x12, 0xc6, 0x45, 0xfe, 0x76, 0x56, 0xe8, 0x72
    db 0x40, 0x83, 0xc4, 0x02, 0x0b, 0xc0, 0x74, 0x03
    db 0xe9, 0x88, 0xfe, 0x2b, 0xc0, 0x5e, 0x5f, 0x8b
    db 0xe5, 0x5d, 0xc3, 0x83, 0x7e, 0x08, 0x0a, 0x75
    db 0x34, 0xb8, 0x01, 0x00, 0x8a, 0x4d, 0xfe, 0x80
    db 0xe9, 0x61, 0xd3, 0xe0, 0x99, 0x25, 0x11, 0x41
    db 0x81, 0xe2, 0x10, 0x01, 0x0b, 0xd0, 0x75, 0x1d
    db 0xc6, 0x05, 0x65, 0xc6, 0x45, 0x01, 0x73, 0xc6
    db 0x45, 0x02, 0x00, 0x56, 0xe8, 0x34, 0x40, 0x83
    db 0xc4, 0x02, 0x0b, 0xc0, 0x75, 0x03, 0xe9, 0x94
    db 0x00, 0xe9, 0x47, 0xfe, 0x90, 0xc6, 0x46, 0xe8
    db 0x65, 0xc6, 0x46, 0xe9, 0x73, 0xc6, 0x46, 0xd0
    db 0x73, 0x2a, 0xc0, 0x88, 0x46, 0xd1, 0x88, 0x46
    db 0xea, 0xe9, 0x31, 0xff, 0x90, 0x80, 0x7d, 0xfe
    db 0x61, 0x75, 0x72, 0x80, 0x7d, 0xfd, 0x6d, 0x75
    db 0x6c, 0xc6, 0x45, 0xfe, 0x65, 0x56, 0xe8, 0xfa
    db 0x3f, 0x83, 0xc4, 0x02, 0x0b, 0xc0, 0x74, 0x03
    db 0xe9, 0x10, 0xfe, 0xc6, 0x45, 0xfe, 0x61, 0xeb
    db 0x54, 0x80, 0x7d, 0xfe, 0x75, 0x75, 0x4e, 0x83
    db 0x7e, 0x08, 0x05, 0x75, 0x48, 0xc6, 0x46, 0xe8
    db 0x75, 0xc6, 0x46, 0xe9, 0x6d, 0xc6, 0x46, 0xea
    db 0x73, 0xc6, 0x46, 0xd0, 0x61, 0x2a, 0xc0, 0x88
    db 0x46, 0xd1, 0x88, 0x46, 0xeb, 0xe9, 0x9f, 0xfe
    db 0x90, 0x42, 0x70, 0x1a, 0x70, 0x50, 0x71, 0x1c
    db 0x6f, 0x50, 0x71, 0x50, 0x71, 0x50, 0x71, 0x50
    db 0x71, 0xfc, 0x70, 0xd8, 0x70, 0x86, 0x70, 0x50
    db 0x71, 0x50, 0x71, 0x50, 0x71, 0x30, 0x6f, 0x50
    db 0x71, 0xf8, 0x6f, 0x50, 0x71, 0x50, 0x71, 0x86
    db 0x6f, 0xf4, 0x6e, 0x14, 0x70, 0xc6, 0x05, 0x73
    db 0x47, 0xc6, 0x05, 0x00, 0x56, 0xe8, 0x8b, 0x3f
    db 0x83, 0xc4, 0x02, 0x5e, 0x5f, 0x8b, 0xe5, 0x5d
    db 0xc3, 0x55, 0x8b, 0xec, 0x57, 0x56, 0x8b, 0x76
    db 0x04, 0x8b, 0x7e, 0x06, 0x8a, 0x45, 0xff, 0x2a
    db 0xe4, 0x3d, 0x63, 0x00, 0x74, 0x75, 0x3d, 0x65
    db 0x00, 0x74, 0x50, 0x3d, 0x6c, 0x00, 0x74, 0x37
    db 0x3d, 0x79, 0x00, 0x75, 0x39, 0xc6, 0x45, 0xff
    db 0x69, 0xff, 0x76, 0x08, 0x57, 0xe8, 0x77, 0x24
    db 0x83, 0xc4, 0x04, 0x56, 0xe8, 0x4c, 0x3f, 0x83
    db 0xc4, 0x02, 0x0b, 0xc0, 0x74, 0x09, 0xb8, 0x01
    db 0x00, 0x5e, 0x5f, 0x5d, 0xc3, 0x90, 0x90, 0xc6
    db 0x45, 0xff, 0x79, 0x56, 0xe8, 0x34, 0x3f, 0x83
    db 0xc4, 0x02, 0x5e, 0x5f, 0x5d, 0xc3, 0x90, 0x80
    db 0x7d, 0xfe, 0x6c, 0x75, 0x01, 0x4f, 0xff, 0x76
    db 0x08, 0x57, 0xe8, 0x42, 0x24, 0x83, 0xc4, 0x04
    db 0xeb, 0xe1, 0x90, 0x80, 0x7d, 0xfe, 0x6c, 0x75
    db 0xed, 0x80, 0x7d, 0xfd, 0x62, 0x75, 0xe7, 0xc6
    db 0x45, 0xff, 0x79, 0xc6, 0x05, 0x00, 0x56, 0xe8
    db 0x01, 0x3f, 0x83, 0xc4, 0x02, 0x0b, 0xc0, 0x75
    db 0xb5, 0xeb, 0xd3, 0xff, 0x76, 0x08, 0x57, 0xe8
    db 0x15, 0x24, 0x83, 0xc4, 0x04, 0x56, 0xe8, 0xea
    db 0x3e, 0x83, 0xc4, 0x02, 0x0b, 0xc0, 0x75, 0x9e
    db 0x80, 0x7d, 0xfe, 0x69, 0x74, 0x06, 0x80, 0x7d
    db 0xfe, 0x61, 0x75, 0x07, 0xb8, 0xb3, 0x25, 0x50
    db 0xeb, 0xaf, 0x90, 0x2b, 0xc0, 0x5e, 0x5f, 0x5d
    db 0xc3, 0x55, 0x8b, 0xec, 0x83, 0xec, 0x30, 0x57
    db 0x56, 0x8b, 0x76, 0x04, 0x8b, 0x7e, 0x06, 0x8b
    db 0x1e, 0x34, 0x71, 0x83, 0x7f, 0x06, 0x13, 0x75
    db 0x3e, 0xff, 0x76, 0x08, 0x57, 0xe8, 0xcf, 0x23
    db 0x83, 0xc4, 0x04, 0x56, 0xe8, 0xa4, 0x3e, 0x83
    db 0xc4, 0x02, 0x0b, 0xc0, 0x74, 0x09, 0xb8, 0x01
    db 0x00, 0x5e, 0x5f, 0x8b, 0xe5, 0x5d, 0xc3, 0x80
    db 0x7d, 0xff, 0x79, 0x75, 0x12, 0xc6, 0x45, 0xff
    db 0x69, 0x56, 0xe8, 0x86, 0x3e, 0x83, 0xc4, 0x02
    db 0x5e, 0x5f, 0x8b, 0xe5, 0x5d, 0xc3, 0x90, 0x2b
    db 0xc0, 0x5e, 0x5f, 0x8b, 0xe5, 0x5d, 0xc3, 0x8a
    db 0x45, 0xff, 0x2a, 0xe4, 0x2d, 0x61, 0x00, 0x3d
    db 0x18, 0x00, 0x76, 0x03, 0xe9, 0x52, 0x01, 0x03
    db 0xc0, 0x93, 0x2e, 0xff, 0xa7, 0xf2, 0x73, 0xc6
    db 0x45, 0xff, 0x69, 0xff, 0x76, 0x08, 0x57, 0xe8
    db 0x75, 0x23, 0x83, 0xc4, 0x04, 0x56, 0xe8, 0x4a
    db 0x3e, 0x83, 0xc4, 0x02, 0x0b, 0xc0, 0x75, 0xa6
    db 0xc6, 0x45, 0xff, 0x79, 0xe9, 0x7a, 0x01, 0x8b
    db 0x1e, 0x34, 0x71, 0x83, 0x7f, 0x06, 0x17, 0x75
    db 0x6a, 0x80, 0x7d, 0xfe, 0x69, 0x75, 0x46, 0x83
    db 0xef, 0x02, 0xff, 0x76, 0x08, 0x57, 0x8d, 0x46
    db 0xd0, 0x50, 0xe8, 0x42, 0x23, 0x83, 0xc4, 0x04
    db 0x50, 0xe8, 0x3b, 0x23, 0x83, 0xc4, 0x04, 0xc6
    db 0x46, 0xe8, 0x79, 0xff, 0x76, 0x08, 0x8d, 0x46
    db 0xe9, 0x50, 0xe8, 0x2a, 0x23, 0x83, 0xc4, 0x04
    db 0x8d, 0x46, 0xd0, 0x50, 0x8d, 0x46, 0xe8, 0x50
    db 0x57, 0x56, 0xe8, 0x96, 0x03, 0x83, 0xc4, 0x08
    db 0x0b, 0xc0, 0x74, 0x03, 0xe9, 0x4f, 0xff, 0x83
    db 0xc7, 0x02, 0xeb, 0x1f, 0x90, 0x80, 0x7d, 0xfe
    db 0x79, 0x75, 0x18, 0xff, 0x76, 0x08, 0x57, 0xe8
    db 0xfd, 0x22, 0x83, 0xc4, 0x04, 0x56, 0xe8, 0xd2
    db 0x3d, 0x83, 0xc4, 0x02, 0x0b, 0xc0, 0x74, 0x03
    db 0xe9, 0x2b, 0xff, 0x4f, 0xff, 0x76, 0x08, 0x57
    db 0xe8, 0xe4, 0x22, 0x83, 0xc4, 0x04, 0x56, 0xe8
    db 0xb9, 0x3d, 0x83, 0xc4, 0x02, 0x0b, 0xc0, 0x74
    db 0x03, 0xe9, 0x12, 0xff, 0xc6, 0x05, 0x65, 0x47
    db 0xe9, 0xe6, 0x00, 0xff, 0x76, 0x08, 0x57, 0xe8
    db 0xc5, 0x22, 0x83, 0xc4, 0x04, 0x56, 0xe8, 0x9a
    db 0x3d, 0x83, 0xc4, 0x02, 0x0b, 0xc0, 0x75, 0x03
    db 0xe9, 0xce, 0x00, 0xe9, 0xf0, 0xfe, 0x90, 0x80
    db 0x7d, 0xfe, 0x61, 0x74, 0x06, 0x80, 0x7d, 0xfe
    db 0x69, 0x75, 0x1c, 0xc6, 0x05, 0x6b, 0x47, 0xff
    db 0x76, 0x08, 0x57, 0xe8, 0x99, 0x22, 0x83, 0xc4
    db 0x04, 0x56, 0xe8, 0x6e, 0x3d, 0x83, 0xc4, 0x02
    db 0x0b, 0xc0, 0x74, 0x03, 0xe9, 0xc7, 0xfe, 0x4f
    db 0xe9, 0x9e, 0x00, 0xff, 0x76, 0x08, 0x8d, 0x46
    db 0xe8, 0x50, 0xe8, 0x7a, 0x22, 0x83, 0xc4, 0x04
    db 0x8a, 0x45, 0xff, 0x88, 0x46, 0xd0, 0xff, 0x76
    db 0x08, 0x8d, 0x46, 0xd1, 0x50, 0xe8, 0x67, 0x22
    db 0x83, 0xc4, 0x04, 0x8d, 0x46, 0xd0, 0x50, 0x8d
    db 0x46, 0xe8, 0x50, 0x57, 0x56, 0xe8, 0xd3, 0x02
    db 0x83, 0xc4, 0x08, 0x5e, 0x5f, 0x8b, 0xe5, 0x5d
    db 0xc3, 0xff, 0x76, 0x08, 0x57, 0xe8, 0x47, 0x22
    db 0x83, 0xc4, 0x04, 0x56, 0xe8, 0x1c, 0x3d, 0x83
    db 0xc4, 0x02, 0x0b, 0xc0, 0x74, 0x03, 0xe9, 0x75
    db 0xfe, 0x8a, 0x45, 0xff, 0x88, 0x05, 0x47, 0xff
    db 0x76, 0x08, 0x57, 0xe8, 0x29, 0x22, 0x83, 0xc4
    db 0x04, 0x56, 0xe8, 0xfe, 0x3c, 0x83, 0xc4, 0x02
    db 0x0b, 0xc0, 0x74, 0x93, 0xe9, 0x57, 0xfe, 0x24
    db 0x74, 0xd4, 0x73, 0x5a, 0x73, 0xd4, 0x73, 0xaa
    db 0x72, 0xd4, 0x73, 0xd4, 0x73, 0x3e, 0x73, 0x24
    db 0x74, 0xd4, 0x73, 0xd4, 0x73, 0x86, 0x73, 0xd4
    db 0x73, 0xd4, 0x73, 0x24, 0x74, 0xd4, 0x73, 0xd4
    db 0x73, 0xd4, 0x73, 0xbc, 0x73, 0xd4, 0x73, 0x24
    db 0x74, 0xd4, 0x73, 0xd4, 0x73, 0xd4, 0x73, 0x8a
    db 0x72, 0xff, 0x76, 0x08, 0x57, 0xe8, 0xdf, 0x21
    db 0x83, 0xc4, 0x04, 0xe9, 0x2b, 0xfe, 0x90, 0x55
    db 0x8b, 0xec, 0x57, 0x56, 0x8b, 0x76, 0x04, 0x8b
    db 0x7e, 0x06, 0xff, 0x76, 0x08, 0x57, 0xe8, 0xc6
    db 0x21, 0x83, 0xc4, 0x04, 0x56, 0xe8, 0x9b, 0x3c
    db 0x83, 0xc4, 0x02, 0x0b, 0xc0, 0x74, 0x08, 0xb8
    db 0x01, 0x00, 0x5e, 0x5f, 0x5d, 0xc3, 0x90, 0xc6
    db 0x05, 0x00, 0xb8, 0xb8, 0x25, 0x50, 0x8d, 0x45
    db 0xfd, 0x50, 0xe8, 0x36, 0x22, 0x83, 0xc4, 0x04
    db 0x0b, 0xc0, 0x75, 0x19, 0xff, 0x76, 0x08, 0x8d
    db 0x45, 0xff, 0x50, 0xe8, 0x91, 0x21, 0x83, 0xc4
    db 0x04, 0x56, 0xe8, 0x66, 0x3c, 0x83, 0xc4, 0x02
    db 0x5e, 0x5f, 0x5d, 0xc3, 0x90, 0x2b, 0xc0, 0x5e
    db 0x5f, 0x5d, 0xc3, 0x55, 0x8b, 0xec, 0x83, 0xec
    db 0x18, 0x57, 0x56, 0x8b, 0x76, 0x04, 0x8b, 0x7e
    db 0x06, 0xff, 0x76, 0x08, 0x8d, 0x46, 0xe8, 0x50
    db 0xe8, 0x64, 0x21, 0x83, 0xc4, 0x04, 0xc6, 0x46
    db 0xe8, 0x69, 0x8a, 0x45, 0xfe, 0x38, 0x45, 0xff
    db 0x75, 0x17, 0xff, 0x76, 0x08, 0x57, 0xe8, 0x4e
    db 0x21, 0x83, 0xc4, 0x04, 0x56, 0xe8, 0x23, 0x3c
    db 0x83, 0xc4, 0x02, 0x5e, 0x5f, 0x8b, 0xe5, 0x5d
    db 0xc3, 0x8a, 0x45, 0xff, 0x2a, 0xe4, 0x2d, 0x62
    db 0x00, 0x3d, 0x17, 0x00, 0x76, 0x03, 0xe9, 0x8a
    db 0x01, 0x03, 0xc0, 0x93, 0x2e, 0xff, 0xa7, 0x36
    db 0x76, 0xc6, 0x45, 0xff, 0x69, 0xff, 0x76, 0x08
    db 0x57, 0xe8, 0x1b, 0x21, 0x83, 0xc4, 0x04, 0x56
    db 0xe8, 0xf0, 0x3b, 0x83, 0xc4, 0x02, 0x0b, 0xc0
    db 0x74, 0x09, 0xb8, 0x01, 0x00, 0x5e, 0x5f, 0x8b
    db 0xe5, 0x5d, 0xc3, 0xc6, 0x45, 0xff, 0x79, 0xe9
    db 0x59, 0x01, 0x90, 0x8a, 0x45, 0xff, 0x88, 0x05
    db 0xff, 0x76, 0x08, 0x8d, 0x45, 0x01, 0x50, 0xe8
    db 0xed, 0x20, 0x83, 0xc4, 0x04, 0x56, 0xe8, 0xc2
    db 0x3b, 0x83, 0xc4, 0x02, 0x0b, 0xc0, 0x75, 0xd2
    db 0x8d, 0x46, 0xe8, 0x50, 0x57, 0xe8, 0xd7, 0x20
    db 0x83, 0xc4, 0x04, 0x56, 0xe8, 0xac, 0x3b, 0x83
    db 0xc4, 0x02, 0x0b, 0xc0, 0x75, 0xbc, 0xc6, 0x45
    db 0xff, 0x73, 0x56, 0xe8, 0x9d, 0x3b, 0x83, 0xc4
    db 0x02, 0x0b, 0xc0, 0x75, 0xad, 0xc6, 0x45, 0xff
    db 0x64, 0xe9, 0x5e, 0xff, 0x90, 0x8a, 0x45, 0xff
    db 0x88, 0x05, 0xff, 0x76, 0x08, 0x8d, 0x45, 0x01
    db 0x50, 0xe8, 0xa3, 0x20, 0x83, 0xc4, 0x04, 0x56
    db 0xe8, 0x78, 0x3b, 0x83, 0xc4, 0x02, 0x0b, 0xc0
    db 0x75, 0x88, 0x80, 0x7d, 0xfe, 0x69, 0x75, 0x27
    db 0xc6, 0x45, 0xff, 0x73, 0xc6, 0x05, 0x73, 0x8d
    db 0x46, 0xe8, 0x50, 0x8d, 0x45, 0x01, 0x50, 0xe8
    db 0x7d, 0x20, 0x83, 0xc4, 0x04, 0x56, 0xe8, 0x52
    db 0x3b, 0x83, 0xc4, 0x02, 0x0b, 0xc0, 0x74, 0x03
    db 0xe9, 0x5f, 0xff, 0xc6, 0x45, 0xff, 0x74, 0x8d
    db 0x46, 0xe8, 0x50, 0x57, 0xe8, 0x60, 0x20, 0x83
    db 0xc4, 0x04, 0x56, 0xe8, 0x35, 0x3b, 0x83, 0xc4
    db 0x02, 0x0b, 0xc0, 0x74, 0x03, 0xe9, 0x42, 0xff
    db 0xe9, 0xf7, 0xfe, 0x8a, 0x45, 0xff, 0x88, 0x05
    db 0xff, 0x76, 0x08, 0x8d, 0x45, 0x01, 0x50, 0xeb
    db 0xdb, 0xff, 0x76, 0x08, 0x8d, 0x45, 0xff, 0x50
    db 0xe8, 0x34, 0x20, 0x83, 0xc4, 0x04, 0x56, 0xe8
    db 0x09, 0x3b, 0x83, 0xc4, 0x02, 0x0b, 0xc0, 0x74
    db 0x03, 0xe9, 0x16, 0xff, 0x8d, 0x46, 0xe8, 0x50
    db 0x8d, 0x45, 0xff, 0x50, 0xe8, 0x18, 0x20, 0x83
    db 0xc4, 0x04, 0x56, 0xe8, 0xed, 0x3a, 0x83, 0xc4
    db 0x02, 0x0b, 0xc0, 0x74, 0x03, 0xe9, 0xfa, 0xfe
    db 0x80, 0x7d, 0xfd, 0x61, 0x75, 0x25, 0x80, 0x7d
    db 0xfe, 0x74, 0x75, 0x1f, 0xff, 0x76, 0x08, 0x8d
    db 0x45, 0xfd, 0x50, 0xe8, 0xf1, 0x1f, 0x83, 0xc4
    db 0x04, 0x56, 0xe8, 0xc6, 0x3a, 0x83, 0xc4, 0x02
    db 0x0b, 0xc0, 0x74, 0x03, 0xe9, 0xd3, 0xfe, 0xc6
    db 0x45, 0xfe, 0x74, 0xc6, 0x45, 0xff, 0x65, 0xe9
    db 0x80, 0xfe, 0x90, 0xbe, 0x75, 0x66, 0x76, 0x0e
    db 0x75, 0xcc, 0x75, 0xbe, 0x75, 0xbe, 0x75, 0x66
    db 0x76, 0x66, 0x76, 0x66, 0x76, 0x66, 0x76, 0xbe
    db 0x75, 0xbe, 0x75, 0xbe, 0x75, 0x66, 0x76, 0xbe
    db 0x75, 0x66, 0x76, 0xbe, 0x75, 0x66, 0x76, 0x58
    db 0x75, 0x66, 0x76, 0x66, 0x76, 0x66, 0x76, 0x66
    db 0x76, 0xe4, 0x74, 0xff, 0x76, 0x08, 0x57, 0xe8
    db 0x9d, 0x1f, 0x83, 0xc4, 0x04, 0x56, 0xe8, 0x72
    db 0x3a, 0x83, 0xc4, 0x02, 0x0b, 0xc0, 0x74, 0x03
    db 0xe9, 0x7f, 0xfe, 0x8d, 0x46, 0xe8, 0x50, 0xe9
    db 0x33, 0xfe, 0x90, 0x55, 0x8b, 0xec, 0x83, 0xec
    db 0x34, 0x57, 0x56, 0x8b, 0x76, 0x04, 0x8b, 0x7e
    db 0x06, 0xc6, 0x05, 0x00, 0x8d, 0x46, 0xcc, 0x89
    db 0x46, 0xfe, 0xff, 0x76, 0x08, 0x56, 0x8d, 0x46
    db 0xcc, 0x50, 0xe8, 0x62, 0x1f, 0x83, 0xc4, 0x04
    db 0x50, 0xe8, 0x5b, 0x1f, 0x83, 0xc4, 0x04, 0x40
    db 0x89, 0x46, 0xfc, 0xff, 0x76, 0x0a, 0x56, 0x50
    db 0xe8, 0x4c, 0x1f, 0x83, 0xc4, 0x04, 0x50, 0xe8
    db 0x45, 0x1f, 0x83, 0xc4, 0x04, 0xff, 0x76, 0xfe
    db 0xe8, 0x18, 0x3a, 0x83, 0xc4, 0x02, 0x0b, 0xc0
    db 0x75, 0x06, 0x8b, 0x46, 0xfc, 0x89, 0x46, 0xfe
    db 0xff, 0x76, 0xfc, 0xe8, 0x05, 0x3a, 0x83, 0xc4
    db 0x02, 0x0b, 0xc0, 0x75, 0x06, 0x8b, 0x5e, 0xfc
    db 0xc6, 0x07, 0x00, 0x8b, 0x5e, 0xfe, 0x80, 0x3f
    db 0x00, 0x74, 0x26, 0x8b, 0x46, 0xfc, 0x3b, 0xd8
    db 0x74, 0x0b, 0x8b, 0xd8, 0x80, 0x3f, 0x00, 0x74
    db 0x04, 0xc6, 0x47, 0xff, 0x0e, 0xff, 0x76, 0xfe
    db 0x56, 0xe8, 0xfb, 0x1e, 0x83, 0xc4, 0x04, 0xb8
    db 0x01, 0x00, 0x5e, 0x5f, 0x8b, 0xe5, 0x5d, 0xc3
    db 0x90, 0x2b, 0xc0, 0x5e, 0x5f, 0x8b, 0xe5, 0x5d
    db 0xc3, 0x55, 0x8b, 0xec, 0x83, 0xec, 0x60, 0x57
    db 0x56, 0x8b, 0x76, 0x04, 0x8b, 0x7e, 0x06, 0x8b
    db 0x1e, 0x34, 0x71, 0x83, 0x7f, 0x06, 0x0b, 0x75
    db 0x14, 0xb8, 0xbc, 0x25, 0x50, 0x8d, 0x46, 0xe8
    db 0x50, 0xe8, 0xc3, 0x1e, 0x83, 0xc4, 0x04, 0xb8
    db 0xc0, 0x25, 0xeb, 0x12, 0x90, 0xb8, 0xc6, 0x25
    db 0x50, 0x8d, 0x46, 0xe8, 0x50, 0xe8, 0xaf, 0x1e
    db 0x83, 0xc4, 0x04, 0xb8, 0xc9, 0x25, 0x50, 0x8d
    db 0x46, 0xa0, 0x50, 0xe8, 0xa1, 0x1e, 0x83, 0xc4
    db 0x04, 0x8a, 0x45, 0xff, 0x2a, 0xe4, 0x3d, 0x65
    db 0x00, 0x75, 0x03, 0xe9, 0xb1, 0x00, 0x3d, 0x6c
    db 0x00, 0x75, 0x03, 0xe9, 0xdb, 0x00, 0x3d, 0x79
    db 0x00, 0x74, 0x34, 0x88, 0x05, 0x47, 0x8d, 0x46
    db 0xe8, 0x50, 0x57, 0xe8, 0x79, 0x1e, 0x83, 0xc4
    db 0x04, 0x56, 0xe8, 0x4e, 0x39, 0x83, 0xc4, 0x02
    db 0x0b, 0xc0, 0x74, 0x15, 0xff, 0x76, 0x08, 0x57
    db 0xe8, 0x64, 0x1e, 0x83, 0xc4, 0x04, 0x56, 0xe8
    db 0x39, 0x39, 0x83, 0xc4, 0x02, 0x0b, 0xc0, 0x75
    db 0x35, 0x4f, 0xc6, 0x05, 0x00, 0xeb, 0x3c, 0xc6
    db 0x45, 0xff, 0x69, 0x8d, 0x46, 0xe8, 0x50, 0x57
    db 0xe8, 0x44, 0x1e, 0x83, 0xc4, 0x04, 0x56, 0xe8
    db 0x19, 0x39, 0x83, 0xc4, 0x02, 0x0b, 0xc0, 0x74
    db 0x1e, 0xff, 0x76, 0x08, 0x57, 0xe8, 0x2f, 0x1e
    db 0x83, 0xc4, 0x04, 0x56, 0xe8, 0x04, 0x39, 0x83
    db 0xc4, 0x02, 0x0b, 0xc0, 0x74, 0x09, 0xb8, 0x01
    db 0x00, 0x5e, 0x5f, 0x8b, 0xe5, 0x5d, 0xc3, 0xc6
    db 0x45, 0xff, 0x79, 0x8d, 0x46, 0xe8, 0x50, 0x57
    db 0xe8, 0x0c, 0x1e, 0x83, 0xc4, 0x04, 0x56, 0xe8
    db 0xe1, 0x38, 0x83, 0xc4, 0x02, 0x0b, 0xc0, 0x75
    db 0x03, 0xe9, 0x9b, 0x00, 0xff, 0x76, 0x08, 0x57
    db 0xe8, 0xf4, 0x1d, 0x83, 0xc4, 0x04, 0x56, 0xe8
    db 0xc9, 0x38, 0x83, 0xc4, 0x02, 0x0b, 0xc0, 0x75
    db 0x03, 0xe9, 0x83, 0x00, 0xeb, 0xc0, 0x90, 0x4f
    db 0x8d, 0x46, 0xe8, 0x50, 0x57, 0xe8, 0xd7, 0x1d
    db 0x83, 0xc4, 0x04, 0x56, 0xe8, 0xac, 0x38, 0x83
    db 0xc4, 0x02, 0x0b, 0xc0, 0x74, 0x15, 0xff, 0x76
    db 0x08, 0x57, 0xe8, 0xc2, 0x1d, 0x83, 0xc4, 0x04
    db 0x56, 0xe8, 0x97, 0x38, 0x83, 0xc4, 0x02, 0x0b
    db 0xc0, 0x75, 0x93, 0xc6, 0x05, 0x65, 0x47, 0xeb
    db 0x9a, 0x8d, 0x46, 0xe8, 0x50, 0x57, 0xe8, 0xa6
    db 0x1d, 0x83, 0xc4, 0x04, 0x56, 0xe8, 0x7b, 0x38
    db 0x83, 0xc4, 0x02, 0x0b, 0xc0, 0x74, 0x84, 0xff
    db 0x76, 0x08, 0x8d, 0x46, 0xd0, 0x50, 0xe8, 0x8e
    db 0x1d, 0x83, 0xc4, 0x04, 0xc6, 0x46, 0xb8, 0x6c
    db 0xff, 0x76, 0x08, 0x8d, 0x46, 0xb9, 0x50, 0xe8
    db 0x7d, 0x1d, 0x83, 0xc4, 0x04, 0x8d, 0x46, 0xb8
    db 0x50, 0x8d, 0x46, 0xd0, 0x50, 0x57, 0x56, 0xe8
    db 0xe9, 0xfd, 0x83, 0xc4, 0x08, 0x0b, 0xc0, 0x74
    db 0x03, 0xe9, 0x42, 0xff, 0xe9, 0x4c, 0xff, 0xc6
    db 0x05, 0x00, 0x56, 0x8d, 0x46, 0xa0, 0x50, 0xe8
    db 0x71, 0x1d, 0x83, 0xc4, 0x02, 0x50, 0xe8, 0x4e
    db 0x1d, 0x83, 0xc4, 0x04, 0x8d, 0x46, 0xa0, 0x50
    db 0x56, 0xe8, 0x43, 0x1d, 0x83, 0xc4, 0x04, 0xe9
    db 0x1c, 0xff, 0x90, 0x55, 0x8b, 0xec, 0x83, 0xec
    db 0x68, 0x57, 0x56, 0x8b, 0x7e, 0x04, 0x8d, 0x46
    db 0xca, 0x89, 0x46, 0xfa, 0x8b, 0xf0, 0xc7, 0x46
    db 0x98, 0x00, 0x00, 0xeb, 0x40, 0x80, 0x3d, 0x0e
    db 0x74, 0x05, 0x80, 0x3d, 0x2f, 0x75, 0x2b, 0xc7
    db 0x46, 0x98, 0x01, 0x00, 0xff, 0x76, 0x06, 0xff
    db 0x76, 0xfa, 0xe8, 0x0a, 0x1d, 0x83, 0xc4, 0x04
    db 0x89, 0x46, 0xfa, 0xb8, 0xff, 0x00, 0x50, 0x8d
    db 0x46, 0x9a, 0x50, 0x56, 0xe8, 0x04, 0x38, 0x83
    db 0xc4, 0x06, 0x0b, 0xc0, 0x74, 0x51, 0x8b, 0x76
    db 0xfa, 0x46, 0x8b, 0x5e, 0xfa, 0xff, 0x46, 0xfa
    db 0x8a, 0x05, 0x47, 0x88, 0x07, 0x80, 0x3d, 0x00
    db 0x75, 0xbb, 0xff, 0x76, 0x06, 0xff, 0x76, 0xfa
    db 0xe8, 0xd4, 0x1c, 0x83, 0xc4, 0x04, 0x8d, 0x46
    db 0xca, 0x50, 0xff, 0x76, 0x04, 0xe8, 0xc7, 0x1c
    db 0x83, 0xc4, 0x04, 0x83, 0x7e, 0x98, 0x00, 0x75
    db 0x15, 0xb8, 0xff, 0x00, 0x50, 0x8d, 0x46, 0x9a
    db 0x50, 0xff, 0x76, 0x04, 0xe8, 0xbc, 0x37, 0x83
    db 0xc4, 0x06, 0x0b, 0xc0, 0x74, 0x09, 0xb8, 0x01
    db 0x00, 0x5e, 0x5f, 0x8b, 0xe5, 0x5d, 0xc3, 0x2b
    db 0xc0, 0x5e, 0x5f, 0x8b, 0xe5, 0x5d, 0xc3, 0x55
    db 0x8b, 0xec, 0x83, 0xec, 0x06, 0x57, 0x56, 0xb8
    db 0x08, 0x00, 0x50, 0xb8, 0x50, 0x96, 0x50, 0xe8
    db 0xcf, 0x0e, 0x83, 0xc4, 0x04, 0xc7, 0x46, 0xfe
    db 0x10, 0x00, 0xbe, 0x66, 0x71, 0x89, 0x36, 0x62
    db 0x96, 0x8b, 0x3e, 0x52, 0x96, 0x01, 0x7e, 0xfe
    db 0xb8, 0x08, 0x00, 0x50, 0xe8, 0x1c, 0x34, 0x83
    db 0xc4, 0x02, 0x88, 0x04, 0x46, 0x4f, 0x0b, 0xff
    db 0x7f, 0xee, 0xff, 0x36, 0x58, 0x96, 0xb8, 0x36
    db 0x71, 0xa3, 0x60, 0x96, 0x50, 0xe8, 0x99, 0x0e
    db 0x83, 0xc4, 0x04, 0xa1, 0x58, 0x96, 0xd1, 0xe0
    db 0x01, 0x46, 0xfe, 0xc7, 0x06, 0x64, 0x96, 0x30
    db 0x2b, 0xa1, 0x5c, 0x96, 0xb1, 0x03, 0xd3, 0xe0
    db 0x50, 0xe8, 0xdd, 0x35, 0x83, 0xc4, 0x02, 0x8b
    db 0x46, 0xfe, 0x03, 0x06, 0x5c, 0x96, 0x5e, 0x5f
    db 0x8b, 0xe5, 0x5d, 0xc3, 0x90, 0x55, 0x8b, 0xec
    db 0x83, 0xec, 0x02, 0x56, 0x8b, 0x76, 0x04, 0xb8
    db 0x20, 0x00, 0x50, 0x56, 0xe8, 0x40, 0x1c, 0x83
    db 0xc4, 0x04, 0x0b, 0xc0, 0x74, 0x05, 0xb8, 0x28
    db 0x85, 0xeb, 0x03, 0xb8, 0x1e, 0x7a, 0x89, 0x46
    db 0xfe, 0xff, 0x76, 0x08, 0xff, 0x76, 0x06, 0x56
    db 0xff, 0x56, 0xfe, 0x83, 0xc4, 0x06, 0x5e, 0x8b
    db 0xe5, 0x5d, 0xc3, 0x55, 0x8b, 0xec, 0x83, 0xec
    db 0x3c, 0x57, 0x56, 0x8b, 0x76, 0x04, 0x56, 0x8d
    db 0x46, 0xe4, 0x50, 0xe8, 0xd9, 0x1b, 0x83, 0xc4
    db 0x04, 0xc7, 0x46, 0xc6, 0x00, 0x00, 0x8b, 0xfe
    db 0xb8, 0xff, 0x00, 0x50, 0x8d, 0x46, 0xcc, 0x50
    db 0x56, 0xe8, 0xcf, 0x36, 0x83, 0xc4, 0x06, 0x89
    db 0x46, 0xfe, 0x40, 0x75, 0x03, 0xe9, 0xeb, 0x00
    db 0x83, 0x7e, 0xfe, 0x00, 0x75, 0x09, 0x2b, 0xc0
    db 0x5e, 0x5f, 0x8b, 0xe5, 0x5d, 0xc3, 0x90, 0x8d
    db 0x46, 0xcc, 0x50, 0x56, 0xe8, 0xa0, 0x1b, 0x83
    db 0xc4, 0x04, 0x83, 0x7e, 0xfe, 0x04, 0x75, 0x1b
    db 0xb8, 0x06, 0x00, 0x50, 0x8d, 0x46, 0xe4, 0x50
    db 0x8d, 0x46, 0xe4, 0x50, 0xe8, 0x94, 0x36, 0x83
    db 0xc4, 0x06, 0x0b, 0xc0, 0x7e, 0x05, 0xc7, 0x46
    db 0xfe, 0x02, 0x00, 0xff, 0x76, 0xfe, 0xe8, 0x50
    db 0x09, 0x83, 0xc4, 0x02, 0xa3, 0x80, 0x71, 0x0b
    db 0xc0, 0x74, 0xbb, 0x56, 0xe8, 0x84, 0x1b, 0x83
    db 0xc4, 0x02, 0x8b, 0xf8, 0xff, 0x76, 0xc6, 0xff
    db 0x76, 0x06, 0xff, 0x76, 0x08, 0x56, 0xe8, 0x84
    db 0x09, 0x83, 0xc4, 0x08, 0x89, 0x46, 0xc6, 0x8d
    db 0x46, 0xe4, 0x50, 0xe8, 0x65, 0x1b, 0x83, 0xc4
    db 0x02, 0x48, 0x89, 0x46, 0xfc, 0x83, 0x7e, 0xfe
    db 0x08, 0x74, 0x06, 0x83, 0x7e, 0xfe, 0x1c, 0x75
    db 0x54, 0x8b, 0x5e, 0xfc, 0x80, 0x3f, 0x73, 0x75
    db 0x4c, 0xc6, 0x07, 0x00, 0x83, 0x7e, 0xfe, 0x08
    db 0x75, 0x07, 0x83, 0x06, 0x80, 0x71, 0x10, 0xeb
    db 0x05, 0x83, 0x2e, 0x80, 0x71, 0x10, 0xff, 0x76
    db 0xfc, 0x8d, 0x46, 0xe4, 0x50, 0xe8, 0x17, 0x03
    db 0x83, 0xc4, 0x04, 0x0b, 0xc0, 0x74, 0x26, 0x47
    db 0x8d, 0x46, 0xe4, 0x50, 0x57, 0xe8, 0xff, 0x1a
    db 0x83, 0xc4, 0x04, 0x8b, 0x5e, 0xc6, 0xd1, 0xe3
    db 0x03, 0x5e, 0x06, 0x89, 0x3f, 0x8b, 0x5e, 0xc6
    db 0xff, 0x46, 0xc6, 0xd1, 0xe3, 0x03, 0x5e, 0x08
    db 0xa1, 0x80, 0x71, 0x89, 0x07, 0x8b, 0x5e, 0xc6
    db 0xd1, 0xe3, 0x03, 0x5e, 0x08, 0xc7, 0x07, 0x00
    db 0x00, 0xb8, 0x01, 0x00, 0x5e, 0x5f, 0x8b, 0xe5
    db 0x5d, 0xc3, 0x90, 0x56, 0xe8, 0xe4, 0x1a, 0x83
    db 0xc4, 0x02, 0x8b, 0xf8, 0x2b, 0xc6, 0x50, 0x57
    db 0xe8, 0x7c, 0x02, 0x83, 0xc4, 0x04, 0xa3, 0x80
    db 0x71, 0x0b, 0xc0, 0x75, 0x03, 0xe9, 0xfe, 0xfe
    db 0x8b, 0xd8, 0x8a, 0x47, 0x02, 0x2a, 0xe4, 0x2b
    db 0xf8, 0x88, 0x25, 0x8b, 0x1e, 0x80, 0x71, 0x8a
    db 0x47, 0x03, 0x3d, 0x0a, 0x00, 0x76, 0x03, 0xe9
    db 0xe4, 0xfe, 0x03, 0xc0, 0x93, 0x2e, 0xff, 0xa7
    db 0x0e, 0x7d, 0x90, 0x57, 0x56, 0xe8, 0x8f, 0x02
    db 0x83, 0xc4, 0x04, 0x0b, 0xc0, 0x75, 0x03, 0xe9
    db 0xcc, 0xfe, 0xb8, 0x07, 0x00, 0x50, 0x8d, 0x46
    db 0xcc, 0x50, 0x56, 0xe8, 0x7d, 0x35, 0x83, 0xc4
    db 0x06, 0x89, 0x46, 0xfe, 0x0b, 0xc0, 0x7f, 0x03
    db 0xe9, 0x7e, 0x01, 0xb8, 0x16, 0x00, 0x50, 0xe8
    db 0x37, 0x08, 0x83, 0xc4, 0x02, 0xa3, 0x80, 0x71
    db 0xe9, 0x6e, 0x01, 0x57, 0x56, 0xe8, 0x19, 0x04
    db 0x83, 0xc4, 0x04, 0x0b, 0xc0, 0x74, 0x03, 0xe9
    db 0x5f, 0x01, 0xe9, 0x91, 0xfe, 0x57, 0x56, 0xe8
    db 0xcf, 0x03, 0xeb, 0xec, 0x90, 0x57, 0x56, 0xe8
    db 0x81, 0x04, 0xeb, 0xe4, 0x90, 0x8b, 0x1e, 0x80
    db 0x71, 0xff, 0x37, 0xe8, 0x45, 0x1a, 0x83, 0xc4
    db 0x02, 0x8b, 0xd8, 0x80, 0x7f, 0xff, 0x73, 0x74
    db 0x08, 0x57, 0x56, 0xe8, 0x9f, 0x06, 0xeb, 0xc8
    db 0x90, 0x56, 0x8d, 0x46, 0xcc, 0x50, 0xe8, 0x0e
    db 0x1a, 0x83, 0xc4, 0x04, 0x8d, 0x46, 0xe4, 0x50
    db 0x56, 0xe8, 0x03, 0x1a, 0x83, 0xc4, 0x04, 0x8b
    db 0xf8, 0x4f, 0xc6, 0x05, 0x00, 0x8d, 0x46, 0xcc
    db 0x50, 0x8d, 0x46, 0xe4, 0x50, 0xe8, 0xef, 0x19
    db 0x83, 0xc4, 0x04, 0x56, 0xe8, 0xc4, 0x34, 0x83
    db 0xc4, 0x02, 0x0b, 0xc0, 0x74, 0x31, 0xb8, 0x08
    db 0x00, 0x50, 0xe8, 0xb4, 0x07, 0x83, 0xc4, 0x02
    db 0x2d, 0x08, 0x00, 0x8b, 0x5e, 0xc6, 0xd1, 0xe3
    db 0x03, 0x5e, 0x08, 0x89, 0x07, 0x8b, 0x5e, 0xc6
    db 0xff, 0x46, 0xc6, 0xd1, 0xe3, 0x03, 0x5e, 0x06
    db 0x89, 0x37, 0x57, 0xe8, 0xd5, 0x19, 0x83, 0xc4
    db 0x02, 0x40, 0x8b, 0xf8, 0xeb, 0x03, 0x90, 0x8b
    db 0xfe, 0x8d, 0x46, 0xe4, 0x50, 0xe8, 0xc3, 0x19
    db 0x83, 0xc4, 0x02, 0x89, 0x46, 0xfc, 0x50, 0x8d
    db 0x46, 0xe4, 0x50, 0xe8, 0x1f, 0x06, 0x83, 0xc4
    db 0x04, 0x0b, 0xc0, 0x74, 0x2e, 0x8d, 0x46, 0xe4
    db 0x50, 0x57, 0xe8, 0x8a, 0x19, 0x83, 0xc4, 0x04
    db 0x8b, 0x5e, 0xc6, 0xd1, 0xe3, 0x03, 0x5e, 0x06
    db 0x89, 0x3f, 0x8b, 0x5e, 0xc6, 0xff, 0x46, 0xc6
    db 0xd1, 0xe3, 0x03, 0x5e, 0x08, 0xa1, 0x80, 0x71
    db 0x89, 0x07, 0x57, 0xe8, 0x85, 0x19, 0x83, 0xc4
    db 0x02, 0x8b, 0xf8, 0xc6, 0x05, 0x00, 0x8b, 0x5e
    db 0xc6, 0xd1, 0xe3, 0x03, 0x5e, 0x06, 0xc7, 0x07
    db 0x00, 0x00, 0x80, 0x3c, 0x01, 0x1b, 0xc0, 0x40
    db 0x5e, 0x5f, 0x8b, 0xe5, 0x5d, 0xc3, 0x90, 0x57
    db 0x56, 0xe8, 0xff, 0x05, 0xe9, 0xf1, 0xfe, 0xb8
    db 0xde, 0x2a, 0x50, 0x57, 0xe8, 0x38, 0x19, 0x83
    db 0xc4, 0x04, 0x56, 0xe8, 0x0d, 0x34, 0x83, 0xc4
    db 0x02, 0xe9, 0xdf, 0xfe, 0x90, 0xb8, 0xe2, 0x2a
    db 0xeb, 0xe8, 0x90, 0xb8, 0xe5, 0x2a, 0xeb, 0xe2
    db 0x90, 0x80, 0x7d, 0xff, 0x75, 0x74, 0x03, 0xe9
    db 0x64, 0xfd, 0xeb, 0xde, 0x90, 0x80, 0x3c, 0x00
    db 0x74, 0x03, 0xe9, 0x59, 0xfd, 0xb8, 0xe8, 0x2a
    db 0x50, 0x56, 0xe8, 0x02, 0x19, 0x83, 0xc4, 0x04
    db 0xe9, 0x26, 0xfe, 0x7e, 0x7b, 0xb6, 0x7b, 0xc8
    db 0x7b, 0xd0, 0x7b, 0xd8, 0x7b, 0xc2, 0x7c, 0xca
    db 0x7c, 0xe0, 0x7c, 0xe6, 0x7c, 0xec, 0x7c, 0xf8
    db 0x7c, 0xff, 0x76, 0xc6, 0xff, 0x76, 0x06, 0xff
    db 0x76, 0x08, 0x56, 0xe8, 0x07, 0x07, 0x83, 0xc4
    db 0x08, 0x89, 0x46, 0xca, 0x8b, 0xd8, 0xd1, 0xe3
    db 0x03, 0x5e, 0x06, 0xc7, 0x07, 0x00, 0x00, 0x83
    db 0x7e, 0xc6, 0x00, 0x75, 0x79, 0xeb, 0x6f, 0x8b
    db 0x1e, 0x80, 0x71, 0xff, 0x77, 0x06, 0x8d, 0x46
    db 0xe4, 0x50, 0x8b, 0x5e, 0xc6, 0xd1, 0xe3, 0x03
    db 0x5e, 0x06, 0xff, 0x37, 0xe8, 0xb4, 0x33, 0x83
    db 0xc4, 0x06, 0x89, 0x46, 0xfe, 0x3d, 0xff, 0xff
    db 0x75, 0x25, 0x8b, 0x1e, 0x80, 0x71, 0x83, 0x7f
    db 0x06, 0x01, 0x75, 0x1b, 0xb8, 0x03, 0x00, 0x50
    db 0x8d, 0x46, 0xe4, 0x50, 0x8b, 0x5e, 0xc6, 0xd1
    db 0xe3, 0x03, 0x5e, 0x06, 0xff, 0x37, 0xe8, 0x8a
    db 0x33, 0x83, 0xc4, 0x06, 0x89, 0x46, 0xfe, 0x83
    db 0x7e, 0xfe, 0x00, 0x7e, 0x1e, 0xff, 0x4e, 0xca
    db 0x8b, 0x46, 0xc6, 0xd1, 0xe0, 0x89, 0x46, 0xc4
    db 0x03, 0x46, 0x08, 0x50, 0x8b, 0x46, 0xc4, 0x03
    db 0x46, 0x06, 0x50, 0xe8, 0x25, 0x0a, 0x83, 0xc4
    db 0x04, 0xeb, 0x03, 0xff, 0x46, 0xc6, 0x8b, 0x46
    db 0xca, 0x39, 0x46, 0xc6, 0x7c, 0x89, 0x8b, 0x5e
    db 0x06, 0x83, 0x3f, 0x01, 0xe9, 0xee, 0xfe, 0x55
    db 0x8b, 0xec, 0x83, 0xec, 0x04, 0x57, 0x56, 0x8b
    db 0x76, 0x04, 0xbf, 0x1e, 0x2a, 0xeb, 0x2b, 0x8a
    db 0x45, 0x02, 0x2a, 0xe4, 0x89, 0x46, 0xfc, 0x39
    db 0x46, 0x06, 0x72, 0x1b, 0xff, 0x35, 0x8b, 0xc6
    db 0x2b, 0x46, 0xfc, 0x50, 0xe8, 0xac, 0x18, 0x83
    db 0xc4, 0x04, 0x0b, 0xc0, 0x75, 0x09, 0x8b, 0xc7
    db 0x5e, 0x5f, 0x8b, 0xe5, 0x5d, 0xc3, 0x90, 0x83
    db 0xc7, 0x08, 0x83, 0x3d, 0x00, 0x75, 0xd0, 0x2b
    db 0xc0, 0x5e, 0x5f, 0x8b, 0xe5, 0x5d, 0xc3, 0x55
    db 0x8b, 0xec, 0x57, 0x56, 0x8b, 0x76, 0x04, 0x8b
    db 0x7e, 0x06, 0x80, 0x7d, 0xff, 0x65, 0x74, 0x13
    db 0x80, 0x7d, 0xff, 0x73, 0x75, 0x4b, 0xc6, 0x05
    db 0x73, 0x47, 0xc6, 0x05, 0x00, 0x2b, 0xc0, 0x5e
    db 0x5f, 0x5d, 0xc3, 0x8a, 0x45, 0xfe, 0x2a, 0xe4
    db 0x2d, 0x63, 0x00, 0x3d, 0x17, 0x00, 0x76, 0x03
    db 0xe9, 0x50, 0x01, 0x03, 0xc0, 0x93, 0x2e, 0xff
    db 0xa7, 0x66, 0x7f, 0xc6, 0x45, 0xff, 0x65, 0xe9
    db 0x41, 0x01, 0x90, 0xc6, 0x45, 0xfe, 0x79, 0xc6
    db 0x45, 0xff, 0x00, 0x56, 0xe8, 0x84, 0x32, 0x83
    db 0xc4, 0x02, 0x0b, 0xc0, 0x74, 0x03, 0xe9, 0xcd
    db 0x00, 0xc6, 0x45, 0xfe, 0x69, 0xc6, 0x45, 0xff
    db 0x65, 0x56, 0xe8, 0x6e, 0x32, 0x83, 0xc4, 0x02
    db 0x5e, 0x5f, 0x5d, 0xc3, 0x90, 0x80, 0x7d, 0xfd
    db 0x74, 0x74, 0xee, 0xc6, 0x45, 0xff, 0x00, 0x56
    db 0xe8, 0x58, 0x32, 0x83, 0xc4, 0x02, 0x0b, 0xc0
    db 0x74, 0x03, 0xe9, 0xa1, 0x00, 0xeb, 0xd6, 0x8a
    db 0x45, 0xfe, 0x38, 0x45, 0xfd, 0x75, 0x28, 0xc6
    db 0x45, 0xff, 0x00, 0x56, 0xe8, 0x3c, 0x32, 0x83
    db 0xc4, 0x02, 0x0b, 0xc0, 0x74, 0x03, 0xe9, 0x85
    db 0x00, 0xc6, 0x45, 0xfe, 0x00, 0x56, 0xe8, 0x2a
    db 0x32, 0x83, 0xc4, 0x02, 0x0b, 0xc0, 0x75, 0x76
    db 0xc6, 0x45, 0xfe, 0x73, 0xeb, 0xa7, 0x90, 0xc6
    db 0x05, 0x00, 0x56, 0xe8, 0x15, 0x32, 0x83, 0xc4
    db 0x02, 0x0b, 0xc0, 0x75, 0x61, 0xc6, 0x45, 0xff
    db 0x69, 0xc6, 0x05, 0x73, 0xc6, 0x45, 0x01, 0x00
    db 0x56, 0xe8, 0xff, 0x31, 0x83, 0xc4, 0x02, 0x0b
    db 0xc0, 0x75, 0x4b, 0xc6, 0x45, 0xff, 0x00, 0xe9
    db 0x7f, 0xff, 0x90, 0x8a, 0x45, 0xfe, 0x38, 0x45
    db 0xfd, 0x75, 0x29, 0x83, 0xef, 0x02, 0xc6, 0x05
    db 0x00, 0xb8, 0xeb, 0x2a, 0x50, 0xb8, 0xec, 0x2a
    db 0x50, 0x57, 0x56, 0xe8, 0x97, 0x05, 0x83, 0xc4
    db 0x08, 0x5e, 0x5f, 0x5d, 0xc3, 0x56, 0xe8, 0xca
    db 0x31, 0x83, 0xc4, 0x02, 0x0b, 0xc0, 0x75, 0x16
    db 0xc6, 0x45, 0xfe, 0x66, 0xc6, 0x45, 0xff, 0x00
    db 0x56, 0xe8, 0xb7, 0x31, 0x83, 0xc4, 0x02, 0x0b
    db 0xc0, 0x75, 0x03, 0xe9, 0x15, 0xff, 0xb8, 0x01
    db 0x00, 0x5e, 0x5f, 0x5d, 0xc3, 0x56, 0xe8, 0xa2
    db 0x31, 0x83, 0xc4, 0x02, 0x0b, 0xc0, 0x75, 0xee
    db 0xc6, 0x45, 0xfe, 0x78, 0xc6, 0x45, 0xff, 0x00
    db 0x56, 0xe8, 0x8f, 0x31, 0x83, 0xc4, 0x02, 0x0b
    db 0xc0, 0x75, 0xdb, 0xc6, 0x45, 0xfd, 0x65, 0xe9
    db 0x0f, 0xff, 0x90, 0x40, 0x7f, 0x96, 0x7f, 0x96
    db 0x7f, 0x96, 0x7f, 0x96, 0x7f, 0x80, 0x7e, 0x56
    db 0x7e, 0x96, 0x7f, 0x96, 0x7f, 0x96, 0x7f, 0x96
    db 0x7f, 0x96, 0x7f, 0x27, 0x7f, 0x96, 0x7f, 0x96
    db 0x7f, 0x96, 0x7f, 0x9a, 0x7e, 0x96, 0x7f, 0x96
    db 0x7f, 0x18, 0x7f, 0x96, 0x7f, 0xee, 0x7e, 0x96
    db 0x7f, 0xf6, 0x7e, 0xc6, 0x05, 0x00, 0xe9, 0xd8
    db 0xfe, 0x55, 0x8b, 0xec, 0x57, 0x56, 0x8b, 0x76
    db 0x04, 0x8b, 0x7e, 0x06, 0x80, 0x7d, 0xff, 0x69
    db 0x75, 0x1b, 0xc6, 0x45, 0xff, 0x79, 0x56, 0xe8
    db 0x31, 0x31, 0x83, 0xc4, 0x02, 0x0b, 0xc0, 0x74
    db 0x08, 0xb8, 0x01, 0x00, 0x5e, 0x5f, 0x5d, 0xc3
    db 0x90, 0xc6, 0x45, 0xff, 0x69, 0x56, 0xe8, 0x1a
    db 0x31, 0x83, 0xc4, 0x02, 0x5e, 0x5f, 0x5d, 0xc3
    db 0x90, 0x55, 0x8b, 0xec, 0x57, 0x56, 0x8b, 0x76
    db 0x04, 0x8b, 0x7e, 0x06, 0x8a, 0x45, 0xff, 0x2a
    db 0xe4, 0x3d, 0x62, 0x00, 0x74, 0x5f, 0x3d, 0x69
    db 0x00, 0x74, 0x0a, 0x3d, 0x6c, 0x00, 0x74, 0x15
    db 0xc6, 0x05, 0x00, 0xeb, 0x04, 0xc6, 0x45, 0xff
    db 0x79, 0x56, 0xe8, 0xe6, 0x30, 0x83, 0xc4, 0x02
    db 0x5e, 0x5f, 0x5d, 0xc3, 0x90, 0x80, 0x7d, 0xfe
    db 0x61, 0x75, 0x20, 0x80, 0x7d, 0xfd, 0x63, 0x75
    db 0x1a, 0x83, 0xef, 0x02, 0xc6, 0x05, 0x00, 0xb8
    db 0xee, 0x2a, 0x50, 0xb8, 0xef, 0x2a, 0x50, 0x57
    db 0x56, 0xe8, 0x81, 0x04, 0x83, 0xc4, 0x08, 0x5e
    db 0x5f, 0x5d, 0xc3, 0xc6, 0x05, 0x6c, 0xc6, 0x45
    db 0x01, 0x00, 0x56, 0xe8, 0xad, 0x30, 0x83, 0xc4
    db 0x02, 0x0b, 0xc0, 0x74, 0xb3, 0xb8, 0x01, 0x00
    db 0x5e, 0x5f, 0x5d, 0xc3, 0x90, 0xb8, 0xf2, 0x2a
    db 0x50, 0x57, 0xe8, 0xba, 0x15, 0x83, 0xc4, 0x04
    db 0xeb, 0xe0, 0x90, 0x55, 0x8b, 0xec, 0x83, 0xec
    db 0x30, 0x57, 0x56, 0x8b, 0x76, 0x04, 0x8b, 0x7e
    db 0x06, 0x8b, 0x1e, 0x80, 0x71, 0x83, 0x7f, 0x06
    db 0x0b, 0x75, 0x1e, 0xb8, 0xf5, 0x2a, 0x50, 0x57
    db 0xe8, 0x94, 0x15, 0x83, 0xc4, 0x04, 0x56, 0xe8
    db 0x69, 0x30, 0x83, 0xc4, 0x02, 0x0b, 0xc0, 0x75
    db 0x28, 0x2b, 0xc0, 0x5e, 0x5f, 0x8b, 0xe5, 0x5d
    db 0xc3, 0x8b, 0x1e, 0x80, 0x71, 0x83, 0x7f, 0x06
    db 0x0d, 0x75, 0x16, 0xb8, 0xf9, 0x2a, 0x50, 0x57
    db 0xe8, 0x6c, 0x15, 0x83, 0xc4, 0x04, 0x56, 0xe8
    db 0x41, 0x30, 0x83, 0xc4, 0x02, 0x0b, 0xc0, 0x74
    db 0xd8, 0xc6, 0x05, 0x00, 0x8a, 0x45, 0xff, 0x2a
    db 0xe4, 0x2d, 0x61, 0x00, 0x3d, 0x18, 0x00, 0x76
    db 0x03, 0xe9, 0xa5, 0x01, 0x03, 0xc0, 0x93, 0x2e
    db 0xff, 0xa7, 0x32, 0x82, 0x90, 0xc6, 0x45, 0xff
    db 0x79, 0x56, 0xe8, 0x16, 0x30, 0x83, 0xc4, 0x02
    db 0x0b, 0xc0, 0x74, 0x09, 0xb8, 0x01, 0x00, 0x5e
    db 0x5f, 0x8b, 0xe5, 0x5d, 0xc3, 0xc6, 0x45, 0xff
    db 0x69, 0xc6, 0x05, 0x65, 0x47, 0xc6, 0x05, 0x00
    db 0x56, 0xe8, 0xf7, 0x2f, 0x83, 0xc4, 0x02, 0x5e
    db 0x5f, 0x8b, 0xe5, 0x5d, 0xc3, 0x80, 0x7d, 0xfe
    db 0x65, 0x74, 0xed, 0x8b, 0x1e, 0x80, 0x71, 0xf6
    db 0x47, 0x04, 0x01, 0x75, 0xdc, 0x56, 0xe8, 0xda
    db 0x2f, 0x83, 0xc4, 0x02, 0x0b, 0xc0, 0x75, 0xc4
    db 0xeb, 0xcf, 0x90, 0xc6, 0x05, 0x65, 0x47, 0xc6
    db 0x05, 0x00, 0x56, 0xe8, 0xc5, 0x2f, 0x83, 0xc4
    db 0x02, 0x0b, 0xc0, 0x75, 0xaf, 0xc6, 0x45, 0xff
    db 0x00, 0xeb, 0xbd, 0x8b, 0x1e, 0x80, 0x71, 0x83
    db 0x7f, 0x06, 0x17, 0x75, 0x35, 0xb8, 0xfc, 0x2a
    db 0x50, 0x8d, 0x46, 0xe8, 0x50, 0xe8, 0xc7, 0x14
    db 0x83, 0xc4, 0x04, 0xc6, 0x46, 0xd0, 0x79, 0xc6
    db 0x46, 0xd1, 0x00, 0x4f, 0xc6, 0x05, 0x00, 0x8d
    db 0x46, 0xd0, 0x50, 0x8d, 0x46, 0xe8, 0x50, 0x57
    db 0x56, 0xe8, 0x49, 0x03, 0x83, 0xc4, 0x08, 0x0b
    db 0xc0, 0x74, 0x03, 0xe9, 0x6e, 0xff, 0xc6, 0x05
    db 0x79, 0x47, 0xc6, 0x46, 0xd0, 0x65, 0x2a, 0xc0
    db 0x88, 0x46, 0xd1, 0x88, 0x46, 0xe8, 0x8d, 0x46
    db 0xd0, 0x50, 0x8d, 0x46, 0xe8, 0x50, 0x57, 0x56
    db 0xe8, 0x22, 0x03, 0x83, 0xc4, 0x08, 0x5e, 0x5f
    db 0x8b, 0xe5, 0x5d, 0xc3, 0x90, 0x8b, 0x1e, 0x80
    db 0x71, 0xf7, 0x47, 0x04, 0x00, 0x0c, 0x75, 0x03
    db 0xe9, 0x4d, 0xff, 0xeb, 0xcd, 0x80, 0x7d, 0xfe
    db 0x74, 0x74, 0x03, 0xe9, 0x5f, 0xff, 0x8b, 0x1e
    db 0x80, 0x71, 0xf7, 0x47, 0x04, 0x00, 0x0c, 0x75
    db 0x03, 0xe9, 0x51, 0xff, 0xc6, 0x05, 0x65, 0x47
    db 0xc6, 0x05, 0x00, 0x56, 0xe8, 0x24, 0x2f, 0x83
    db 0xc4, 0x02, 0x0b, 0xc0, 0x74, 0x03, 0xe9, 0x0b
    db 0xff, 0x4f, 0xc6, 0x05, 0x00, 0xe9, 0x35, 0xff
    db 0x90, 0x80, 0x7d, 0xfe, 0x63, 0x74, 0x03, 0xe9
    db 0x87, 0x00, 0xe9, 0x3d, 0xff, 0xb8, 0x01, 0x00
    db 0x8a, 0x4d, 0xfe, 0x80, 0xe9, 0x61, 0xd3, 0xe0
    db 0x99, 0x25, 0x11, 0x41, 0x81, 0xe2, 0x10, 0x01
    db 0x0b, 0xd0, 0x74, 0x6d, 0x56, 0xe8, 0x65, 0xd0
    db 0x83, 0xc4, 0x02, 0x3d, 0x04, 0x00, 0x7d, 0x61
    db 0x8a, 0x45, 0xff, 0x88, 0x05, 0xb8, 0xff, 0x2a
    db 0x50, 0x8d, 0x45, 0x01, 0x50, 0xe8, 0xf7, 0x13
    db 0x83, 0xc4, 0x04, 0x56, 0xe8, 0xcc, 0x2e, 0x83
    db 0xc4, 0x02, 0x0b, 0xc0, 0x74, 0x0b, 0xc6, 0x05
    db 0x65, 0xc6, 0x45, 0x01, 0x00, 0xe9, 0xc0, 0xfe
    db 0x90, 0xc6, 0x05, 0x00, 0xeb, 0x33, 0x90, 0xeb
    db 0x80, 0xe0, 0x81, 0x64, 0x82, 0xe0, 0x81, 0xf8
    db 0x80, 0xe0, 0x81, 0xe0, 0x81, 0xa0, 0x81, 0xc8
    db 0x80, 0x64, 0x82, 0xd4, 0x81, 0xe0, 0x81, 0xe0
    db 0x81, 0xe0, 0x81, 0x90, 0x81, 0xe0, 0x81, 0x64
    db 0x82, 0x64, 0x82, 0x64, 0x82, 0xe0, 0x81, 0x16
    db 0x81, 0x64, 0x82, 0x64, 0x82, 0x64, 0x82, 0x2e
    db 0x81, 0x8a, 0x45, 0xfe, 0x38, 0x45, 0xff, 0x75
    db 0x14, 0x8a, 0x45, 0xff, 0x88, 0x46, 0xe8, 0x2a
    db 0xc0, 0x88, 0x46, 0xe9, 0x88, 0x46, 0xd0, 0x4f
    db 0x88, 0x05, 0xe9, 0xf9, 0xfe, 0xc6, 0x46, 0xe8
    db 0x65, 0x2a, 0xc0, 0x88, 0x46, 0xd0, 0x88, 0x46
    db 0xe9, 0xe9, 0xea, 0xfe, 0x90, 0x55, 0x8b, 0xec
    db 0x57, 0x56, 0x8b, 0x76, 0x04, 0x8b, 0x7e, 0x06
    db 0x80, 0x7d, 0xff, 0x61, 0x74, 0x1f, 0x80, 0x7d
    db 0xff, 0x67, 0x75, 0x0d, 0x80, 0x7d, 0xfe, 0x64
    db 0x75, 0x07, 0xc6, 0x05, 0x65, 0x47, 0xc6, 0x05
    db 0x00, 0x56, 0xe8, 0x2e, 0x2e, 0x83, 0xc4, 0x02
    db 0x5e, 0x5f, 0x5d, 0xc3, 0x90, 0x2b, 0xc0, 0x5e
    db 0x5f, 0x5d, 0xc3, 0x55, 0x8b, 0xec, 0x57, 0x56
    db 0x8b, 0x76, 0x04, 0x8b, 0x7e, 0x06, 0x8a, 0x45
    db 0xfe, 0x38, 0x45, 0xff, 0x75, 0x57, 0x56, 0xe8
    db 0x09, 0x2e, 0x83, 0xc4, 0x02, 0x0b, 0xc0, 0x74
    db 0x08, 0xb8, 0x01, 0x00, 0x5e, 0x5f, 0x5d, 0xc3
    db 0x90, 0x8a, 0x45, 0xff, 0x2a, 0xe4, 0x50, 0xb8
    db 0x03, 0x2b, 0x50, 0xe8, 0x41, 0x13, 0x83, 0xc4
    db 0x04, 0x0b, 0xc0, 0x74, 0x10, 0xc6, 0x45, 0xff
    db 0x00, 0x56, 0xe8, 0xde, 0x2d, 0x83, 0xc4, 0x02
    db 0x5e, 0x5f, 0x5d, 0xc3, 0x90, 0x80, 0x7d, 0xfe
    db 0x73, 0x75, 0x13, 0xc6, 0x45, 0xfe, 0x74, 0xc6
    db 0x45, 0xff, 0x00, 0x56, 0xe8, 0xc4, 0x2d, 0x83
    db 0xc4, 0x02, 0x0b, 0xc0, 0x75, 0xbb, 0x2b, 0xc0
    db 0x5e, 0x5f, 0x5d, 0xc3, 0x90, 0x80, 0x7d, 0xff
    db 0x69, 0x75, 0x20, 0xb8, 0x0e, 0x2b, 0x50, 0x57
    db 0xe8, 0xcc, 0x12, 0x83, 0xc4, 0x04, 0x56, 0xe8
    db 0xa1, 0x2d, 0x83, 0xc4, 0x02, 0x0b, 0xc0, 0x75
    db 0x98, 0xc6, 0x45, 0xff, 0x79, 0xc6, 0x05, 0x00
    db 0xeb, 0xaf, 0x90, 0x80, 0x7d, 0xff, 0x73, 0x75
    db 0x2a, 0x80, 0x7d, 0xfe, 0x6e, 0x75, 0x19, 0xc6
    db 0x45, 0xff, 0x64, 0xc6, 0x05, 0x00, 0x56, 0xe8
    db 0x79, 0x2d, 0x83, 0xc4, 0x02, 0x0b, 0xc0, 0x74
    db 0x03, 0xe9, 0x6d, 0xff, 0xc6, 0x45, 0xff, 0x73
    db 0xc6, 0x05, 0x65, 0xc6, 0x45, 0x01, 0x00, 0xe9
    db 0x7f, 0xff, 0x90, 0x8a, 0x45, 0xff, 0x2a, 0xe4
    db 0x50, 0xb8, 0x12, 0x2b, 0x50, 0xe8, 0xa7, 0x12
    db 0x83, 0xc4, 0x04, 0x0b, 0xc0, 0x74, 0x2a, 0xb8
    db 0x19, 0x2b, 0x50, 0x57, 0xe8, 0x68, 0x12, 0x83
    db 0xc4, 0x04, 0x56, 0xe8, 0x3d, 0x2d, 0x83, 0xc4
    db 0x02, 0x0b, 0xc0, 0x74, 0x03, 0xe9, 0x31, 0xff
    db 0xc6, 0x05, 0x00, 0x56, 0xe8, 0x2c, 0x2d, 0x83
    db 0xc4, 0x02, 0x0b, 0xc0, 0x74, 0x03, 0xe9, 0x20
    db 0xff, 0x8b, 0xc7, 0x2b, 0xc6, 0x3d, 0x03, 0x00
    db 0x7d, 0x03, 0xe9, 0x34, 0xff, 0xb8, 0x1d, 0x2b
    db 0x50, 0xb8, 0x1e, 0x2b, 0x50, 0x57, 0x56, 0xe8
    db 0xcb, 0x00, 0x83, 0xc4, 0x08, 0x5e, 0x5f, 0x5d
    db 0xc3, 0x55, 0x8b, 0xec, 0x83, 0xec, 0x04, 0x57
    db 0x56, 0x8b, 0x76, 0x04, 0x4e, 0x2b, 0xff, 0xeb
    db 0x11, 0x8b, 0xc7, 0xb1, 0x03, 0xd3, 0xe0, 0x05
    db 0x1e, 0x2a, 0x5e, 0x5f, 0x8b, 0xe5, 0x5d, 0xc3
    db 0x90, 0x47, 0x8b, 0xc7, 0xb1, 0x03, 0xd3, 0xe0
    db 0x89, 0x46, 0xfc, 0x8b, 0xd8, 0x83, 0xbf, 0x1e
    db 0x2a, 0x00, 0x74, 0x19, 0x39, 0xb7, 0x24, 0x2a
    db 0x75, 0xe7, 0x83, 0xfe, 0x07, 0x75, 0xd2, 0x8b
    db 0xc7, 0xd3, 0xe0, 0x05, 0x26, 0x2a, 0x5e, 0x5f
    db 0x8b, 0xe5, 0x5d, 0xc3, 0x90, 0x2b, 0xc0, 0x5e
    db 0x5f, 0x8b, 0xe5, 0x5d, 0xc3, 0x55, 0x8b, 0xec
    db 0x83, 0xec, 0x04, 0x57, 0x56, 0x8b, 0x76, 0x0a
    db 0x8b, 0x7e, 0x04, 0x80, 0x3d, 0x00, 0x75, 0x09
    db 0x2b, 0xc0, 0x5e, 0x5f, 0x8b, 0xe5, 0x5d, 0xc3
    db 0x90, 0x8b, 0x5e, 0x06, 0x8b, 0xc6, 0xd1, 0xe0
    db 0x03, 0xd8, 0xa1, 0x80, 0x71, 0xeb, 0x2a, 0x47
    db 0x80, 0x7d, 0xff, 0x0e, 0x75, 0x31, 0xc6, 0x45
    db 0xff, 0x00, 0x57, 0xff, 0x76, 0x04, 0xe8, 0x2a
    db 0x12, 0x83, 0xc4, 0x04, 0x0b, 0xc0, 0x74, 0x1f
    db 0x8b, 0x46, 0x06, 0x8b, 0xce, 0xd1, 0xe1, 0x03
    db 0xc1, 0x89, 0x46, 0xfc, 0x8b, 0xd8, 0x8b, 0x47
    db 0xfe, 0x89, 0x07, 0x8b, 0x5e, 0x08, 0x8b, 0xc6
    db 0x46, 0xd1, 0xe0, 0x03, 0xd8, 0x89, 0x3f, 0x80
    db 0x3d, 0x00, 0x75, 0xc3, 0x8b, 0xc6, 0x5e, 0x5f
    db 0x8b, 0xe5, 0x5d, 0xc3, 0x90, 0x55, 0x8b, 0xec
    db 0x83, 0xec, 0x1a, 0x56, 0xff, 0x76, 0x08, 0xff
    db 0x76, 0x04, 0x8d, 0x46, 0xe6, 0x50, 0xe8, 0x4e
    db 0x11, 0x83, 0xc4, 0x04, 0x50, 0xe8, 0x47, 0x11
    db 0x83, 0xc4, 0x04, 0x8b, 0xf0, 0x8d, 0x46, 0xe6
    db 0x50, 0xe8, 0x17, 0x2c, 0x83, 0xc4, 0x02, 0x0b
    db 0xc0, 0x75, 0x08, 0x8d, 0x46, 0xe6, 0x8b, 0xf0
    db 0xc6, 0x04, 0x00, 0xff, 0x76, 0x0a, 0xff, 0x76
    db 0x06, 0xe8, 0x23, 0x11, 0x83, 0xc4, 0x04, 0xff
    db 0x76, 0x04, 0xe8, 0xf6, 0x2b, 0x83, 0xc4, 0x02
    db 0x0b, 0xc0, 0x74, 0x15, 0x8d, 0x46, 0xe6, 0x3b
    db 0xc6, 0x74, 0x04, 0xc6, 0x04, 0x0e, 0x46, 0xff
    db 0x76, 0x04, 0x56, 0xe8, 0x01, 0x11, 0x83, 0xc4
    db 0x04, 0x8d, 0x46, 0xe6, 0x50, 0xff, 0x76, 0x04
    db 0xe8, 0xf4, 0x10, 0x83, 0xc4, 0x04, 0x8b, 0x5e
    db 0x04, 0x80, 0x3f, 0x01, 0x1b, 0xc0, 0x40, 0x5e
    db 0x8b, 0xe5, 0x5d, 0xc3, 0x90, 0x55, 0x8b, 0xec
    db 0x81, 0xec, 0x88, 0x00, 0x57, 0x56, 0x8b, 0x76
    db 0x04, 0xc7, 0x46, 0xb0, 0x00, 0x00, 0xc7, 0x86
    db 0x7e, 0xff, 0x00, 0x00, 0xb8, 0xff, 0x00, 0x50
    db 0x8d, 0x46, 0xb4, 0x50, 0x56, 0xe8, 0xcb, 0x2b
    db 0x83, 0xc4, 0x06, 0x89, 0x46, 0xe6, 0x40, 0x74
    db 0x5c, 0x83, 0x7e, 0xe6, 0x00, 0x75, 0x08, 0x2b
    db 0xc0, 0x5e, 0x5f, 0x8b, 0xe5, 0x5d, 0xc3, 0xff
    db 0x76, 0xe6, 0xe8, 0x7c, 0xfe, 0x83, 0xc4, 0x02
    db 0xa3, 0x80, 0x71, 0x0b, 0xc0, 0x74, 0xe8, 0x8d
    db 0x46, 0xb4, 0x50, 0x56, 0xe8, 0x90, 0x10, 0x83
    db 0xc4, 0x04, 0x8b, 0x9e, 0x7e, 0xff, 0xd1, 0xe3
    db 0x03, 0x5e, 0x08, 0xa1, 0x80, 0x71, 0x89, 0x07
    db 0x8b, 0x9e, 0x7e, 0xff, 0xff, 0x86, 0x7e, 0xff
    db 0xd1, 0xe3, 0x03, 0x5e, 0x06, 0x89, 0x37, 0x8b
    db 0x9e, 0x7e, 0xff, 0xd1, 0xe3, 0x03, 0x5e, 0x06
    db 0xc7, 0x07, 0x00, 0x00, 0xb8, 0x01, 0x00, 0x5e
    db 0x5f, 0x8b, 0xe5, 0x5d, 0xc3, 0x56, 0x8d, 0x46
    db 0xcc, 0x50, 0xe8, 0x52, 0x10, 0x83, 0xc4, 0x04
    db 0xb8, 0x20, 0x00, 0x50, 0x8d, 0x46, 0xcc, 0x50
    db 0xe8, 0xa0, 0x10, 0x83, 0xc4, 0x04, 0x8b, 0xf8
    db 0x47, 0xb8, 0x20, 0x00, 0x50, 0x56, 0xe8, 0x66
    db 0x10, 0x83, 0xc4, 0x04, 0x89, 0x46, 0xb2, 0x57
    db 0x8d, 0x46, 0x80, 0x50, 0xe8, 0x28, 0x10, 0x83
    db 0xc4, 0x04, 0xff, 0x76, 0xb2, 0x8d, 0x46, 0xe8
    db 0x50, 0xe8, 0x1b, 0x10, 0x83, 0xc4, 0x04, 0xc6
    db 0x05, 0x00, 0x8b, 0x5e, 0xb2, 0xc6, 0x07, 0x00
    db 0x56, 0x8d, 0x46, 0xb4, 0x50, 0xe8, 0x07, 0x10
    db 0x83, 0xc4, 0x04, 0xc7, 0x86, 0x7e, 0xff, 0x00
    db 0x00, 0xff, 0x76, 0x08, 0xff, 0x76, 0x06, 0x8d
    db 0x46, 0xb4, 0x50, 0xe8, 0x05, 0xf4, 0x83, 0xc4
    db 0x06, 0x0b, 0xc0, 0x75, 0x03, 0xe9, 0xe8, 0x00
    db 0xe9, 0xad, 0x00, 0x03, 0x46, 0x08, 0x89, 0x86
    db 0x7a, 0xff, 0x8b, 0xd8, 0x8b, 0x1f, 0x83, 0x7f
    db 0x06, 0x07, 0x75, 0x10, 0xb8, 0x16, 0x00, 0x50
    db 0xe8, 0xa6, 0xfd, 0x83, 0xc4, 0x02, 0x8b, 0x9e
    db 0x7a, 0xff, 0x89, 0x07, 0x8b, 0x9e, 0x7e, 0xff
    db 0xd1, 0xe3, 0x03, 0x5e, 0x08, 0x8b, 0x1f, 0x8b
    db 0x47, 0x06, 0x3d, 0x01, 0x00, 0x74, 0x38, 0x3d
    db 0x03, 0x00, 0x74, 0x33, 0x3d, 0x05, 0x00, 0x74
    db 0x2e, 0x3d, 0x15, 0x00, 0x74, 0x29, 0x3d, 0x17
    db 0x00, 0x74, 0x24, 0x8b, 0x86, 0x7e, 0xff, 0xd1
    db 0xe0, 0x89, 0x86, 0x7a, 0xff, 0x03, 0x46, 0x08
    db 0x50, 0x8b, 0x86, 0x7a, 0xff, 0x03, 0x46, 0x06
    db 0x50, 0xe8, 0x4f, 0x01, 0x83, 0xc4, 0x04, 0xc7
    db 0x06, 0x80, 0x71, 0x00, 0x00, 0xeb, 0x41, 0x8b
    db 0x9e, 0x7e, 0xff, 0xd1, 0xe3, 0x03, 0x5e, 0x06
    db 0xff, 0x37, 0x56, 0xe8, 0x69, 0x0f, 0x83, 0xc4
    db 0x04, 0x8d, 0x46, 0xe8, 0x50, 0x56, 0xe8, 0x5c
    db 0x01, 0x83, 0xc4, 0x04, 0x8b, 0x9e, 0x7e, 0xff
    db 0xff, 0x86, 0x7e, 0xff, 0xd1, 0xe3, 0x03, 0x5e
    db 0x06, 0x89, 0x37, 0x8b, 0x9e, 0x7e, 0xff, 0xd1
    db 0xe3, 0x03, 0x5e, 0x06, 0xff, 0x77, 0xfe, 0xe8
    db 0x59, 0x0f, 0x83, 0xc4, 0x02, 0x8b, 0xf0, 0x46
    db 0x8b, 0x86, 0x7e, 0xff, 0xd1, 0xe0, 0x89, 0x86
    db 0x7c, 0xff, 0x8b, 0xd8, 0x03, 0x5e, 0x06, 0x83
    db 0x3f, 0x00, 0x74, 0x03, 0xe9, 0x3c, 0xff, 0x83
    db 0xbe, 0x7e, 0xff, 0x00, 0x74, 0x1a, 0x8b, 0x9e
    db 0x7e, 0xff, 0xd1, 0xe3, 0x03, 0x5e, 0x06, 0xff
    db 0x77, 0xfe, 0xe8, 0x26, 0x0f, 0x83, 0xc4, 0x02
    db 0x8b, 0xf0, 0x46, 0xc7, 0x46, 0xb0, 0x01, 0x00
    db 0x8b, 0x86, 0x7e, 0xff, 0xd1, 0xe0, 0x89, 0x86
    db 0x7a, 0xff, 0x03, 0x46, 0x08, 0x50, 0x8b, 0x86
    db 0x7a, 0xff, 0x03, 0x46, 0x06, 0x50, 0x8d, 0x46
    db 0x80, 0x50, 0xe8, 0xf6, 0xf2, 0x83, 0xc4, 0x06
    db 0x0b, 0xc0, 0x75, 0x03, 0xe9, 0x9a, 0x00, 0xeb
    db 0x78, 0x8b, 0x9e, 0x78, 0xff, 0x83, 0x7f, 0x06
    db 0x07, 0x74, 0x14, 0xff, 0xb6, 0x7c, 0xff, 0x8b
    db 0x86, 0x7a, 0xff, 0x03, 0x46, 0x06, 0x50, 0xe8
    db 0x89, 0x00, 0x83, 0xc4, 0x04, 0xeb, 0x5a, 0x8b
    db 0x86, 0x7e, 0xff, 0xd1, 0xe0, 0x03, 0x46, 0x08
    db 0x89, 0x86, 0x78, 0xff, 0x8b, 0xd8, 0x8b, 0x1f
    db 0xf7, 0x47, 0x04, 0x00, 0x04, 0x74, 0x05, 0x8b
    db 0xd8, 0x83, 0x07, 0x08, 0x8d, 0x46, 0xcc, 0x50
    db 0x56, 0xe8, 0x93, 0x0e, 0x83, 0xc4, 0x04, 0x8b
    db 0xf8, 0x8b, 0x9e, 0x7e, 0xff, 0xd1, 0xe3, 0x03
    db 0x5e, 0x06, 0xff, 0x37, 0x57, 0xe8, 0x7f, 0x0e
    db 0x83, 0xc4, 0x04, 0x8b, 0x9e, 0x7e, 0xff, 0xff
    db 0x86, 0x7e, 0xff, 0xd1, 0xe3, 0x03, 0x5e, 0x06
    db 0x89, 0x37, 0x56, 0xe8, 0x85, 0x0e, 0x83, 0xc4
    db 0x02, 0x40, 0x8b, 0xf0, 0xc7, 0x46, 0xb0, 0x01
    db 0x00, 0x8b, 0x86, 0x7e, 0xff, 0xd1, 0xe0, 0x89
    db 0x86, 0x7a, 0xff, 0x03, 0x46, 0x08, 0x89, 0x86
    db 0x7c, 0xff, 0x8b, 0xd8, 0x8b, 0x07, 0x89, 0x86
    db 0x78, 0xff, 0x0b, 0xc0, 0x74, 0x03, 0xe9, 0x68
    db 0xff, 0x8b, 0x46, 0xb0, 0x5e, 0x5f, 0x8b, 0xe5
    db 0x5d, 0xc3, 0x90, 0x55, 0x8b, 0xec, 0x83, 0xec
    db 0x02, 0x57, 0x56, 0x2b, 0xf6, 0xeb, 0x13, 0x83
    db 0xfe, 0x04, 0x7d, 0x1a, 0x8b, 0x41, 0x02, 0x89
    db 0x01, 0x8b, 0x5e, 0x06, 0x8b, 0x41, 0x02, 0x89
    db 0x01, 0x46, 0x8b, 0xfe, 0xd1, 0xe7, 0x8b, 0x5e
    db 0x04, 0x83, 0x39, 0x00, 0x75, 0xe1, 0x5e, 0x5f
    db 0x8b, 0xe5, 0x5d, 0xc3, 0x90, 0x55, 0x8b, 0xec
    db 0x83, 0xec, 0x34, 0x57, 0x56, 0x8b, 0x7e, 0x04
    db 0x8d, 0x46, 0xce, 0x8b, 0xf0, 0xeb, 0x17, 0x80
    db 0x3d, 0x0e, 0x75, 0x0c, 0xff, 0x76, 0x06, 0x56
    db 0xe8, 0xe4, 0x0d, 0x83, 0xc4, 0x04, 0x8b, 0xf0
    db 0x8a, 0x05, 0x47, 0x88, 0x04, 0x46, 0x80, 0x3d
    db 0x00, 0x75, 0xe4, 0xff, 0x76, 0x06, 0x56, 0xe8
    db 0xcd, 0x0d, 0x83, 0xc4, 0x04, 0x8d, 0x46, 0xce
    db 0x50, 0xff, 0x76, 0x04, 0xe8, 0xc0, 0x0d, 0x83
    db 0xc4, 0x04, 0x5e, 0x5f, 0x8b, 0xe5, 0x5d, 0xc3
    db 0x90, 0x55, 0x8b, 0xec, 0x83, 0xec, 0x06, 0x57
    db 0x56, 0x8b, 0x76, 0x04, 0x8b, 0x46, 0x06, 0x89
    db 0x46, 0xfc, 0xeb, 0x26, 0x90, 0xb8, 0x08, 0x00
    db 0x50, 0xe8, 0x4f, 0x25, 0x83, 0xc4, 0x02, 0x8b
    db 0xf8, 0xb8, 0x08, 0x00, 0x50, 0xe8, 0x43, 0x25
    db 0x83, 0xc4, 0x02, 0x89, 0x46, 0xfe, 0x8a, 0x66
    db 0xfe, 0x2a, 0xc0, 0x0b, 0xc7, 0x89, 0x04, 0x83
    db 0xc6, 0x02, 0x8b, 0x46, 0xfc, 0xff, 0x4e, 0xfc
    db 0x0b, 0xc0, 0x7f, 0xd1, 0x2b, 0xc0, 0x5e, 0x5f
    db 0x8b, 0xe5, 0x5d, 0xc3, 0x90, 0x55, 0x8b, 0xec
    db 0x83, 0xec, 0x14, 0x56, 0xc7, 0x06, 0x50, 0x8a
    db 0xbc, 0x29, 0xbe, 0x02, 0x75, 0xc7, 0x44, 0x24
    db 0x4e, 0x86, 0xc7, 0x44, 0x12, 0x22, 0x76, 0xc7
    db 0x44, 0x16, 0x2a, 0x75, 0xc7, 0x44, 0x10, 0x36
    db 0x72, 0xe8, 0x37, 0xdd, 0x0b, 0xc0, 0x7e, 0x22
    db 0xb8, 0x00, 0x01, 0x99, 0x52, 0x50, 0xe8, 0xda
    db 0xdd, 0x83, 0xc4, 0x04, 0x0b, 0xc0, 0x75, 0x12
    db 0xb8, 0x10, 0x00, 0x50, 0x8d, 0x46, 0xec, 0x50
    db 0xe8, 0xd0, 0x0c, 0x83, 0xc4, 0x04, 0x0b, 0xc0
    db 0x74, 0x07, 0x2b, 0xc0, 0x5e, 0x8b, 0xe5, 0x5d
    db 0xc3, 0xb8, 0x08, 0x00, 0x50, 0x56, 0x8d, 0x46
    db 0xec, 0x50, 0xe8, 0xd4, 0x0c, 0x83, 0xc4, 0x06
    db 0xff, 0x74, 0x08, 0xff, 0x74, 0x12, 0xe8, 0xaa
    db 0x0c, 0x83, 0xc4, 0x04, 0x0b, 0xc0, 0x75, 0xda
    db 0x8b, 0x44, 0x0a, 0xd1, 0xe0, 0x50, 0xff, 0x74
    db 0x16, 0xe8, 0x97, 0x0c, 0x83, 0xc4, 0x04, 0x0b
    db 0xc0, 0x75, 0xc7, 0xff, 0x74, 0x0e, 0xff, 0x74
    db 0x10, 0xe8, 0x87, 0x0c, 0x83, 0xc4, 0x04, 0x0b
    db 0xc0, 0x75, 0xb7, 0xc7, 0x44, 0x14, 0x82, 0x71
    db 0xc7, 0x44, 0x18, 0xe0, 0x75, 0xff, 0x74, 0x08
    db 0xff, 0x74, 0x14, 0xff, 0x74, 0x10, 0xe8, 0x6a
    db 0x00, 0x83, 0xc4, 0x06, 0x89, 0x46, 0xfe, 0xff
    db 0x74, 0x0c, 0xff, 0x74, 0x18, 0x50, 0xe8, 0x5a
    db 0x00, 0x83, 0xc4, 0x06, 0x8b, 0x44, 0x0a, 0xd1
    db 0xe0, 0x03, 0x44, 0x08, 0x03, 0x44, 0x0e, 0x05
    db 0x0f, 0x01, 0x25, 0x00, 0xfc, 0x99, 0x33, 0xc2
    db 0x2b, 0xc2, 0xb9, 0x0a, 0x00, 0xd3, 0xf8, 0x33
    db 0xc2, 0x2b, 0xc2, 0x40, 0x89, 0x44, 0x22, 0x8b
    db 0x1e, 0x50, 0x8a, 0x8b, 0x47, 0x04, 0x05, 0x10
    db 0x00, 0x89, 0x44, 0x1a, 0x03, 0x44, 0x08, 0x89
    db 0x44, 0x1c, 0xc6, 0x44, 0x20, 0x01, 0x8b, 0x44
    db 0x1a, 0x29, 0x44, 0x12, 0x8b, 0x44, 0x1a, 0xd1
    db 0xe0, 0x29, 0x44, 0x14, 0x8b, 0x44, 0x1c, 0xd1
    db 0xe0, 0x29, 0x44, 0x16, 0x8b, 0xc6, 0x5e, 0x8b
    db 0xe5, 0x5d, 0xc3, 0x55, 0x8b, 0xec, 0x57, 0x56
    db 0x8b, 0x76, 0x04, 0x8b, 0x7e, 0x06, 0xeb, 0x0e
    db 0x90, 0x83, 0xc7, 0x02, 0x89, 0x75, 0xfe, 0x46
    db 0x80, 0x7c, 0xff, 0x00, 0x75, 0xf9, 0x8b, 0x46
    db 0x08, 0xff, 0x4e, 0x08, 0x0b, 0xc0, 0x7f, 0xe9
    db 0x8b, 0xc6, 0x5e, 0x5f, 0x5d, 0xc3, 0x90, 0xa1
    db 0x5a, 0x8a, 0x03, 0x06, 0x24, 0x75, 0x99, 0xb1
    db 0x0a, 0xd1, 0xe0, 0xd1, 0xd2, 0xfe, 0xc9, 0x75
    db 0xf8, 0x52, 0x50, 0xe8, 0xb5, 0xdc, 0x83, 0xc4
    db 0x04, 0xb8, 0x00, 0x04, 0x50, 0xb8, 0x4e, 0x86
    db 0x50, 0xe8, 0x08, 0xdc, 0x83, 0xc4, 0x04, 0xb8
    db 0x01, 0x00, 0xc3, 0x55, 0x8b, 0xec, 0x83, 0xec
    db 0x02, 0x57, 0x56, 0x8b, 0x76, 0x04, 0x83, 0xee
    db 0x02, 0xbf, 0xa4, 0x8a, 0xc7, 0x06, 0xb0, 0x8a
    db 0x00, 0x00, 0x8a, 0x04, 0x2a, 0xe4, 0x3d, 0xff
    db 0x00, 0x74, 0x0c, 0xc6, 0x05, 0x01, 0x47, 0x88
    db 0x25, 0x5e, 0x5f, 0x8b, 0xe5, 0x5d, 0xc3, 0x83
    db 0xee, 0x02, 0x8a, 0x04, 0x2a, 0xe4, 0x3d, 0xff
    db 0x00, 0x74, 0xf4, 0x83, 0xc6, 0x02, 0x88, 0x24
    db 0x46, 0xf6, 0x04, 0x80, 0x74, 0x0b, 0x46, 0x8a
    db 0x44, 0xff, 0x2a, 0xe4, 0xa3, 0xb0, 0x8a, 0xeb
    db 0x04, 0xac, 0x88, 0x05, 0x47, 0x46, 0x80, 0x7c
    db 0xff, 0x00, 0x75, 0xe5, 0xc6, 0x05, 0x00, 0x80
    db 0x3e, 0xa4, 0x8a, 0x00, 0x75, 0x07, 0xc6, 0x05
    db 0x01, 0x47, 0xc6, 0x05, 0x00, 0x5e, 0x5f, 0x8b
    db 0xe5, 0x5d, 0xc3, 0x55, 0x8b, 0xec, 0x83, 0xec
    db 0x04, 0x57, 0x56, 0x8b, 0x5e, 0x04, 0xff, 0x46
    db 0x04, 0x8a, 0x07, 0x2a, 0xe4, 0x8b, 0xf0, 0x8b
    db 0x5e, 0x06, 0xff, 0x46, 0x06, 0x8a, 0x07, 0x8b
    db 0xf8, 0x0b, 0xff, 0x74, 0x0a, 0x3b, 0xf7, 0x74
    db 0xe2, 0x81, 0xff, 0xff, 0x00, 0x75, 0x08, 0x8b
    db 0xc6, 0x5e, 0x5f, 0x8b, 0xe5, 0x5d, 0xc3, 0x8b
    db 0xc6, 0x2b, 0xc7, 0x5e, 0x5f, 0x8b, 0xe5, 0x5d
    db 0xc3, 0x55, 0x8b, 0xec, 0x83, 0xec, 0x08, 0x57
    db 0x56, 0xa1, 0x1a, 0x75, 0x89, 0x46, 0xf8, 0x2b
    db 0xff, 0x8b, 0x36, 0x0e, 0x75, 0xeb, 0x29, 0x8b
    db 0xc6, 0x03, 0xc7, 0x40, 0xd1, 0xf8, 0x89, 0x46
    db 0xfc, 0x8b, 0xd8, 0xd1, 0xe3, 0x03, 0x5e, 0xf8
    db 0xff, 0x37, 0xff, 0x76, 0x04, 0xe8, 0x93, 0xff
    db 0x83, 0xc4, 0x04, 0x0b, 0xc0, 0x7c, 0x06, 0x8b
    db 0x7e, 0xfc, 0xeb, 0x05, 0x90, 0x8b, 0x76, 0xfc
    db 0x4e, 0x3b, 0xfe, 0x7c, 0xd2, 0x89, 0x36, 0x5a
    db 0x8a, 0x5e, 0x5f, 0x8b, 0xe5, 0x5d, 0xc3, 0x55
    db 0x8b, 0xec, 0x83, 0xec, 0x0a, 0x57, 0x56, 0xc7
    db 0x46, 0xfc, 0x02, 0x75, 0x8b, 0x3e, 0xb2, 0x8a
    db 0xa1, 0x28, 0x75, 0x89, 0x46, 0xf8, 0x8b, 0x5e
    db 0xf8, 0xff, 0x46, 0xf8, 0x8a, 0x07, 0x2a, 0xe4
    db 0x8b, 0xf0, 0x0b, 0xf6, 0x74, 0x37, 0x8b, 0x1e
    db 0x50, 0x8a, 0x39, 0x77, 0x04, 0x7e, 0x26, 0x88
    db 0x05, 0x47, 0x83, 0xfe, 0x04, 0x75, 0xdf, 0xeb
    db 0x05, 0x8b, 0xc6, 0x88, 0x05, 0x47, 0x8b, 0x5e
    db 0xf8, 0xff, 0x46, 0xf8, 0x8a, 0x07, 0x2a, 0xe4
    db 0x8b, 0xf0, 0x81, 0xfe, 0xff, 0x00, 0x75, 0xe9
    db 0xff, 0x4e, 0xf8, 0xeb, 0xc1, 0x8b, 0x5e, 0xfc
    db 0x39, 0x77, 0x1c, 0x7e, 0x1e, 0xc6, 0x05, 0x00
    db 0x89, 0x3e, 0xb2, 0x8a, 0x8b, 0x5e, 0xfc, 0x8b
    db 0x46, 0xf8, 0x48, 0x89, 0x47, 0x26, 0x57, 0xe8
    db 0x91, 0xfe, 0x83, 0xc4, 0x02, 0x5e, 0x5f, 0x8b
    db 0xe5, 0x5d, 0xc3, 0x81, 0xfe, 0xff, 0x00, 0x7d
    db 0x22, 0x8b, 0xc6, 0xd1, 0xe0, 0x89, 0x46, 0xf6
    db 0x8b, 0x5e, 0xfc, 0x8b, 0x5f, 0x16, 0x03, 0xd8
    db 0x8a, 0x07, 0x88, 0x05, 0x47, 0x8b, 0x5e, 0xfc
    db 0x8b, 0x5f, 0x16, 0x03, 0x5e, 0xf6, 0x8a, 0x47
    db 0x01, 0xeb, 0x0d, 0x8b, 0xc6, 0x88, 0x05, 0x47
    db 0x8b, 0x5e, 0xf8, 0xff, 0x46, 0xf8, 0x8a, 0x07
    db 0x88, 0x05, 0x47, 0xe9, 0x60, 0xff, 0x90, 0x55
    db 0x8b, 0xec, 0x83, 0xec, 0x1a, 0x57, 0x56, 0xc7
    db 0x46, 0xec, 0x02, 0x75, 0xa1, 0x1c, 0x75, 0x89
    db 0x46, 0xea, 0xa1, 0x14, 0x75, 0x89, 0x46, 0xee
    db 0xa1, 0x16, 0x75, 0x89, 0x46, 0xf0, 0xa1, 0x1e
    db 0x75, 0x89, 0x46, 0xf2, 0xa1, 0x18, 0x75, 0x89
    db 0x46, 0xe8, 0x8b, 0x1e, 0x50, 0x8a, 0x8b, 0x47
    db 0x04, 0x05, 0x0f, 0x00, 0x89, 0x46, 0xf4, 0xa1
    db 0x28, 0x75, 0x89, 0x46, 0xfe, 0x8b, 0x3e, 0xb2
    db 0x8a, 0xc7, 0x46, 0xe6, 0x5c, 0x8a, 0xc6, 0x05
    db 0x00, 0x8b, 0x46, 0xe6, 0x2d, 0x50, 0x8a, 0x03
    db 0x46, 0x04, 0x2d, 0x0c, 0x00, 0x89, 0x46, 0xfc
    db 0x8b, 0x5e, 0xe6, 0xff, 0x46, 0xe6, 0x8a, 0x07
    db 0x2a, 0xe4, 0x8b, 0xf0, 0x8b, 0x5e, 0xfc, 0xff
    db 0x46, 0xfc, 0x8a, 0x07, 0x89, 0x46, 0xf8, 0x3b
    db 0xc6, 0x74, 0x18, 0x81, 0xfe, 0xff, 0x00, 0x74
    db 0x08, 0x39, 0x76, 0xf8, 0x7d, 0x23, 0xeb, 0x34
    db 0x90, 0x83, 0x7e, 0xf8, 0x00, 0x74, 0x04, 0x2b
    db 0xf6, 0xeb, 0xee, 0x83, 0x7e, 0xf8, 0x00, 0x75
    db 0xc7, 0x57, 0xe8, 0xb6, 0xfd, 0x83, 0xc4, 0x02
    db 0xb8, 0x01, 0x00, 0x5e, 0x5f, 0x8b, 0xe5, 0x5d
    db 0xc3, 0xff, 0x4e, 0xe6, 0x8b, 0x5e, 0xfe, 0xff
    db 0x46, 0xfe, 0x8a, 0x07, 0x2a, 0xe4, 0x8b, 0xf0
    db 0x0b, 0xf6, 0x75, 0x09, 0x2b, 0xc0, 0x5e, 0x5f
    db 0x8b, 0xe5, 0x5d, 0xc3, 0x90, 0xc7, 0x46, 0xf8
    db 0x00, 0x00, 0x39, 0x76, 0xea, 0x7e, 0x32, 0x8b
    db 0x1e, 0x50, 0x8a, 0x8b, 0xc6, 0x2b, 0x47, 0x04
    db 0x2b, 0xf8, 0x39, 0x76, 0xf4, 0x75, 0x13, 0x8b
    db 0x5e, 0xfe, 0xff, 0x46, 0xfe, 0x8a, 0x07, 0x2a
    db 0xe4, 0x8b, 0x1e, 0x50, 0x8a, 0x2b, 0x47, 0x04
    db 0x2b, 0xf8, 0x39, 0x7e, 0xe6, 0x72, 0x4c, 0xc7
    db 0x46, 0xf8, 0x01, 0x00, 0x89, 0x7e, 0xe6, 0xeb
    db 0x42, 0x8b, 0x5e, 0xee, 0x8a, 0x00, 0x2a, 0xe4
    db 0x2b, 0xf8, 0x8b, 0x5e, 0xf0, 0x8b, 0xc6, 0xd1
    db 0xe0, 0x03, 0xd8, 0x8b, 0x07, 0x89, 0x46, 0xfc
    db 0x39, 0x7e, 0xe6, 0x72, 0x1b, 0xc7, 0x46, 0xf8
    db 0x01, 0x00, 0x89, 0x7e, 0xe6, 0x8b, 0x5e, 0xfc
    db 0xff, 0x46, 0xfc, 0x8a, 0x07, 0x88, 0x05, 0x47
    db 0x0a, 0xc0, 0x75, 0xf1, 0x4f, 0xeb, 0x0c, 0x47
    db 0x8b, 0x5e, 0xfc, 0xff, 0x46, 0xfc, 0x80, 0x3f
    db 0x00, 0x75, 0xf4, 0x83, 0x7e, 0xf8, 0x00, 0x75
    db 0x6c, 0x8b, 0x5e, 0xfe, 0xff, 0x46, 0xfe, 0x8a
    db 0x07, 0x2a, 0xe4, 0x8b, 0xf0, 0x0b, 0xf6, 0x75
    db 0x03, 0xe9, 0x82, 0x00, 0x8b, 0x1e, 0x50, 0x8a
    db 0x39, 0x77, 0x04, 0x7e, 0x1e, 0x47, 0x83, 0xfe
    db 0x04, 0x75, 0xde, 0xeb, 0x01, 0x47, 0x8b, 0x5e
    db 0xfe, 0xff, 0x46, 0xfe, 0x8a, 0x07, 0x2a, 0xe4
    db 0x3d, 0xff, 0x00, 0x75, 0xf0, 0xff, 0x4e, 0xfe
    db 0xeb, 0xc7, 0x90, 0x39, 0x76, 0xf2, 0x7f, 0x56
    db 0x81, 0xfe, 0xff, 0x00, 0x7d, 0x05, 0x83, 0xc7
    db 0x02, 0xeb, 0xb6, 0x83, 0xc7, 0x02, 0xff, 0x46
    db 0xfe, 0xeb, 0xae, 0x8b, 0xc6, 0x88, 0x05, 0x47
    db 0x8b, 0x5e, 0xfe, 0xff, 0x46, 0xfe, 0x8a, 0x07
    db 0x2a, 0xe4, 0x8b, 0xf0, 0x81, 0xfe, 0xff, 0x00
    db 0x75, 0xe9, 0xff, 0x4e, 0xfe, 0x8b, 0x5e, 0xfe
    db 0xff, 0x46, 0xfe, 0x8a, 0x07, 0x2a, 0xe4, 0x8b
    db 0xf0, 0x0b, 0xf6, 0x74, 0x19, 0x8b, 0x1e, 0x50
    db 0x8a, 0x39, 0x77, 0x04, 0x7e, 0x0b, 0x88, 0x05
    db 0x47, 0x83, 0xfe, 0x04, 0x75, 0xdf, 0xeb, 0xc8
    db 0x90, 0x39, 0x76, 0xf2, 0x7e, 0x0f, 0xff, 0x4e
    db 0xfe, 0x83, 0x7e, 0xf8, 0x00, 0x75, 0x03, 0xe9
    db 0xc2, 0xfe, 0xe9, 0x61, 0xfe, 0x81, 0xfe, 0xff
    db 0x00, 0x7d, 0x1c, 0x8b, 0x46, 0xe8, 0x8b, 0xce
    db 0xd1, 0xe1, 0x03, 0xc1, 0x89, 0x46, 0xfc, 0x8b
    db 0xd8, 0xff, 0x46, 0xfc, 0x8a, 0x07, 0x88, 0x05
    db 0x47, 0x8b, 0x5e, 0xfc, 0xeb, 0x0c, 0x90, 0x8b
    db 0xc6, 0x88, 0x05, 0x47, 0x8b, 0x5e, 0xfe, 0xff
    db 0x46, 0xfe, 0x8a, 0x07, 0x88, 0x05, 0x47, 0xeb
    db 0x94, 0x55, 0x8b, 0xec, 0x56, 0x8b, 0x76, 0x04
    db 0x8b, 0x5e, 0x06, 0xc6, 0x07, 0x00, 0x56, 0xe8
    db 0x17, 0x00, 0x83, 0xc4, 0x02, 0x0b, 0xc0, 0x74
    db 0x0d, 0xb8, 0xa4, 0x8a, 0x50, 0xff, 0x76, 0x06
    db 0xe8, 0x0c, 0x08, 0x83, 0xc4, 0x04, 0x5e, 0x5d
    db 0xc3, 0x55, 0x8b, 0xec, 0x83, 0xec, 0x56, 0x57
    db 0x56, 0x8d, 0x46, 0xb6, 0x50, 0xff, 0x76, 0x04
    db 0xe8, 0xa6, 0x04, 0x83, 0xc4, 0x04, 0x8d, 0x46
    db 0xb6, 0x50, 0xe8, 0x9c, 0xfc, 0x83, 0xc4, 0x02
    db 0xbe, 0x02, 0x75, 0x8b, 0x5c, 0x18, 0xa1, 0x5a
    db 0x8a, 0xd1, 0xe0, 0x03, 0xd8, 0x8b, 0x07, 0x89
    db 0x46, 0xb0, 0x50, 0x8d, 0x46, 0xb6, 0x50, 0xe8
    db 0x41, 0xfc, 0x83, 0xc4, 0x04, 0x0b, 0xc0, 0x75
    db 0x1e, 0xff, 0x76, 0xb0, 0xb8, 0x5c, 0x8a, 0x50
    db 0xe8, 0xbc, 0x07, 0x83, 0xc4, 0x04, 0x50, 0xe8
    db 0xb9, 0xfb, 0x83, 0xc4, 0x02, 0xb8, 0x01, 0x00
    db 0x5e, 0x5f, 0x8b, 0xe5, 0x5d, 0xc3, 0x90, 0xe8
    db 0x7d, 0xfb, 0x0b, 0xc0, 0x75, 0x09, 0x2b, 0xc0
    db 0x5e, 0x5f, 0x8b, 0xe5, 0x5d, 0xc3, 0x90, 0xb8
    db 0x4e, 0x86, 0x89, 0x46, 0xb2, 0x89, 0x46, 0xac
    db 0xc7, 0x46, 0xb4, 0x55, 0x86, 0x2b, 0xff, 0xeb
    db 0x07, 0x8b, 0x46, 0xb2, 0x89, 0x46, 0xb4, 0x47
    db 0x83, 0xff, 0x07, 0x7d, 0x3d, 0x8b, 0x5e, 0xac
    db 0x80, 0x3f, 0x00, 0x74, 0x35, 0xff, 0x46, 0xac
    db 0x8a, 0x07, 0x2a, 0xe4, 0x03, 0x44, 0x06, 0x01
    db 0x46, 0xb2, 0x8b, 0x46, 0xb2, 0x89, 0x44, 0x26
    db 0xc7, 0x06, 0xb2, 0x8a, 0x5c, 0x8a, 0xe8, 0x56
    db 0xfc, 0xb8, 0x5c, 0x8a, 0x50, 0x8d, 0x46, 0xb6
    db 0x50, 0xe8, 0xdf, 0x07, 0x83, 0xc4, 0x04, 0x89
    db 0x46, 0xfe, 0x0b, 0xc0, 0x74, 0x8f, 0x0b, 0xc0
    db 0x7d, 0xb7, 0x8b, 0x46, 0xb4, 0x89, 0x44, 0x26
    db 0x0b, 0xff, 0x74, 0x0b, 0xc7, 0x06, 0xb2, 0x8a
    db 0x5c, 0x8a, 0xe8, 0x2a, 0xfc, 0xeb, 0x10, 0xff
    db 0x76, 0xb0, 0xb8, 0x5c, 0x8a, 0x50, 0xe8, 0x1e
    db 0x07, 0x83, 0xc4, 0x04, 0xa3, 0xb2, 0x8a, 0x8d
    db 0x46, 0xb6, 0x50, 0xe8, 0xc9, 0xfc, 0x83, 0xc4
    db 0x02, 0x0b, 0xc0, 0x75, 0x03, 0xe9, 0x66, 0xff
    db 0xe9, 0x52, 0xff, 0x55, 0x8b, 0xec, 0x83, 0xec
    db 0x06, 0x57, 0x56, 0xbf, 0x02, 0x75, 0x8b, 0x45
    db 0x26, 0x89, 0x46, 0xfa, 0x8b, 0xd8, 0xff, 0x46
    db 0xfa, 0x8a, 0x07, 0x2a, 0xe4, 0x8b, 0xf0, 0x0b
    db 0xf6, 0x75, 0x0a, 0xe8, 0x6f, 0x00, 0x5e, 0x5f
    db 0x8b, 0xe5, 0x5d, 0xc3, 0x90, 0x39, 0x75, 0x1a
    db 0x7e, 0x2f, 0x8b, 0x1e, 0x50, 0x8a, 0x8b, 0xc6
    db 0x2b, 0x47, 0x04, 0x29, 0x06, 0xb2, 0x8a, 0x8b
    db 0x47, 0x04, 0x05, 0x0f, 0x00, 0x3b, 0xc6, 0x75
    db 0x39, 0x8b, 0x5e, 0xfa, 0xff, 0x46, 0xfa, 0x8a
    db 0x07, 0x2a, 0xe4, 0x8b, 0x1e, 0x50, 0x8a, 0x2b
    db 0x47, 0x04, 0x29, 0x06, 0xb2, 0x8a, 0xeb, 0x22
    db 0x90, 0x8b, 0x5d, 0x14, 0x8b, 0xc6, 0xd1, 0xe0
    db 0x03, 0xd8, 0xff, 0x37, 0xa1, 0xb2, 0x8a, 0x8b
    db 0x5d, 0x12, 0x8a, 0x08, 0x2a, 0xed, 0x2b, 0xc1
    db 0x50, 0xe8, 0x8b, 0x06, 0x83, 0xc4, 0x04, 0xa3
    db 0xb2, 0x8a, 0x8b, 0x46, 0xfa, 0x89, 0x45, 0x26
    db 0xe8, 0x7c, 0xfb, 0xb8, 0x01, 0x00, 0x5e, 0x5f
    db 0x8b, 0xe5, 0x5d, 0xc3, 0x90, 0x55, 0x8b, 0xec
    db 0x83, 0xec, 0x02, 0x57, 0x56, 0xbe, 0x02, 0x75
    db 0xff, 0x06, 0x5a, 0x8a, 0xa1, 0x5a, 0x8a, 0x39
    db 0x44, 0x0c, 0x7e, 0x07, 0xe8, 0x30, 0xfa, 0x0b
    db 0xc0, 0x75, 0x08, 0x2b, 0xc0, 0x5e, 0x5f, 0x8b
    db 0xe5, 0x5d, 0xc3, 0xc7, 0x44, 0x26, 0x55, 0x86
    db 0x8b, 0x5c, 0x18, 0x8b, 0x3e, 0x5a, 0x8a, 0xd1
    db 0xe7, 0xff, 0x31, 0xb8, 0x5c, 0x8a, 0x50, 0xe8
    db 0x35, 0x06, 0x83, 0xc4, 0x04, 0xa3, 0xb2, 0x8a
    db 0x50, 0xe8, 0x2f, 0xfa, 0x83, 0xc4, 0x02, 0xb8
    db 0x01, 0x00, 0x5e, 0x5f, 0x8b, 0xe5, 0x5d, 0xc3
    db 0x90, 0x55, 0x8b, 0xec, 0x83, 0xec, 0x42, 0x57
    db 0x56, 0x8b, 0x46, 0x06, 0x89, 0x46, 0xc0, 0x8d
    db 0x46, 0xcc, 0x89, 0x46, 0xc2, 0x8b, 0xd8, 0xff
    db 0x46, 0xc2, 0xc6, 0x07, 0x59, 0xeb, 0x40, 0x80
    db 0x7e, 0xbe, 0x08, 0x74, 0x46, 0x8b, 0x5e, 0x04
    db 0xff, 0x46, 0x04, 0x8a, 0x07, 0x2a, 0xe4, 0x8b
    db 0xf8, 0x8b, 0x1e, 0x50, 0x8a, 0x8b, 0x5f, 0x10
    db 0xf6, 0x01, 0x01, 0x75, 0x18, 0x8a, 0x85, 0x76
    db 0x00, 0x8b, 0xf0, 0x8b, 0x1e, 0x50, 0x8a, 0x8b
    db 0x5f, 0x10, 0xf6, 0x00, 0x01, 0x75, 0x04, 0x8a
    db 0x85, 0x76, 0x03, 0x8b, 0xf8, 0x8b, 0x5e, 0xc2
    db 0xff, 0x46, 0xc2, 0x8b, 0xc7, 0x88, 0x07, 0x8b
    db 0x5e, 0x04, 0x8a, 0x07, 0x88, 0x46, 0xbe, 0x0a
    db 0xc0, 0x75, 0xb4, 0x8b, 0x5e, 0xc2, 0xff, 0x46
    db 0xc2, 0xc6, 0x07, 0x5a, 0x8b, 0x5e, 0xc2, 0xc6
    db 0x07, 0x00, 0x8d, 0x46, 0xcc, 0x89, 0x46, 0xc2
    db 0xe9, 0x6b, 0x01, 0x80, 0x7e, 0xbe, 0x5a, 0x75
    db 0x03, 0xe9, 0x71, 0x01, 0xc7, 0x46, 0xca, 0x00
    db 0x00, 0x8b, 0x46, 0xc2, 0x89, 0x46, 0xfe, 0x2b
    db 0xf6, 0x8b, 0x5e, 0xfe, 0xff, 0x46, 0xfe, 0x8a
    db 0x07, 0x2a, 0xe4, 0x8b, 0xf8, 0x0b, 0xff, 0x74
    db 0x27, 0x2c, 0x58, 0x8b, 0xf8, 0x8b, 0x1e, 0x50
    db 0x8a, 0x8b, 0x5f, 0x1a, 0x8a, 0x00, 0x8b, 0xf0
    db 0x0b, 0xf6, 0x74, 0x14, 0x8b, 0x1e, 0x50, 0x8a
    db 0x03, 0xf7, 0x39, 0x77, 0x16, 0x7e, 0x09, 0x8b
    db 0x5f, 0x1c, 0x8a, 0x00, 0x3b, 0xc7, 0x74, 0x27
    db 0x83, 0x7e, 0xca, 0x00, 0x75, 0x3b, 0x8b, 0x5e
    db 0xc2, 0x80, 0x3f, 0x59, 0x74, 0x13, 0x8a, 0x07
    db 0x8b, 0x5e, 0xc0, 0xff, 0x46, 0xc0, 0x88, 0x07
    db 0x8b, 0x5e, 0xc0, 0xff, 0x46, 0xc0, 0xc6, 0x07
    db 0x0b, 0xff, 0x46, 0xc2, 0xe9, 0xf7, 0x00, 0x8b
    db 0x1e, 0x50, 0x8a, 0x8b, 0x5f, 0x1e, 0x80, 0x38
    db 0x7f, 0x74, 0x96, 0x8b, 0x46, 0xfe, 0x2b, 0x46
    db 0xc2, 0x89, 0x46, 0xca, 0x89, 0x76, 0xc4, 0xeb
    db 0x88, 0x8b, 0x1e, 0x50, 0x8a, 0x8b, 0x5f, 0x1e
    db 0x03, 0x5e, 0xc4, 0x8a, 0x07, 0x2a, 0xe4, 0x89
    db 0x46, 0xc4, 0x3d, 0x0a, 0x00, 0x7d, 0x4c, 0x8b
    db 0x5e, 0xc2, 0x80, 0x3f, 0x59, 0x75, 0x06, 0xff
    db 0x4e, 0xca, 0xff, 0x46, 0xc2, 0x8b, 0x5e, 0xc2
    db 0xff, 0x46, 0xc2, 0x8a, 0x07, 0x8b, 0x5e, 0xc0
    db 0xff, 0x46, 0xc0, 0x88, 0x07, 0x8b, 0x5e, 0xc0
    db 0xff, 0x46, 0xc0, 0x8a, 0x46, 0xc4, 0x04, 0x10
    db 0x88, 0x07, 0x83, 0x7e, 0xca, 0x02, 0x74, 0x03
    db 0xe9, 0x93, 0x00, 0x8b, 0x5e, 0xc2, 0x80, 0x3f
    db 0x5a, 0x75, 0x03, 0xe9, 0x88, 0x00, 0x8b, 0x5e
    db 0xc0, 0xff, 0x46, 0xc0, 0xc6, 0x07, 0x09, 0xe9
    db 0x76, 0xff, 0x90, 0x8b, 0x1e, 0x50, 0x8a, 0x8b
    db 0x47, 0x20, 0x03, 0x46, 0xc4, 0x2d, 0x0a, 0x00
    db 0x89, 0x46, 0xfe, 0x83, 0x7e, 0xca, 0x02, 0x74
    db 0x06, 0x8b, 0x47, 0x18, 0x01, 0x46, 0xfe, 0x8b
    db 0x5e, 0xfe, 0x80, 0x3f, 0x41, 0x73, 0x3a, 0xff
    db 0x4e, 0xca, 0x78, 0x52, 0x8b, 0x5e, 0xc2, 0x80
    db 0x3f, 0x59, 0x75, 0x05, 0xff, 0x46, 0xc2, 0xeb
    db 0xee, 0x8b, 0x5e, 0xc2, 0x80, 0x3f, 0x5a, 0x74
    db 0x0d, 0xff, 0x46, 0xc2, 0x8a, 0x07, 0x8b, 0x5e
    db 0xc0, 0xff, 0x46, 0xc0, 0x88, 0x07, 0x8b, 0x5e
    db 0xfe, 0xff, 0x46, 0xfe, 0x8a, 0x07, 0x8b, 0x5e
    db 0xc0, 0xff, 0x46, 0xc0, 0x88, 0x07, 0xeb, 0xc7
    db 0x90, 0x8b, 0x5e, 0xfe, 0xff, 0x46, 0xfe, 0x8a
    db 0x07, 0x8b, 0x5e, 0xc0, 0xff, 0x46, 0xc0, 0x88
    db 0x07, 0x0a, 0xc0, 0x75, 0xec, 0xff, 0x4e, 0xc0
    db 0x8b, 0x46, 0xca, 0x01, 0x46, 0xc2, 0x8b, 0x5e
    db 0xc2, 0x8a, 0x07, 0x88, 0x46, 0xbe, 0x0a, 0xc0
    db 0x74, 0x03, 0xe9, 0x86, 0xfe, 0x8b, 0x5e, 0x04
    db 0xff, 0x46, 0x04, 0x80, 0x3f, 0x08, 0x75, 0x29
    db 0x8b, 0x5e, 0xc0, 0xff, 0x46, 0xc0, 0xc6, 0x07
    db 0x08, 0x8b, 0x5e, 0xc0, 0xff, 0x46, 0xc0, 0xc6
    db 0x07, 0x0b, 0x8b, 0x5e, 0x04, 0xff, 0x46, 0x04
    db 0x8a, 0x07, 0x8b, 0x5e, 0xc0, 0xff, 0x46, 0xc0
    db 0x88, 0x07, 0x0a, 0xc0, 0x74, 0x09, 0xeb, 0xea
    db 0x90, 0x8b, 0x5e, 0xc0, 0xc6, 0x07, 0x00, 0x5e
    db 0x5f, 0x8b, 0xe5, 0x5d, 0xc3, 0x55, 0x8b, 0xec
    db 0x83, 0xec, 0x0a, 0x57, 0x56, 0x8b, 0x76, 0x06
    db 0x8b, 0x46, 0x04, 0x89, 0x46, 0xf6, 0x8b, 0x1e
    db 0x50, 0x8a, 0x8b, 0x47, 0x04, 0xd1, 0xe0, 0x03
    db 0x47, 0x0e, 0x89, 0x46, 0xfc, 0xeb, 0x5a, 0x8b
    db 0x5e, 0xf6, 0xff, 0x46, 0xf6, 0x8a, 0x07, 0x88
    db 0x46, 0xfa, 0x8b, 0x1e, 0x50, 0x8a, 0x8b, 0x7f
    db 0x0e, 0x39, 0x7e, 0xfc, 0x75, 0x21, 0x8b, 0x1e
    db 0x50, 0x8a, 0x8a, 0x47, 0x0a, 0x88, 0x04, 0x46
    db 0x80, 0x7e, 0xf8, 0x08, 0x75, 0x33, 0xff, 0x76
    db 0xf6, 0x56, 0xe8, 0x92, 0x03, 0x83, 0xc4, 0x04
    db 0x5e, 0x5f, 0x8b, 0xe5, 0x5d, 0xc3, 0x90, 0x8a
    db 0x05, 0x38, 0x46, 0xf8, 0x75, 0x15, 0x8a, 0x45
    db 0x01, 0x38, 0x46, 0xfa, 0x75, 0x0d, 0x8b, 0x1e
    db 0x50, 0x8a, 0x8b, 0xc7, 0x2b, 0x47, 0x0e, 0xd1
    db 0xf8, 0xeb, 0xca, 0x83, 0xc7, 0x02, 0xeb, 0xb9
    db 0x90, 0x8b, 0x5e, 0xf6, 0xff, 0x46, 0xf6, 0x8a
    db 0x07, 0x88, 0x46, 0xf8, 0x0a, 0xc0, 0x75, 0x97
    db 0xc6, 0x04, 0x00, 0x5e, 0x5f, 0x8b, 0xe5, 0x5d
    db 0xc3, 0x55, 0x8b, 0xec, 0x83, 0xec, 0x78, 0x56
    db 0x8b, 0x5e, 0x06, 0x8b, 0x36, 0x50, 0x8a, 0x8a
    db 0x44, 0x06, 0x88, 0x47, 0x01, 0x8b, 0x5e, 0x06
    db 0x88, 0x07, 0x8d, 0x46, 0x88, 0x50, 0xff, 0x76
    db 0x04, 0xe8, 0x0d, 0xfd, 0x83, 0xc4, 0x04, 0x8b
    db 0x46, 0x06, 0x05, 0x02, 0x00, 0x50, 0x8d, 0x46
    db 0x88, 0x50, 0xe8, 0x38, 0xff, 0x83, 0xc4, 0x04
    db 0x5e, 0x8b, 0xe5, 0x5d, 0xc3, 0x55, 0x8b, 0xec
    db 0x83, 0xec, 0x10, 0x57, 0x56, 0x8b, 0x76, 0x04
    db 0x80, 0x3c, 0x00, 0x75, 0x0a, 0xb8, 0xff, 0xff
    db 0x5e, 0x5f, 0x8b, 0xe5, 0x5d, 0xc3, 0x90, 0x2b
    db 0xc0, 0x89, 0x46, 0xf8, 0x89, 0x46, 0xfc, 0x89
    db 0x46, 0xf0, 0xb8, 0x01, 0x00, 0x89, 0x46, 0xfa
    db 0x89, 0x46, 0xfe, 0xc7, 0x46, 0xf4, 0x00, 0x00
    db 0xeb, 0x58, 0x90, 0xff, 0x46, 0xfc, 0x83, 0xff
    db 0x08, 0x74, 0xd2, 0x8b, 0x1e, 0x50, 0x8a, 0x8b
    db 0x5f, 0x10, 0xf6, 0x01, 0x01, 0x75, 0x0c, 0xc7
    db 0x46, 0xf0, 0x10, 0x00, 0xc7, 0x46, 0xfa, 0x00
    db 0x00, 0xeb, 0x37, 0xf6, 0x85, 0x76, 0x02, 0x08
    db 0x74, 0x03, 0xff, 0x46, 0xf8, 0xf6, 0x85, 0x76
    db 0x02, 0x04, 0x74, 0x05, 0xc7, 0x46, 0xfe, 0x00
    db 0x00, 0xf6, 0x46, 0xfc, 0x01, 0x74, 0x0c, 0x83
    db 0xff, 0x2e, 0x75, 0x16, 0xc7, 0x46, 0xfa, 0x00
    db 0x00, 0xeb, 0x05, 0x83, 0xff, 0x2e, 0x75, 0xcc
    db 0x80, 0x3c, 0x00, 0x74, 0x05, 0xc7, 0x46, 0xf4
    db 0x01, 0x00, 0x46, 0x8a, 0x44, 0xff, 0x2a, 0xe4
    db 0x8b, 0xf8, 0x0b, 0xff, 0x75, 0x9d, 0x8b, 0x46
    db 0x08, 0x39, 0x46, 0xfc, 0x7c, 0x03, 0xe9, 0x6c
    db 0xff, 0x83, 0xee, 0x02, 0x83, 0x7e, 0xf4, 0x00
    db 0x74, 0x13, 0x83, 0x7e, 0xfa, 0x00, 0x74, 0x0d
    db 0x80, 0x3c, 0x2e, 0x75, 0x08, 0xc7, 0x46, 0xf0
    db 0x08, 0x00, 0xeb, 0x15, 0x90, 0x83, 0x7e, 0xf4
    db 0x00, 0x74, 0x05, 0xc7, 0x46, 0xf0, 0x10, 0x00
    db 0x80, 0x3c, 0x2e, 0x75, 0x04, 0x80, 0x4e, 0xf0
    db 0x04, 0x83, 0x7e, 0xfe, 0x00, 0x74, 0x0c, 0x83
    db 0x7e, 0xf8, 0x00, 0x74, 0x06, 0x80, 0x4e, 0xf0
    db 0x03, 0xeb, 0x2a, 0x8b, 0x5e, 0x04, 0x8a, 0x1f
    db 0x2a, 0xff, 0xf6, 0x87, 0x76, 0x02, 0x08, 0x74
    db 0x0c, 0x83, 0x7e, 0xf8, 0x01, 0x75, 0x06, 0x80
    db 0x4e, 0xf0, 0x02, 0xeb, 0x10, 0x83, 0x7e, 0xf8
    db 0x00, 0x75, 0x06, 0x80, 0x4e, 0xf0, 0x01, 0xeb
    db 0x04, 0x80, 0x4e, 0xf0, 0x10, 0x8b, 0x76, 0x04
    db 0xeb, 0x16, 0x90, 0x83, 0xff, 0x2e, 0x75, 0x06
    db 0xf6, 0x46, 0xf0, 0x10, 0x74, 0x0a, 0x8b, 0x5e
    db 0x06, 0xff, 0x46, 0x06, 0x8b, 0xc7, 0x88, 0x07
    db 0x46, 0x8a, 0x5c, 0xff, 0x2a, 0xff, 0x8a, 0x87
    db 0x76, 0x00, 0x2a, 0xe4, 0x8b, 0xf8, 0x0b, 0xff
    db 0x75, 0xd9, 0xf6, 0x46, 0xf0, 0x10, 0x74, 0x32
    db 0x83, 0x66, 0xf0, 0x14, 0xf6, 0x46, 0xf0, 0x04
    db 0x74, 0x03, 0xff, 0x4e, 0x06, 0x8b, 0x5e, 0x06
    db 0xff, 0x46, 0x06, 0xc6, 0x07, 0x08, 0x8b, 0x76
    db 0x04, 0x8b, 0x5e, 0x06, 0xff, 0x46, 0x06, 0xac
    db 0x88, 0x07, 0x0a, 0xc0, 0x75, 0xf3, 0xff, 0x4e
    db 0x06, 0xf6, 0x46, 0xf0, 0x04, 0x74, 0x03, 0xff
    db 0x4e, 0x06, 0x8b, 0x5e, 0x06, 0xc6, 0x07, 0x00
    db 0x8b, 0x46, 0xf0, 0x5e, 0x5f, 0x8b, 0xe5, 0x5d
    db 0xc3, 0x55, 0x8b, 0xec, 0x83, 0xec, 0x02, 0x57
    db 0x56, 0x8b, 0x76, 0x04, 0x8b, 0x7e, 0x06, 0xf7
    db 0xc7, 0x10, 0x00, 0x74, 0x20, 0x8b, 0x5e, 0x08
    db 0xff, 0x46, 0x08, 0xac, 0x88, 0x07, 0x0a, 0xc0
    db 0x75, 0xf3, 0xf7, 0xc7, 0x04, 0x00, 0x75, 0x03
    db 0xe9, 0x85, 0x00, 0x8b, 0x5e, 0x08, 0xc6, 0x47
    db 0xff, 0x2e, 0xeb, 0x76, 0x90, 0x8b, 0xc7, 0x25
    db 0x03, 0x00, 0x3d, 0x02, 0x00, 0x75, 0x4f, 0x46
    db 0x8a, 0x44, 0xff, 0x2a, 0xe4, 0x89, 0x46, 0xfe
    db 0x8b, 0xd8, 0x8a, 0x87, 0x76, 0x04, 0x8b, 0x5e
    db 0x08, 0xff, 0x46, 0x08, 0xeb, 0x27, 0x90, 0x8b
    db 0x5e, 0xfe, 0xf6, 0x87, 0x76, 0x02, 0x04, 0x74
    db 0x13, 0x8b, 0xc7, 0x25, 0x03, 0x00, 0x3d, 0x03
    db 0x00, 0x75, 0x09, 0x8a, 0x87, 0x76, 0x04, 0x2a
    db 0xe4, 0x89, 0x46, 0xfe, 0x8b, 0x5e, 0x08, 0xff
    db 0x46, 0x08, 0x8a, 0x46, 0xfe, 0x88, 0x07, 0xf7
    db 0xc7, 0x08, 0x00, 0x74, 0x09, 0x8b, 0x5e, 0x08
    db 0xff, 0x46, 0x08, 0xc6, 0x07, 0x2e, 0x46, 0x8a
    db 0x44, 0xff, 0x2a, 0xe4, 0x89, 0x46, 0xfe, 0x0b
    db 0xc0, 0x75, 0xbc, 0xf7, 0xc7, 0x04, 0x00, 0x74
    db 0x09, 0x8b, 0x5e, 0x08, 0xff, 0x46, 0x08, 0xc6
    db 0x07, 0x2e, 0x8b, 0x5e, 0x08, 0xc6, 0x07, 0x00
    db 0x5e, 0x5f, 0x8b, 0xe5, 0x5d, 0xc3, 0x90, 0x55
    db 0x8b, 0xec, 0x83, 0xec, 0x08, 0x57, 0x56, 0x8b
    db 0x76, 0x06, 0x8b, 0x7e, 0x04, 0x83, 0xc7, 0x02
    db 0xeb, 0x63, 0x90, 0x8b, 0x1e, 0x50, 0x8a, 0x47
    db 0x8b, 0x47, 0x0e, 0x8a, 0x5d, 0xff, 0x2a, 0xff
    db 0xd1, 0xe3, 0x03, 0xd8, 0x8a, 0x07, 0x2a, 0xe4
    db 0x89, 0x46, 0xfe, 0x8b, 0x1e, 0x50, 0x8a, 0x8b
    db 0x5f, 0x10, 0x03, 0xd8, 0xf6, 0x07, 0x01, 0x74
    db 0x18, 0x8a, 0x46, 0xfe, 0x88, 0x04, 0x46, 0x8b
    db 0x5e, 0xfe, 0xf6, 0x87, 0x76, 0x02, 0x1c, 0x74
    db 0x2c, 0x8b, 0xc3, 0x89, 0x46, 0xfa, 0xeb, 0x25
    db 0x90, 0x83, 0x7e, 0xfe, 0x09, 0x75, 0x08, 0x8a
    db 0x46, 0xfa, 0x88, 0x04, 0x46, 0xeb, 0x16, 0x83
    db 0x7e, 0xfe, 0x08, 0x75, 0x10, 0x57, 0xff, 0x76
    db 0x06, 0xe8, 0x6b, 0x00, 0x83, 0xc4, 0x04, 0x5e
    db 0x5f, 0x8b, 0xe5, 0x5d, 0xc3, 0x80, 0x3d, 0x00
    db 0x75, 0x99, 0xc6, 0x04, 0x00, 0x5e, 0x5f, 0x8b
    db 0xe5, 0x5d, 0xc3, 0x55, 0x8b, 0xec, 0xff, 0x76
    db 0x06, 0xff, 0x76, 0x04, 0xe8, 0x4d, 0xd0, 0x83
    db 0xc4, 0x04, 0x3b, 0x46, 0x06, 0x74, 0x06, 0xb8
    db 0xff, 0xff, 0x5d, 0xc3, 0x90, 0x2b, 0xc0, 0x5d
    db 0xc3, 0x55, 0x8b, 0xec, 0x83, 0xec, 0x02, 0x57
    db 0x56, 0x8b, 0x76, 0x04, 0x8b, 0x7e, 0x06, 0xeb
    db 0x19, 0x46, 0x8a, 0x44, 0xff, 0x2a, 0xe4, 0x89
    db 0x46, 0xfe, 0x46, 0x8a, 0x44, 0xff, 0x8a, 0xe8
    db 0x2a, 0xc9, 0x03, 0x4e, 0xfe, 0x89, 0x0d, 0x83
    db 0xc7, 0x02, 0xff, 0x4e, 0x08, 0x79, 0xe2, 0x8b
    db 0xc7, 0x5e, 0x5f, 0x8b, 0xe5, 0x5d, 0xc3, 0x55
    db 0x8b, 0xec, 0x57, 0x56, 0x8b, 0x76, 0x04, 0x8b
    db 0x7e, 0x06, 0x8a, 0x05, 0x47, 0x88, 0x04, 0x46
    db 0x0a, 0xc0, 0x75, 0xf6, 0x4e, 0x8b, 0xc6, 0x5e
    db 0x5f, 0x5d, 0xc3, 0x55, 0x8b, 0xec, 0x56, 0x8b
    db 0x76, 0x04, 0x46, 0x80, 0x7c, 0xff, 0x00, 0x75
    db 0xf9, 0x8d, 0x44, 0xff, 0x5e, 0x5d, 0xc3, 0x55
    db 0x8b, 0xec, 0x57, 0x56, 0x8b, 0x76, 0x04, 0x8b
    db 0x7e, 0x06, 0x81, 0xe7, 0xff, 0x00, 0x8a, 0x04
    db 0x2a, 0xe4, 0x3b, 0xc7, 0x75, 0x07, 0x8b, 0xc6
    db 0x5e, 0x5f, 0x5d, 0xc3, 0x90, 0x46, 0x80, 0x7c
    db 0xff, 0x00, 0x75, 0xea, 0x2b, 0xc0, 0x5e, 0x5f
    db 0x5d, 0xc3, 0x90, 0x55, 0x8b, 0xec, 0x83, 0xec
    db 0x02, 0x57, 0x56, 0x8b, 0x76, 0x04, 0x8b, 0x7e
    db 0x06, 0xc7, 0x46, 0xfe, 0x00, 0x00, 0x81, 0xe7
    db 0xff, 0x00, 0xeb, 0x11, 0x90, 0x46, 0x8a, 0x44
    db 0xff, 0x2a, 0xe4, 0x3b, 0xc7, 0x75, 0x06, 0x8d
    db 0x44, 0xff, 0x89, 0x46, 0xfe, 0x80, 0x3c, 0x00
    db 0x75, 0xeb, 0x8b, 0x46, 0xfe, 0x5e, 0x5f, 0x8b
    db 0xe5, 0x5d, 0xc3, 0x55, 0x8b, 0xec, 0x57, 0x56
    db 0x8b, 0x76, 0x04, 0x8b, 0x7e, 0x06, 0xeb, 0x11
    db 0x90, 0x80, 0x7d, 0xff, 0x00, 0x75, 0x0a, 0x4e
    db 0x8a, 0x04, 0x2a, 0xe4, 0x5e, 0x5f, 0x5d, 0xc3
    db 0x90, 0x46, 0x8a, 0x05, 0x47, 0x38, 0x44, 0xff
    db 0x74, 0xe7, 0x4e, 0x8a, 0x04, 0x2a, 0xe4, 0x4f
    db 0x8a, 0x0d, 0x2a, 0xed, 0x2b, 0xc1, 0x5e, 0x5f
    db 0x5d, 0xc3, 0x90, 0x55, 0x8b, 0xec, 0x83, 0xec
    db 0x08, 0x57, 0x56, 0x8b, 0x76, 0x04, 0x8b, 0x44
    db 0x22, 0x03, 0x44, 0x0c, 0x99, 0xb1, 0x0a, 0xd1
    db 0xe0, 0xd1, 0xd2, 0xfe, 0xc9, 0x75, 0xf8, 0x89
    db 0x46, 0xfc, 0x89, 0x56, 0xfe, 0x89, 0x36, 0x50
    db 0x92, 0xb8, 0x01, 0x00, 0x50, 0x52, 0xff, 0x76
    db 0xfc, 0xe8, 0x6f, 0x19, 0x83, 0xc4, 0x06, 0x40
    db 0x75, 0x09, 0x2b, 0xc0, 0x5e, 0x5f, 0x8b, 0xe5
    db 0x5d, 0xc3, 0x90, 0xe8, 0x59, 0xe2, 0x99, 0x01
    db 0x46, 0xfc, 0x11, 0x56, 0xfe, 0xb8, 0x0f, 0x00
    db 0x50, 0xb8, 0x1a, 0x77, 0x50, 0xe8, 0x29, 0xf1
    db 0x83, 0xc4, 0x04, 0xff, 0x36, 0x1e, 0x77, 0xb8
    db 0xa0, 0x79, 0xa3, 0x3c, 0x77, 0x50, 0xe8, 0x18
    db 0xf1, 0x83, 0xc4, 0x04, 0xff, 0x36, 0x22, 0x77
    db 0xb8, 0x22, 0x7b, 0xa3, 0x40, 0x77, 0x50, 0xe8
    db 0x07, 0xf1, 0x83, 0xc4, 0x04, 0xc7, 0x06, 0x44
    db 0x77, 0x7c, 0x76, 0xc7, 0x46, 0xfa, 0x00, 0x00
    db 0xeb, 0x16, 0x90, 0xe8, 0x55, 0x17, 0x8a, 0xe8
    db 0x2a, 0xc9, 0x8b, 0x5e, 0xfa, 0xd1, 0xe3, 0x03
    db 0x1e, 0x44, 0x77, 0x89, 0x0f, 0xff, 0x46, 0xfa
    db 0xa1, 0x26, 0x77, 0x39, 0x46, 0xfa, 0x7c, 0xe3
    db 0x8b, 0xd8, 0xd1, 0xe3, 0x03, 0x1e, 0x44, 0x77
    db 0x80, 0x47, 0xff, 0x01, 0xc7, 0x06, 0x46, 0x77
    db 0xa6, 0x80, 0xbf, 0xa6, 0x80, 0xa1, 0x28, 0x77
    db 0x89, 0x46, 0xfa, 0xeb, 0x06, 0xe8, 0x1b, 0x17
    db 0x88, 0x05, 0x47, 0xff, 0x4e, 0xfa, 0x79, 0xf5
    db 0xa1, 0x1e, 0x77, 0x03, 0x06, 0x20, 0x77, 0x03
    db 0x06, 0x22, 0x77, 0x03, 0x06, 0x24, 0x77, 0xd1
    db 0xe0, 0x03, 0x06, 0x26, 0x77, 0x03, 0x06, 0x28
    db 0x77, 0x05, 0x1e, 0x00, 0x99, 0x01, 0x46, 0xfc
    db 0x11, 0x56, 0xfe, 0xff, 0x0e, 0x1e, 0x77, 0xff
    db 0x0e, 0x22, 0x77, 0xc7, 0x06, 0x38, 0x77, 0x60
    db 0x7d, 0xc7, 0x06, 0x3a, 0x77, 0x24, 0x7a, 0xe8
    db 0xcf, 0x12, 0x99, 0x01, 0x46, 0xfc, 0x11, 0x56
    db 0xfe, 0x8b, 0x46, 0xfc, 0x8b, 0x56, 0xfe, 0xa3
    db 0x48, 0x77, 0x89, 0x16, 0x4a, 0x77, 0xff, 0x36
    db 0x20, 0x77, 0xff, 0x36, 0x3e, 0x77, 0xff, 0x36
    db 0x3c, 0x77, 0x52, 0x50, 0xff, 0x36, 0x1e, 0x77
    db 0xe8, 0x58, 0x09, 0x83, 0xc4, 0x0c, 0xa3, 0x4c
    db 0x77, 0x89, 0x16, 0x4e, 0x77, 0xc7, 0x06, 0x46
    db 0x79, 0x52, 0x79, 0xc7, 0x06, 0x48, 0x79, 0xa0
    db 0x7b, 0xc7, 0x06, 0x50, 0x79, 0x9a, 0x76, 0xa1
    db 0x2e, 0x77, 0x05, 0x02, 0x00, 0xa3, 0x5c, 0x77
    db 0xa1, 0x2a, 0x77, 0x03, 0x06, 0x2c, 0x77, 0x05
    db 0xa0, 0x7b, 0xa3, 0x4c, 0x79, 0xc7, 0x06, 0x62
    db 0x77, 0x01, 0x00, 0xb8, 0x01, 0x00, 0x5e, 0x5f
    db 0x8b, 0xe5, 0x5d, 0xc3, 0x90, 0x55, 0x8b, 0xec
    db 0x83, 0xec, 0x3a, 0x57, 0x56, 0x8b, 0x76, 0x04
    db 0x8b, 0x7e, 0x0a, 0x56, 0xe8, 0x06, 0xba, 0x83
    db 0xc4, 0x02, 0x3d, 0x18, 0x00, 0x7c, 0x08, 0x2b
    db 0xc0, 0x5e, 0x5f, 0x8b, 0xe5, 0x5d, 0xc3, 0x8b
    db 0x46, 0x08, 0x89, 0x46, 0xfe, 0xb8, 0x18, 0x00
    db 0x50, 0x8d, 0x46, 0xce, 0x50, 0x56, 0xe8, 0x7c
    db 0xfa, 0x83, 0xc4, 0x06, 0xa3, 0x9e, 0x79, 0x40
    db 0x74, 0xdd, 0xff, 0x4e, 0x06, 0xb8, 0x67, 0x77
    db 0x50, 0x8d, 0x46, 0xce, 0x50, 0xe8, 0x0b, 0xfe
    db 0x83, 0xc4, 0x04, 0x0b, 0xc0, 0x74, 0x1e, 0x8d
    db 0x46, 0xce, 0x50, 0xb8, 0x67, 0x77, 0x50, 0xe8
    db 0x65, 0xfd, 0x83, 0xc4, 0x04, 0xc7, 0x06, 0x62
    db 0x77, 0x01, 0x00, 0xa0, 0x9e, 0x79, 0x24, 0x10
    db 0xa2, 0x65, 0x77, 0xeb, 0x53, 0xa0, 0x64, 0x77
    db 0x2a, 0xe4, 0x39, 0x46, 0x06, 0x76, 0x0a, 0xb8
    db 0xff, 0xff, 0x5e, 0x5f, 0x8b, 0xe5, 0x5d, 0xc3
    db 0x90, 0x83, 0x3e, 0x62, 0x77, 0x01, 0x74, 0x38
    db 0x8b, 0x1e, 0x50, 0x92, 0x8b, 0x47, 0x1e, 0x89
    db 0x46, 0xca, 0xeb, 0x22, 0x90, 0x83, 0x7e, 0x08
    db 0x00, 0x74, 0x25, 0xb8, 0x02, 0x00, 0x50, 0x03
    db 0xf8, 0xff, 0x75, 0xfe, 0xff, 0x76, 0x06, 0xff
    db 0x46, 0x06, 0xff, 0x76, 0xca, 0xe8, 0xaf, 0x08
    db 0x83, 0xc4, 0x08, 0xff, 0x4e, 0x08, 0xa0, 0x64
    db 0x77, 0x2a, 0xe4, 0x39, 0x46, 0x06, 0x72, 0xd5
    db 0xa1, 0x62, 0x77, 0x3d, 0x01, 0x00, 0x74, 0x15
    db 0x3d, 0x02, 0x00, 0x74, 0x41, 0x3d, 0x04, 0x00
    db 0x74, 0x1d, 0x3d, 0x07, 0x00, 0x75, 0x03, 0xe9
    db 0x3e, 0x02, 0xe9, 0x3a, 0xff, 0x8d, 0x46, 0xcc
    db 0x50, 0x56, 0xe8, 0x4a, 0x02, 0x83, 0xc4, 0x04
    db 0x0b, 0xc0, 0x75, 0x03, 0xe9, 0x28, 0xff, 0x57
    db 0x8d, 0x46, 0x08, 0x50, 0x2b, 0xc0, 0x50, 0xe8
    db 0x83, 0x04, 0x83, 0xc4, 0x06, 0xd1, 0xe0, 0x03
    db 0xf8, 0x83, 0x3e, 0x62, 0x77, 0x02, 0x74, 0x06
    db 0x83, 0x7e, 0x08, 0x00, 0x75, 0x0d, 0x8b, 0x46
    db 0xfe, 0x2b, 0x46, 0x08, 0x5e, 0x5f, 0x8b, 0xe5
    db 0x5d, 0xc3, 0x90, 0xa0, 0x64, 0x77, 0x2a, 0xe4
    db 0xa3, 0xd0, 0x77, 0xc7, 0x06, 0x62, 0x77, 0x07
    db 0x00, 0xb8, 0x67, 0x77, 0x50, 0xb8, 0x97, 0x77
    db 0x50, 0xe8, 0x8b, 0xfc, 0x83, 0xc4, 0x04, 0xb8
    db 0xf8, 0x77, 0x50, 0xb8, 0xc7, 0x77, 0x50, 0xb8
    db 0x97, 0x77, 0x50, 0xe8, 0x57, 0xe0, 0x83, 0xc4
    db 0x06, 0x0b, 0xc0, 0x75, 0x08, 0xc7, 0x06, 0x62
    db 0x77, 0x02, 0x00, 0xeb, 0xb9, 0x80, 0x3e, 0x65
    db 0x77, 0x00, 0x74, 0x30, 0x80, 0x3e, 0x66, 0x77
    db 0x00, 0x74, 0x29, 0xb8, 0x18, 0x00, 0x50, 0x8d
    db 0x46, 0xce, 0x50, 0xb8, 0x97, 0x77, 0x50, 0xe8
    db 0x3b, 0xf9, 0x83, 0xc4, 0x06, 0x40, 0x74, 0x14
    db 0x8d, 0x46, 0xce, 0x50, 0xb8, 0x97, 0x77, 0x50
    db 0xe8, 0x3c, 0xfc, 0x83, 0xc4, 0x04, 0xc7, 0x06
    db 0xc9, 0x77, 0x00, 0x00, 0xc7, 0x06, 0x46, 0x81
    db 0x00, 0x00, 0xa1, 0xf8, 0x77, 0xe9, 0x84, 0x00
    db 0x90, 0x8b, 0x1e, 0x9c, 0x79, 0x8b, 0x47, 0x04
    db 0x8b, 0x5e, 0xc6, 0x89, 0x87, 0xd8, 0x77, 0xff
    db 0x36, 0x50, 0x92, 0xff, 0x36, 0x9e, 0x7b, 0xe8
    db 0x4f, 0x11, 0x83, 0xc4, 0x04, 0x8b, 0x1e, 0x46
    db 0x81, 0xd1, 0xe3, 0xd1, 0xe3, 0x89, 0x87, 0xe8
    db 0x77, 0x89, 0x97, 0xea, 0x77, 0x0b, 0xd2, 0x7c
    db 0x2b, 0xff, 0x76, 0xcc, 0xff, 0x36, 0x46, 0x81
    db 0xe8, 0x3a, 0x0e, 0x83, 0xc4, 0x04, 0x0b, 0xc0
    db 0x75, 0x1a, 0x8b, 0x1e, 0x46, 0x81, 0xd1, 0xe3
    db 0xd1, 0xe3, 0xff, 0xb7, 0xea, 0x77, 0xff, 0xb7
    db 0xe8, 0x77, 0xe8, 0xe2, 0x02, 0x83, 0xc4, 0x04
    db 0x0b, 0xc0, 0x75, 0x0d, 0xff, 0x36, 0x46, 0x81
    db 0xe8, 0xa8, 0x10, 0x83, 0xc4, 0x02, 0xeb, 0x12
    db 0x90, 0xff, 0x06, 0x46, 0x81, 0x8b, 0x1e, 0x46
    db 0x81, 0xd1, 0xe3, 0xa1, 0x60, 0x77, 0x89, 0x87
    db 0xe0, 0x77, 0x8b, 0x1e, 0x46, 0x81, 0xd1, 0xe3
    db 0x8b, 0x87, 0xf8, 0x77, 0xa3, 0x9c, 0x79, 0xa1
    db 0x46, 0x81, 0xd1, 0xe0, 0x89, 0x46, 0xc6, 0x8b
    db 0xd8, 0x8b, 0x87, 0xc7, 0x77, 0xa3, 0x9e, 0x7b
    db 0x0b, 0xc0, 0x74, 0x03, 0xe9, 0x62, 0xff, 0x80
    db 0x3e, 0x66, 0x77, 0x00, 0x74, 0x37, 0x80, 0x3e
    db 0x65, 0x77, 0x00, 0x74, 0x30, 0xc7, 0x46, 0xc8
    db 0x97, 0x77, 0x8b, 0x5e, 0xc8, 0x80, 0x3f, 0x00
    db 0x74, 0x23, 0xff, 0x46, 0xc8, 0x80, 0x3f, 0x08
    db 0x75, 0xf0, 0xff, 0x76, 0xc8, 0x8d, 0x46, 0xce
    db 0x50, 0xe8, 0x5b, 0xfb, 0x83, 0xc4, 0x04, 0x8d
    db 0x46, 0xce, 0x50, 0xb8, 0x97, 0x77, 0x50, 0xe8
    db 0x4d, 0xfb, 0x83, 0xc4, 0x04, 0xc7, 0x06, 0x46
    db 0x81, 0x00, 0x00, 0xa1, 0xc7, 0x77, 0xa3, 0x9e
    db 0x7b, 0xe9, 0x94, 0x00, 0x90, 0xa0, 0x64, 0x77
    db 0x2a, 0xe4, 0x39, 0x06, 0xd0, 0x77, 0x73, 0x17
    db 0x8b, 0x1e, 0x9c, 0x79, 0x83, 0x7f, 0x06, 0x0f
    db 0x74, 0x06, 0x83, 0x7f, 0x06, 0x11, 0x75, 0x07
    db 0x83, 0x3e, 0x46, 0x81, 0x00, 0x7f, 0x51, 0x81
    db 0x26, 0x50, 0x77, 0x00, 0xe0, 0x8b, 0x1e, 0x46
    db 0x81, 0xd1, 0xe3, 0x8b, 0x87, 0xd8, 0x77, 0x99
    db 0x09, 0x06, 0x50, 0x77, 0x09, 0x16, 0x52, 0x77
    db 0x57, 0x8d, 0x46, 0x08, 0x50, 0xa1, 0x46, 0x81
    db 0x40, 0x50, 0xe8, 0xb0, 0x02, 0x83, 0xc4, 0x06
    db 0xd1, 0xe0, 0x03, 0xf8, 0x83, 0x3e, 0x62, 0x77
    db 0x02, 0x75, 0x03, 0xe9, 0x30, 0xfe, 0x83, 0x7e
    db 0x08, 0x00, 0x75, 0x03, 0xe9, 0x27, 0xfe, 0x8b
    db 0x1e, 0x46, 0x81, 0xd1, 0xe3, 0xa0, 0x64, 0x77
    db 0x2a, 0xe4, 0x39, 0x87, 0xd0, 0x77, 0x75, 0x0d
    db 0xff, 0x36, 0x46, 0x81, 0xe8, 0xa4, 0x0f, 0x83
    db 0xc4, 0x02, 0xeb, 0x14, 0x90, 0xff, 0x06, 0x46
    db 0x81, 0x8b, 0x1e, 0x46, 0x81, 0xd1, 0xe3, 0xa0
    db 0x64, 0x77, 0x2a, 0xe4, 0x89, 0x87, 0xd0, 0x77
    db 0x8b, 0x1e, 0x46, 0x81, 0xd1, 0xe3, 0x8b, 0x87
    db 0xf8, 0x77, 0xa3, 0x9c, 0x79, 0x0b, 0xc0, 0x74
    db 0x03, 0xe9, 0x59, 0xff, 0xe9, 0x1e, 0xfe, 0x55
    db 0x8b, 0xec, 0x83, 0xec, 0x38, 0x57, 0x56, 0x8b
    db 0x5e, 0x06, 0xc7, 0x07, 0x01, 0x00, 0xc7, 0x06
    db 0x50, 0x77, 0xff, 0xff, 0xc7, 0x06, 0x52, 0x77
    db 0x13, 0x00, 0xc7, 0x06, 0x9c, 0x79, 0x00, 0x00
    db 0xbf, 0x04, 0x00, 0xeb, 0x45, 0x8b, 0xc7, 0xd1
    db 0xe0, 0x89, 0x46, 0xc8, 0x8b, 0xd8, 0xc7, 0x87
    db 0xd8, 0x77, 0x0d, 0x00, 0x8b, 0x5e, 0xc8, 0xc7
    db 0x87, 0xd0, 0x77, 0x28, 0x00, 0x8b, 0x5e, 0xc8
    db 0xc7, 0x87, 0xe0, 0x77, 0x28, 0x00, 0x8b, 0xdf
    db 0xd1, 0xe3, 0xd1, 0xe3, 0xc7, 0x87, 0xe8, 0x77
    db 0xff, 0xff, 0xc7, 0x87, 0xea, 0x77, 0xff, 0xff
    db 0x8b, 0x5e, 0xc8, 0xc7, 0x87, 0xf8, 0x77, 0x00
    db 0x00, 0x8b, 0x5e, 0xc8, 0xc7, 0x87, 0xc7, 0x77
    db 0x00, 0x00, 0x4f, 0x79, 0xb8, 0xc7, 0x06, 0x9e
    db 0x7b, 0x00, 0x00, 0xc6, 0x06, 0x64, 0x77, 0x00
    db 0xc6, 0x06, 0x97, 0x77, 0x00, 0xc7, 0x06, 0x5e
    db 0x77, 0x00, 0x00, 0xc7, 0x06, 0x60, 0x77, 0x00
    db 0x00, 0xc6, 0x06, 0x66, 0x77, 0x00, 0x8b, 0x3e
    db 0x5c, 0x77, 0xeb, 0x0d, 0x90, 0x8b, 0xdf, 0xd1
    db 0xe3, 0x03, 0x1e, 0x46, 0x79, 0xc7, 0x07, 0x00
    db 0x00, 0x4f, 0x79, 0xf1, 0xff, 0x36, 0x50, 0x92
    db 0xb8, 0x67, 0x77, 0x50, 0xe8, 0x22, 0x0f, 0x83
    db 0xc4, 0x04, 0xa3, 0x54, 0x77, 0x89, 0x16, 0x56
    db 0x77, 0x0b, 0xd2, 0x7d, 0x7c, 0x80, 0x3e, 0x65
    db 0x77, 0x00, 0x74, 0x18, 0xff, 0x76, 0x04, 0xb8
    db 0x67, 0x77, 0x50, 0xe8, 0xc1, 0xf9, 0x83, 0xc4
    db 0x04, 0x8b, 0xf0, 0x4e, 0x80, 0x3c, 0x2e, 0x75
    db 0x03, 0xc6, 0x04, 0x00, 0xc7, 0x46, 0xcc, 0x67
    db 0x77, 0x8b, 0x76, 0xcc, 0xeb, 0x07, 0x90, 0x80
    db 0x3c, 0x20, 0x74, 0x06, 0x46, 0x80, 0x3c, 0x00
    db 0x75, 0xf5, 0x80, 0x3c, 0x20, 0x75, 0x5c, 0xc6
    db 0x06, 0x66, 0x77, 0x01, 0xc6, 0x04, 0x00, 0xb8
    db 0x18, 0x00, 0x50, 0x8d, 0x46, 0xce, 0x50, 0xff
    db 0x76, 0xcc, 0xe8, 0x70, 0xf6, 0x83, 0xc4, 0x06
    db 0xff, 0x36, 0x50, 0x92, 0x8d, 0x46, 0xce, 0x50
    db 0xe8, 0xb6, 0x0e, 0x83, 0xc4, 0x04, 0x0b, 0xd2
    db 0x7d, 0x09, 0x2b, 0xc0, 0x5e, 0x5f, 0x8b, 0xe5
    db 0x5d, 0xc3, 0x90, 0xc6, 0x04, 0x20, 0x8d, 0x44
    db 0x01, 0x89, 0x46, 0xcc, 0x80, 0x3c, 0x00, 0x75
    db 0xa8, 0x83, 0x3e, 0x56, 0x77, 0x00, 0x7d, 0x07
    db 0x80, 0x3e, 0x66, 0x77, 0x00, 0x74, 0xdb, 0x80
    db 0x3e, 0x66, 0x77, 0x00, 0x74, 0x31, 0x2b, 0xc0
    db 0xeb, 0x3b, 0x90, 0xb8, 0x18, 0x00, 0x50, 0x8d
    db 0x46, 0xce, 0x50, 0xff, 0x76, 0xcc, 0xe8, 0x1c
    db 0xf6, 0x83, 0xc4, 0x06, 0x80, 0x3e, 0x66, 0x77
    db 0x00, 0x74, 0xb7, 0xff, 0x36, 0x50, 0x92, 0x8d
    db 0x46, 0xce, 0x50, 0xe8, 0x5b, 0x0e, 0x83, 0xc4
    db 0x04, 0x0b, 0xd2, 0x7d, 0xb7, 0xeb, 0xa3, 0xff
    db 0x36, 0x56, 0x77, 0xff, 0x36, 0x54, 0x77, 0xe8
    db 0x15, 0x00, 0x83, 0xc4, 0x04, 0xa3, 0xe0, 0x77
    db 0xc7, 0x06, 0x62, 0x77, 0x04, 0x00, 0xb8, 0x01
    db 0x00, 0x5e, 0x5f, 0x8b, 0xe5, 0x5d, 0xc3, 0x55
    db 0x8b, 0xec, 0x83, 0xec, 0x0c, 0x8b, 0x1e, 0x50
    db 0x92, 0x8b, 0x47, 0x1e, 0x89, 0x46, 0xf4, 0x8b
    db 0x46, 0x04, 0x8b, 0x56, 0x06, 0x2a, 0xc0, 0x83
    db 0xe2, 0x01, 0xb1, 0x08, 0xd1, 0xfa, 0xd1, 0xd8
    db 0xfe, 0xc9, 0x75, 0xf8, 0x89, 0x46, 0xfa, 0xff
    db 0x36, 0x20, 0x77, 0xff, 0x36, 0x3e, 0x77, 0xff
    db 0x36, 0x3c, 0x77, 0xff, 0x36, 0x4a, 0x77, 0xff
    db 0x36, 0x48, 0x77, 0x50, 0xe8, 0x04, 0x04, 0x83
    db 0xc4, 0x0c, 0x89, 0x46, 0xf6, 0x89, 0x56, 0xf8
    db 0xff, 0x36, 0x20, 0x77, 0xff, 0x36, 0x3e, 0x77
    db 0xff, 0x36, 0x3c, 0x77, 0xff, 0x36, 0x4a, 0x77
    db 0xff, 0x36, 0x48, 0x77, 0x8b, 0x46, 0xfa, 0x40
    db 0x50, 0xe8, 0xdf, 0x03, 0x83, 0xc4, 0x0c, 0x89
    db 0x46, 0xfc, 0x89, 0x56, 0xfe, 0x8b, 0x46, 0xf6
    db 0x8b, 0x56, 0xf8, 0x39, 0x46, 0xfc, 0x75, 0x0b
    db 0x39, 0x56, 0xfe, 0x75, 0x06, 0x2b, 0xc0, 0x8b
    db 0xe5, 0x5d, 0xc3, 0xb8, 0x01, 0x00, 0x50, 0xff
    db 0x76, 0xf8, 0xff, 0x76, 0xf6, 0xe8, 0xcb, 0x12
    db 0x83, 0xc4, 0x06, 0x8b, 0x46, 0xfc, 0x2b, 0x46
    db 0xf6, 0x50, 0x8a, 0x46, 0x04, 0x2a, 0xe4, 0x50
    db 0xff, 0x76, 0xf4, 0xe8, 0xbd, 0x01, 0x83, 0xc4
    db 0x06, 0x8b, 0xe5, 0x5d, 0xc3, 0x55, 0x8b, 0xec
    db 0x83, 0xec, 0x02, 0x56, 0x2b, 0xf6, 0x8b, 0x5e
    db 0x04, 0xd1, 0xe3, 0xa1, 0x5e, 0x77, 0x39, 0x87
    db 0xe0, 0x77, 0x7e, 0x5f, 0x8b, 0x5e, 0x06, 0x83
    db 0x3f, 0x00, 0x74, 0x57, 0x8b, 0x5e, 0x08, 0xff
    db 0x37, 0xa0, 0x64, 0x77, 0x2a, 0xe4, 0x50, 0x8b
    db 0x1e, 0x5e, 0x77, 0xff, 0x06, 0x5e, 0x77, 0xd1
    db 0xe3, 0xff, 0xb7, 0x00, 0x78, 0xe8, 0x43, 0x00
    db 0x83, 0xc4, 0x06, 0x0b, 0xc0, 0x74, 0x27, 0x8a
    db 0x1e, 0x64, 0x77, 0xff, 0x06, 0x64, 0x77, 0x2a
    db 0xff, 0xd1, 0xe3, 0xd1, 0xe3, 0xa1, 0x58, 0x77
    db 0x8b, 0x16, 0x5a, 0x77, 0x89, 0x87, 0xa0, 0x78
    db 0x89, 0x97, 0xa2, 0x78, 0x8b, 0x5e, 0x06, 0xff
    db 0x0f, 0x46, 0x83, 0x46, 0x08, 0x02, 0x80, 0x3e
    db 0x64, 0x77, 0x28, 0x72, 0x99, 0xc7, 0x06, 0x62
    db 0x77, 0x02, 0x00, 0x8b, 0xc6, 0x5e, 0x8b, 0xe5
    db 0x5d, 0xc3, 0x90, 0x55, 0x8b, 0xec, 0x83, 0xec
    db 0x10, 0x56, 0x8b, 0x76, 0x04, 0x8b, 0x1e, 0x50
    db 0x92, 0x8b, 0x47, 0x1e, 0x89, 0x46, 0xf2, 0x8b
    db 0xc6, 0x25, 0xf0, 0x1f, 0xb1, 0x04, 0xd3, 0xf8
    db 0x89, 0x46, 0xfe, 0x8b, 0xc6, 0x25, 0x0f, 0x00
    db 0x89, 0x46, 0xf0, 0xff, 0x36, 0x24, 0x77, 0xff
    db 0x36, 0x42, 0x77, 0xff, 0x36, 0x40, 0x77, 0xff
    db 0x36, 0x4e, 0x77, 0xff, 0x36, 0x4c, 0x77, 0xff
    db 0x76, 0xfe, 0xe8, 0xd6, 0x02, 0x83, 0xc4, 0x0c
    db 0x89, 0x46, 0xfa, 0x89, 0x56, 0xfc, 0xb8, 0x01
    db 0x00, 0x50, 0x52, 0xff, 0x76, 0xfa, 0xe8, 0xda
    db 0x11, 0x83, 0xc4, 0x06, 0x8b, 0x46, 0xfa, 0x8b
    db 0x56, 0xfc, 0xb1, 0x03, 0xd1, 0xe0, 0xd1, 0xd2
    db 0xfe, 0xc9, 0x75, 0xf8, 0x89, 0x46, 0xf4, 0x89
    db 0x56, 0xf6, 0xeb, 0x33, 0x90, 0xff, 0x36, 0x36
    db 0x77, 0xe8, 0xff, 0x0e, 0x83, 0xc4, 0x02, 0x25
    db 0xf0, 0x00, 0x89, 0x46, 0xf8, 0xb1, 0x04, 0xd3
    db 0x7e, 0xf8, 0xa1, 0x36, 0x77, 0x99, 0x01, 0x46
    db 0xf4, 0x11, 0x56, 0xf6, 0xff, 0x76, 0xf2, 0xff
    db 0x76, 0xf8, 0xe8, 0x34, 0x00, 0x83, 0xc4, 0x04
    db 0x99, 0x01, 0x46, 0xf4, 0x11, 0x56, 0xf6, 0xff
    db 0x4e, 0xf0, 0x79, 0xc9, 0x8b, 0x46, 0xf4, 0x8b
    db 0x56, 0xf6, 0xa3, 0x58, 0x77, 0x89, 0x16, 0x5a
    db 0x77, 0xb8, 0x01, 0x00, 0x50, 0xff, 0x76, 0x08
    db 0xff, 0x76, 0x06, 0xff, 0x76, 0xf2, 0xe8, 0x9e
    db 0x02, 0x83, 0xc4, 0x08, 0x5e, 0x8b, 0xe5, 0x5d
    db 0xc3, 0x55, 0x8b, 0xec, 0x83, 0xec, 0x08, 0x57
    db 0x56, 0xc7, 0x46, 0xfe, 0x00, 0x00, 0x2b, 0xf6
    db 0x89, 0x76, 0xf8, 0xb8, 0x04, 0x00, 0x50, 0xe8
    db 0x91, 0x0e, 0x83, 0xc4, 0x02, 0x8b, 0xf8, 0x83
    db 0xc6, 0x04, 0x01, 0x7e, 0xfe, 0x83, 0xff, 0x0f
    db 0x74, 0xe9, 0xff, 0x76, 0x04, 0xff, 0x76, 0xf8
    db 0xe8, 0x5a, 0x08, 0x83, 0xc4, 0x04, 0x89, 0x46
    db 0xf8, 0x3d, 0x01, 0x00, 0x7c, 0xd5, 0xa1, 0x34
    db 0x77, 0xf7, 0x6e, 0xfe, 0x89, 0x46, 0xfe, 0xe8
    db 0x59, 0x0f, 0xb1, 0x03, 0xd3, 0xe0, 0x01, 0x46
    db 0xfe, 0x8b, 0x46, 0xfe, 0x05, 0x08, 0x00, 0x03
    db 0xf0, 0xff, 0x76, 0xfe, 0xe8, 0x42, 0x10, 0x83
    db 0xc4, 0x02, 0x8b, 0xc6, 0x5e, 0x5f, 0x8b, 0xe5
    db 0x5d, 0xc3, 0x90, 0x55, 0x8b, 0xec, 0x83, 0xec
    db 0x0a, 0x57, 0x56, 0x8b, 0x76, 0x06, 0x8b, 0x7e
    db 0x08, 0xc7, 0x46, 0xfc, 0x20, 0x00, 0xc7, 0x46
    db 0xfa, 0x00, 0x00, 0xa1, 0x60, 0x77, 0x89, 0x46
    db 0xf6, 0xb8, 0x08, 0x00, 0xf7, 0xef, 0x8b, 0xf8
    db 0xe8, 0x10, 0x0f, 0x88, 0x46, 0xfe, 0xff, 0x4e
    db 0xfc, 0x83, 0xee, 0x08, 0x79, 0x15, 0x83, 0xc6
    db 0x08, 0x4e, 0x78, 0x23, 0xf6, 0x46, 0xfe, 0x80
    db 0x74, 0x03, 0xff, 0x46, 0xfa, 0xd0, 0x66, 0xfe
    db 0xeb, 0xef, 0x90, 0xf6, 0x46, 0xfe, 0x80, 0x74
    db 0x03, 0xff, 0x46, 0xfa, 0xd0, 0x66, 0xfe, 0x80
    db 0x7e, 0xfe, 0x00, 0x75, 0xee, 0xeb, 0xc9, 0xf6
    db 0x46, 0xfe, 0x80, 0x75, 0x08, 0x2b, 0xc0, 0x5e
    db 0x5f, 0x8b, 0xe5, 0x5d, 0xc3, 0x8b, 0x46, 0xfc
    db 0xb1, 0x03, 0xd3, 0xe0, 0x50, 0xe8, 0xc1, 0x0f
    db 0x83, 0xc4, 0x02, 0xeb, 0x17, 0x83, 0xef, 0x0e
    db 0x78, 0xe3, 0xb8, 0x0e, 0x00, 0x50, 0xe8, 0xba
    db 0x0d, 0x83, 0xc4, 0x02, 0x25, 0x00, 0x20, 0x3d
    db 0x00, 0x20, 0x75, 0xe9, 0xff, 0x4e, 0xfa, 0x79
    db 0xe4, 0xb8, 0x0e, 0x00, 0x50, 0xe8, 0xa3, 0x0d
    db 0x83, 0xc4, 0x02, 0x89, 0x46, 0xf8, 0x8b, 0x5e
    db 0xf6, 0xff, 0x46, 0xf6, 0xd1, 0xe3, 0x89, 0x87
    db 0x00, 0x78, 0x8b, 0x46, 0xf8, 0x25, 0x00, 0x20
    db 0x3d, 0x00, 0x20, 0x75, 0xdc, 0x8b, 0x5e, 0xf6
    db 0xd1, 0xe3, 0xc7, 0x87, 0x00, 0x78, 0xff, 0xff
    db 0x8b, 0x46, 0xf6, 0xa3, 0x60, 0x77, 0x5e, 0x5f
    db 0x8b, 0xe5, 0x5d, 0xc3, 0x90, 0x55, 0x8b, 0xec
    db 0x83, 0xec, 0x16, 0x57, 0x56, 0x8b, 0x76, 0x06
    db 0x89, 0x76, 0xf2, 0x2b, 0xc0, 0x89, 0x46, 0xf8
    db 0x89, 0x46, 0xf6, 0x89, 0x46, 0xec, 0xa1, 0x44
    db 0x77, 0x89, 0x46, 0xfc, 0xa1, 0x46, 0x77, 0x89
    db 0x46, 0xea, 0xe8, 0x3e, 0x0e, 0x89, 0x46, 0xee
    db 0xff, 0x4e, 0x08, 0x2b, 0xff, 0xc6, 0x46, 0xf7
    db 0x00, 0x89, 0x7e, 0xf8, 0x89, 0x7e, 0xf4, 0xeb
    db 0x03, 0xff, 0x46, 0xf4, 0x83, 0x7e, 0xf4, 0x20
    db 0x7d, 0x54, 0x8b, 0x5e, 0xf4, 0xd1, 0xe3, 0x03
    db 0x5e, 0xfc, 0x03, 0x3f, 0x8b, 0x46, 0xec, 0xff
    db 0x4e, 0xec, 0x0b, 0xc0, 0x75, 0x20, 0xc7, 0x46
    db 0xec, 0x07, 0x00, 0x8b, 0x46, 0xee, 0x89, 0x46
    db 0xf0, 0xff, 0x4e, 0x08, 0x78, 0x06, 0xe8, 0xfa
    db 0x0d, 0x89, 0x46, 0xee, 0x8b, 0x46, 0xf0, 0x99
    db 0x09, 0x46, 0xf6, 0x09, 0x56, 0xf8, 0xd1, 0x66
    db 0xf6, 0xd1, 0x56, 0xf8, 0x8b, 0x5e, 0xf4, 0xd1
    db 0xe3, 0x03, 0x5e, 0xfc, 0x8b, 0x07, 0x2b, 0xd2
    db 0x29, 0x46, 0xf6, 0x19, 0x56, 0xf8, 0x39, 0x56
    db 0xf8, 0x7d, 0xa6, 0x03, 0x7e, 0xf6, 0x8b, 0xdf
    db 0x8a, 0xdf, 0x2a, 0xff, 0x03, 0x5e, 0xea, 0x8a
    db 0x07, 0x2a, 0xe4, 0x89, 0x46, 0xfe, 0x3d, 0x81
    db 0x00, 0x7d, 0x0a, 0x8b, 0x5e, 0xf2, 0x8a, 0x46
    db 0xfe, 0x88, 0x07, 0xeb, 0x32, 0x39, 0x76, 0xf2
    db 0x74, 0x0f, 0x8b, 0x5e, 0xf2, 0x80, 0x7f, 0xff
    db 0x20, 0x74, 0x06, 0xff, 0x46, 0xf2, 0xc6, 0x07
    db 0x20, 0x8b, 0x5e, 0xfe, 0xd1, 0xe3, 0x03, 0x1e
    db 0x3a, 0x77, 0xff, 0xb7, 0xfe, 0xfe, 0xff, 0x76
    db 0xf2, 0xe8, 0xdb, 0xf4, 0x83, 0xc4, 0x04, 0x89
    db 0x46, 0xf2, 0x8b, 0xd8, 0xc6, 0x07, 0x20, 0x8b
    db 0x5e, 0xf2, 0xff, 0x46, 0xf2, 0x80, 0x3f, 0x00
    db 0x74, 0x03, 0xe9, 0x36, 0xff, 0x83, 0x6e, 0xf2
    db 0x02, 0x8b, 0x5e, 0xf2, 0x80, 0x3f, 0x20, 0x75
    db 0x03, 0xc6, 0x07, 0x00, 0x5e, 0x5f, 0x8b, 0xe5
    db 0x5d, 0xc3, 0x90, 0x55, 0x8b, 0xec, 0x83, 0xec
    db 0x02, 0x57, 0x56, 0x8b, 0x76, 0x04, 0x8b, 0x46
    db 0x0e, 0xd1, 0xe0, 0x03, 0x46, 0x0c, 0x89, 0x46
    db 0xfe, 0xeb, 0x15, 0x8b, 0x5e, 0x0c, 0x83, 0x46
    db 0x0c, 0x02, 0x8b, 0xc6, 0x39, 0x07, 0x77, 0x10
    db 0x83, 0x46, 0x06, 0x00, 0x83, 0x56, 0x08, 0x01
    db 0x8b, 0x46, 0xfe, 0x39, 0x46, 0x0c, 0x72, 0xe3
    db 0x8b, 0x5e, 0x0a, 0x8b, 0xfe, 0xd1, 0xe7, 0x8b
    db 0x01, 0x2b, 0xd2, 0x03, 0x46, 0x06, 0x13, 0x56
    db 0x08, 0x5e, 0x5f, 0x8b, 0xe5, 0x5d, 0xc3, 0x55
    db 0x8b, 0xec, 0x81, 0xec, 0xea, 0x00, 0x57, 0x56
    db 0x8b, 0x46, 0x0a, 0x89, 0x86, 0x22, 0xff, 0x2b
    db 0xc0, 0x89, 0x86, 0x16, 0xff, 0x89, 0x86, 0x24
    db 0xff, 0x89, 0x86, 0x18, 0xff, 0x83, 0xbe, 0x18
    db 0xff, 0x04, 0x7d, 0x13, 0x8b, 0x9e, 0x18, 0xff
    db 0xff, 0x86, 0x18, 0xff, 0xd1, 0xe3, 0x8b, 0x46
    db 0x06, 0x39, 0x87, 0xd0, 0x77, 0x7e, 0xe6, 0x83
    db 0xae, 0x18, 0xff, 0x02, 0x78, 0x05, 0xb8, 0x01
    db 0x00, 0xeb, 0x02, 0x2b, 0xc0, 0x89, 0x86, 0x1e
    db 0xff, 0x0b, 0xc0, 0x74, 0x12, 0x8b, 0x9e, 0x18
    db 0xff, 0xd1, 0xe3, 0xd1, 0xe3, 0x8b, 0x87, 0xe8
    db 0x77, 0x8b, 0x97, 0xea, 0x77, 0xeb, 0x07, 0xa1
    db 0x54, 0x77, 0x8b, 0x16, 0x56, 0x77, 0x89, 0x86
    db 0x1a, 0xff, 0x89, 0x96, 0x1c, 0xff, 0x83, 0xbe
    db 0x22, 0xff, 0x01, 0x74, 0x45, 0x8b, 0x5e, 0x06
    db 0xd1, 0xe3, 0xd1, 0xe3, 0x8b, 0x87, 0xa0, 0x78
    db 0x8b, 0x97, 0xa2, 0x78, 0x89, 0x86, 0x2a, 0xff
    db 0x89, 0x96, 0x2c, 0xff, 0x25, 0x07, 0x00, 0x89
    db 0x86, 0x26, 0xff, 0xb0, 0x03, 0x50, 0x8d, 0x86
    db 0x2a, 0xff, 0x50, 0xe8, 0xf7, 0x13, 0xb8, 0x01
    db 0x00, 0x50, 0xff, 0xb6, 0x2c, 0xff, 0xff, 0xb6
    db 0x2a, 0xff, 0xe8, 0x1e, 0x0e, 0x83, 0xc4, 0x06
    db 0xff, 0xb6, 0x26, 0xff, 0xe8, 0x5c, 0x0b, 0x83
    db 0xc4, 0x02, 0xff, 0x36, 0x36, 0x77, 0xe8, 0x52
    db 0x0b, 0x83, 0xc4, 0x02, 0xa2, 0x40, 0x79, 0x2a
    db 0xe4, 0x25, 0xf0, 0x00, 0xb1, 0x04, 0xd3, 0xe8
    db 0x89, 0x86, 0x28, 0xff, 0x80, 0x26, 0x40, 0x79
    db 0x0f, 0x8a, 0x46, 0x06, 0xa2, 0x41, 0x79, 0x2b
    db 0xf6, 0xc6, 0x84, 0x42, 0x79, 0x00, 0x46, 0x83
    db 0xfe, 0x01, 0x7c, 0xf5, 0x83, 0xbe, 0x22, 0xff
    db 0x01, 0x75, 0x2e, 0xa0, 0x40, 0x79, 0x2a, 0xe4
    db 0x50, 0xe8, 0x25, 0x07, 0x83, 0xc4, 0x02, 0x0b
    db 0xc0, 0x75, 0x1e, 0xb8, 0x01, 0x00, 0x8a, 0x0e
    db 0x40, 0x79, 0xd3, 0xe0, 0x99, 0x23, 0x06, 0x50
    db 0x77, 0x23, 0x16, 0x52, 0x77, 0x0b, 0xd0, 0x75
    db 0x08, 0x2b, 0xc0, 0x5e, 0x5f, 0x8b, 0xe5, 0x5d
    db 0xc3, 0x2b, 0xf6, 0xb8, 0x04, 0x00, 0x50, 0xe8
    db 0xe9, 0x0a, 0x83, 0xc4, 0x02, 0x8b, 0xf8, 0x00
    db 0x84, 0x42, 0x79, 0x83, 0xff, 0x0f, 0x74, 0xeb
    db 0xff, 0xb6, 0x28, 0xff, 0x56, 0xe8, 0xb5, 0x04
    db 0x83, 0xc4, 0x04, 0x8b, 0xf0, 0x83, 0xfe, 0x01
    db 0x7c, 0xd9, 0x8b, 0x46, 0x08, 0xa3, 0x4a, 0x79
    db 0x8b, 0xd8, 0xff, 0x06, 0x4a, 0x79, 0xa0, 0x40
    db 0x79, 0xfe, 0xc0, 0x88, 0x07, 0x83, 0xbe, 0x1e
    db 0xff, 0x00, 0x74, 0x31, 0x8b, 0x9e, 0x18, 0xff
    db 0xd1, 0xe3, 0x8b, 0x9f, 0xf8, 0x77, 0x8a, 0x47
    db 0x06, 0x8b, 0x1e, 0x4a, 0x79, 0xff, 0x06, 0x4a
    db 0x79, 0x88, 0x07, 0x8b, 0x9e, 0x18, 0xff, 0xd1
    db 0xe3, 0xff, 0xb7, 0xc7, 0x77, 0xff, 0x36, 0x4a
    db 0x79, 0xe8, 0xd3, 0xf2, 0x83, 0xc4, 0x04, 0x40
    db 0xa3, 0x4a, 0x79, 0xeb, 0x0b, 0x8b, 0x1e, 0x4a
    db 0x79, 0xff, 0x06, 0x4a, 0x79, 0xc6, 0x07, 0x00
    db 0xe8, 0x68, 0x0b, 0x89, 0x46, 0xfe, 0x50, 0xff
    db 0x36, 0x4a, 0x79, 0xff, 0x76, 0x04, 0xe8, 0xf4
    db 0xfc, 0x83, 0xc4, 0x06, 0xf7, 0x06, 0x52, 0x77
    db 0x20, 0x00, 0x74, 0x0d, 0xff, 0x36, 0x4a, 0x79
    db 0xe8, 0xb8, 0xf2, 0x83, 0xc4, 0x02, 0xeb, 0x26
    db 0x90
candidate_formatter_callsite_C3000_A374:
    db 0xff, 0x76, 0x08    ; push word [bp+0x8]
    db 0x8b, 0x46, 0x06    ; mov ax,[bp+0x6]
    db 0x40    ; inc ax
    db 0x50    ; push ax
    db 0x8d, 0x86, 0x32, 0xff    ; lea ax,[bp-0xce]
    db 0x50    ; push ax
    db 0xb8, 0x67, 0x77    ; mov ax,0x7767
    db 0x50    ; push ax
    call candidate_row_formatter_C3000_6964
    db 0x83, 0xc4, 0x08    ; add sp,byte +0x8
    db 0x8d, 0x86, 0x32, 0xff    ; lea ax,[bp-0xce]
    db 0x50    ; push ax
    db 0xff, 0x76, 0x08    ; push word [bp+0x8]
    call loc_960A
