; Generated from disasm: C688:8319-EFA7
; NOTE: branch target labels are local aliases for readability.

BITS 16
org 0x8319

first_menu_reentry_C688_8319:
    call loc_8926
    call loc_F140
    db 0x80, 0x26, 0xb4, 0x8d, 0xf7    ; and byte [0x8db4],0xf7
    db 0xbe, 0x5a, 0x00    ; mov si,0x005a
    db 0xb5, 0x03    ; mov ch,0x03
    call loc_EE9E
    call loc_85B4
    call loc_8617
    call loc_90EC
    jmp loc_834F
    db 0x00, 0x00, 0x4f, 0x83, 0x4f, 0x83, 0x6a, 0x83
    db 0xc4, 0x83, 0xce, 0x83, 0xb5, 0x83, 0x9c, 0x83
    db 0xab, 0x83, 0xdd, 0x83, 0xdd, 0x83, 0x00, 0x00
loc_834F:
    db 0xc7, 0x06, 0xef, 0x75, 0x3b, 0x83, 0xbe, 0x5b
    db 0x00, 0xff, 0x36, 0xef, 0x75, 0x56, 0xe8, 0x3d
    db 0x04, 0x75, 0x1c, 0xe8, 0x8d, 0x02, 0xe8, 0x5f
    db 0x02, 0xeb, 0x14, 0xff, 0x36, 0xef, 0x75, 0x56
    db 0xe8, 0x7a, 0x0d, 0xe8, 0x9d, 0x04, 0x75, 0x07
    db 0xe8, 0x4d, 0x02, 0xeb, 0x02, 0xeb, 0x5a, 0x5e
    db 0x8f, 0x06, 0xef, 0x75, 0xa0, 0x4a, 0x79, 0x3c
    db 0x03, 0x74, 0x4e, 0x3c, 0xda, 0x74, 0x4f, 0x3c
    db 0x13, 0x74, 0x07, 0x3c, 0x12, 0x74, 0x03, 0xe9
    db 0x07, 0x0f, 0xe9, 0xf1, 0x0e, 0xff, 0x36, 0xef
    db 0x75, 0x56, 0xe8, 0xaf, 0x02, 0x75, 0xd8, 0xe8
    db 0x8e, 0x02, 0xeb, 0xd3, 0xff, 0x36, 0xef, 0x75
    db 0x56, 0xe8, 0xd5, 0x02, 0xeb, 0xc9, 0xff, 0x36
    db 0xef, 0x75, 0x56, 0xe8, 0x8b, 0x03, 0x75, 0xbf
    db 0xe8, 0x75, 0x02, 0xeb, 0xba, 0xff, 0x36, 0xef
    db 0x75, 0x56, 0xe8, 0xb4, 0x04, 0xeb, 0xb0, 0xff
    db 0x36, 0xef, 0x75, 0x56, 0xe8, 0xfd, 0x04, 0xeb
    db 0xa6, 0xe8, 0xaf, 0x05, 0xeb, 0x3c, 0xa0, 0x4a
    db 0x79, 0x3c, 0xda, 0x74, 0x08, 0xc7, 0x06, 0xef
    db 0x75, 0x47, 0x83, 0xeb, 0xbf, 0xbe, 0x53, 0x00
    db 0xe8, 0x97, 0xf2, 0xe8, 0x1b, 0x02, 0xe8, 0xfe
    db 0x05, 0x74, 0x08, 0xe8, 0x80, 0xd7, 0xe8, 0xc9
    db 0x02, 0xeb, 0x11, 0xbe, 0xd1, 0x78, 0x8b, 0x1c
    db 0x89, 0x1e, 0xf5, 0x78, 0x46, 0x46, 0x8b, 0x1c
    db 0x89, 0x1e, 0xd9, 0x78, 0xe8, 0xae, 0xc0, 0xe8
    db 0xe3, 0x04, 0xe9, 0x83, 0x68, 0x8b, 0x36, 0xe3
    db 0x78, 0x03, 0xf6, 0x03, 0xf6, 0x8b, 0xd6, 0x03
    db 0xf6, 0x03, 0xf6, 0x03, 0xf6, 0x03, 0xf6, 0x03
    db 0xf6, 0x2b, 0xf2, 0x8b, 0x16, 0xf1, 0x78, 0x42
    db 0xb0, 0x7b, 0x2a, 0xc2, 0x72, 0x0d, 0xfe, 0xc0
    db 0xba, 0x7c, 0x00, 0x2b, 0xf2, 0x8a, 0xd0, 0xb6
    db 0x00, 0x03, 0xf2, 0x8b, 0x16, 0xef, 0x78, 0xfe
    db 0xca, 0x78, 0x04, 0xfe, 0xc2, 0x03, 0xf2, 0x56
    db 0x59, 0xc3, 0x8b, 0x36, 0x54, 0x7a, 0xba, 0x06
    db 0x00, 0x2b, 0xf2, 0xb9, 0x00, 0x00, 0x72, 0x14
    db 0x03, 0xf6, 0x03, 0xf6, 0x8b, 0xd6, 0x03, 0xf6
    db 0x03, 0xf6, 0x03, 0xf6, 0x03, 0xf6, 0x03, 0xf6
    db 0x2b, 0xf2, 0x8b, 0xce, 0xc3, 0xc3, 0xe8, 0x6c
    db 0x0c, 0x75, 0xfa, 0xbe, 0x01, 0x00, 0xe8, 0xf5
    db 0x00, 0xb1, 0x01, 0xe8, 0x81, 0x00, 0x75, 0xed
    db 0x83, 0xfe, 0x00, 0x74, 0xee, 0x89, 0x36, 0x13
    db 0x78, 0xeb, 0x2c, 0xe8, 0x4f, 0x0c, 0x75, 0x22
    db 0xbe, 0xe7, 0x03, 0xe8, 0xd8, 0x00, 0xb1, 0x02
    db 0xe8, 0x64, 0x00, 0x75, 0x15, 0x56, 0x87, 0xd6
    db 0x8b, 0x36, 0x13, 0x78, 0x87, 0xd6, 0x32, 0xc0
    db 0x2b, 0xf2, 0x5e, 0x73, 0x06, 0xc6, 0x06, 0x4a
    db 0x79, 0x13, 0xc3, 0x89, 0x36, 0x15, 0x78, 0xe9
    db 0xf6, 0x03, 0xc3, 0xe8, 0x1f, 0x0c, 0x75, 0xfa
    db 0x8b, 0x36, 0x13, 0x78, 0xe8, 0xa7, 0x00, 0xbe
    db 0x32, 0x00, 0xe8, 0xad, 0xf1, 0xb1, 0x04, 0xe8
    db 0x2d, 0x00, 0x75, 0xe6, 0x87, 0xd6, 0x8b, 0x36
    db 0x13, 0x78, 0x87, 0xd6, 0x32, 0xc0, 0x2b, 0xf2
    db 0x46, 0x89, 0x36, 0x0f, 0x79, 0xeb, 0xd0, 0xbe
    db 0x5b, 0x00, 0xe8, 0x31, 0x00, 0x50, 0xe8, 0xa3
    db 0x00, 0xeb, 0x13, 0xbe, 0x5b, 0x00, 0xe8, 0x25
    db 0x00, 0x50, 0xe8, 0x86, 0x00, 0xeb, 0x07, 0xbe
    db 0x0c, 0x00, 0xe8, 0x19, 0x00, 0x50, 0x56, 0xe8
    db 0xd3, 0x0b, 0x5e, 0x58, 0x3c, 0xda, 0x74, 0x06
    db 0x3c, 0x12, 0x74, 0x02, 0x3c, 0x13, 0xc3, 0xe8
    db 0xe7, 0x00, 0xe8, 0x98, 0xbf, 0xc3, 0x56, 0x32
    db 0xc0, 0xba, 0x0f, 0x7a, 0xe8, 0x90, 0xec, 0xa2
    db 0x4a, 0x79, 0x3c, 0x03, 0x74, 0x13, 0xbe, 0x0f
    db 0x7a, 0xb5, 0x03, 0x8a, 0x04, 0x3c, 0x20, 0x75
    db 0x08, 0x46, 0xfe, 0xcd, 0x75, 0xf5, 0x5e, 0xeb
    db 0xdd, 0x5e, 0xc7, 0x06, 0xed, 0x75, 0x0f, 0x7a
    db 0xe8, 0xbd, 0x89, 0xa0, 0x4a, 0x79, 0xc3, 0x8b
    db 0x16, 0x16, 0x79, 0x8b, 0x36, 0x14, 0x79, 0x03
    db 0xf2, 0xc7, 0x06, 0xed, 0x75, 0x0f, 0x7a, 0xc7
    db 0x06, 0xef, 0x75, 0x8d, 0x0e, 0x8c, 0xcf, 0xe8
    db 0x2a, 0x89, 0xeb, 0x0b, 0xd1, 0xfe, 0xc7, 0x06
    db 0xed, 0x75, 0x0f, 0x7a, 0xe8, 0x6c, 0x89, 0x32
    db 0xc0, 0xa2, 0x12, 0x7a, 0xb9, 0x0f, 0x7a, 0xbe
    db 0x00, 0x03, 0xc3, 0xc7, 0x06, 0xed, 0x75, 0x0f
    db 0x7a, 0xe8, 0x7c, 0x89, 0x8b, 0xd6, 0x03, 0xf6
    db 0x03, 0xf2, 0xeb, 0x09, 0xc7, 0x06, 0xed, 0x75
    db 0x0f, 0x7a, 0xe8, 0x6b, 0x89, 0x03, 0xf6, 0x56
    db 0xe8, 0x5e, 0x00, 0x5e, 0xc3
loc_85B4:
    db 0xe8, 0x59, 0x00, 0xe8, 0xa4, 0xff, 0xbe, 0x44
    db 0x00, 0xe8, 0x3f, 0x00, 0xe8, 0x04, 0x00, 0xe8
    db 0x18, 0x00, 0xc3, 0xe8, 0x46, 0x00, 0x8b, 0x16
    db 0x16, 0x79, 0x8b, 0x36, 0xf9, 0x78, 0x03, 0xf2
    db 0xe8, 0x91, 0xff, 0xbe, 0x45, 0x00, 0xe8, 0x22
    db 0x00, 0xc3, 0xe8, 0x2f, 0x00, 0x8b, 0x36, 0x18
    db 0x79, 0xe8, 0x80, 0xff, 0xbe, 0x46, 0x00, 0xe8
    db 0x11, 0x00, 0xe8, 0xd3, 0xbe, 0xc3, 0xe8, 0x1b
    db 0x00, 0xe8, 0x66, 0xff, 0xbe, 0x44, 0x00, 0xe8
    db 0x01, 0x00, 0xc3, 0xa0, 0x4a, 0x79, 0x50, 0xb1
    db 0x01, 0xba, 0x0f, 0x7a, 0xe8, 0xaa, 0xeb, 0x58
    db 0xa2, 0x4a, 0x79, 0xc3, 0xa0, 0x48, 0x79, 0xe8
    db 0x5d, 0xbe, 0xc3
loc_8617:
    db 0xe8, 0x0c, 0xff, 0x8b, 0x36, 0x01, 0x79, 0xe8
    db 0x5a, 0xff, 0xbe, 0x47, 0x00, 0xe8, 0xd8, 0xff
    db 0xe8, 0xfc, 0xfe, 0x8b, 0x36, 0x03, 0x79, 0xe8
    db 0x4a, 0xff, 0xbe, 0x48, 0x00, 0xe8, 0xc8, 0xff
    db 0xe8, 0xec, 0xfe, 0x8b, 0x16, 0xfd, 0x78, 0x42
    db 0x42, 0x8b, 0x36, 0x01, 0x79, 0x2b, 0xf2, 0xe8
    db 0x32, 0xff, 0xbe, 0x49, 0x00, 0xe8, 0xb0, 0xff
    db 0xc3, 0xe9, 0x44, 0x01, 0xe8, 0xd0, 0xfe, 0x8b
    db 0x36, 0x03, 0x79, 0xe8, 0x1e, 0xff, 0xb1, 0x04
    db 0xe8, 0x94, 0xfe, 0x75, 0xec, 0x87, 0xd6, 0x8b
    db 0x36, 0x01, 0x79, 0x4e, 0x4e, 0x4e, 0x4e, 0x32
    db 0xc0, 0x2b, 0xf2, 0x72, 0xdf, 0x87, 0xd6, 0x89
    db 0x36, 0x03, 0x79, 0x89, 0x36, 0xfb, 0x78, 0x89
    db 0x36, 0x07, 0x79, 0xe8, 0x44, 0x00, 0xe9, 0x3a
    db 0x02, 0xe8, 0x9b, 0xfe, 0x8b, 0x16, 0xfd, 0x78
    db 0x42, 0x42, 0x8b, 0x36, 0x01, 0x79, 0x2b, 0xf2
    db 0x79, 0x0a, 0x8b, 0x36, 0x01, 0x79, 0x89, 0x36
    db 0xfd, 0x78, 0xeb, 0xe5, 0xe8, 0xd5, 0xfe, 0xb1
    db 0x06, 0xe8, 0x4b, 0xfe, 0x75, 0xa3, 0x87, 0xd6
    db 0x8b, 0x36, 0x01, 0x79, 0x2b, 0xf2, 0xf7, 0xc6
    db 0x00, 0x80, 0x75, 0xcd, 0x4e, 0x4e, 0x89, 0x36
    db 0xfd, 0x78, 0xe8, 0x05, 0x00, 0x75, 0xc2, 0xe9
    db 0xf9, 0x01, 0x32, 0xc0, 0x50, 0x8b, 0x36, 0x03
    db 0x79, 0xf7, 0xc6, 0x00, 0x80, 0x74, 0x0c, 0xbe
    db 0x00, 0x00, 0x89, 0x36, 0x03, 0x79, 0x58, 0xb0
    db 0x01, 0xeb, 0xe9, 0x8b, 0x16, 0x03, 0x79, 0x8b
    db 0x36, 0x07, 0x79, 0x2b, 0xf2, 0x79, 0x06, 0x89
    db 0x16, 0x07, 0x79, 0xeb, 0xe9, 0x8b, 0x16, 0x07
    db 0x79, 0x42, 0x42, 0x8b, 0x36, 0xfd, 0x78, 0x2b
    db 0xf2, 0x79, 0x06, 0x89, 0x16, 0xfd, 0x78, 0xeb
    db 0xd5, 0x8b, 0x16, 0xfd, 0x78, 0x42, 0x42, 0x8b
    db 0x36, 0x01, 0x79, 0x2b, 0xf2, 0x79, 0x06, 0x89
    db 0x16, 0x01, 0x79, 0xeb, 0xc1, 0x8b, 0x36, 0x2e
    db 0x79, 0xf7, 0xc6, 0x80, 0x00, 0x8b, 0x36, 0x07
    db 0x79, 0x75, 0x04, 0x8b, 0x36, 0x03, 0x79, 0x89
    db 0x36, 0xfb, 0x78, 0x89, 0x36, 0xf5, 0x78, 0x8b
    db 0x36, 0xdf, 0x78, 0x89, 0x36, 0xd9, 0x78, 0xe8
    db 0x83, 0xbd, 0x58, 0x0a, 0xc0, 0xc3, 0xeb, 0x50
    db 0x90, 0xe8, 0xdb, 0xfd, 0x8b, 0x36, 0x01, 0x79
    db 0xe8, 0x29, 0xfe, 0xb1, 0x02, 0xe8, 0x9f, 0xfd
    db 0x75, 0x3e, 0x56, 0xba, 0xc6, 0x00, 0x42, 0x32
    db 0xc0, 0x2b, 0xf2, 0x5e, 0x73, 0xe3, 0x56, 0x8b
    db 0x16, 0x03, 0x79, 0x42, 0x42, 0x42, 0x42, 0x32
    db 0xc0, 0x2b, 0xf2, 0x5e, 0x72, 0xd3, 0x56, 0x87
    db 0xd6, 0x8b, 0x36, 0x01, 0x79, 0x32, 0xc0, 0x2b
    db 0xf2, 0x87, 0xd6, 0x8b, 0x36, 0xfd, 0x78, 0x2b
    db 0xf2, 0x89, 0x36, 0xfd, 0x78, 0x5e, 0x89, 0x36
    db 0x01, 0x79, 0xe8, 0x35, 0xff, 0xe9, 0x2b, 0x01
    db 0x9f, 0xe8, 0x30, 0xff, 0x9e, 0xc3, 0xe8, 0x4c
    db 0x09, 0x8b, 0x36, 0x16, 0x79, 0xe8, 0xc1, 0xfd
    db 0xb1, 0x01, 0xe8, 0x56, 0xfd, 0x74, 0x01, 0xc3
    db 0x56, 0xba, 0xf4, 0x02, 0x32, 0xc0, 0x2b, 0xf2
    db 0x73, 0x0b, 0x5e, 0x89, 0x36, 0x16, 0x79, 0xe8
    db 0x06, 0x00, 0xe9, 0xfb, 0x00, 0x5e, 0xeb, 0xd6
    db 0x8b, 0x16, 0x14, 0x79, 0x03, 0xf2, 0xba, 0x2b
    db 0x03, 0x32, 0xc0, 0x2b, 0xf2, 0x72, 0x3b, 0x87
    db 0xd6, 0x8b, 0x36, 0x14, 0x79, 0x2b, 0xf2, 0x89
    db 0x36, 0x14, 0x79, 0x8b, 0x36, 0x0b, 0x79, 0x2b
    db 0xf2, 0x89, 0x36, 0x0b, 0x79, 0x8b, 0x36, 0xf9
    db 0x78, 0x2b, 0xf2, 0x89, 0x36, 0xf9, 0x78, 0x8b
    db 0x16, 0x16, 0x79, 0x03, 0xf2, 0xba, 0x31, 0x03
    db 0x32, 0xc0, 0x2b, 0xf2, 0x72, 0x0c, 0x87, 0xd6
    db 0x8b, 0x36, 0xf9, 0x78, 0x2b, 0xf2, 0x89, 0x36
    db 0xf9, 0x78, 0xc3, 0x8b, 0x36, 0xf9, 0x78, 0x8b
    db 0x16, 0x14, 0x79, 0x32, 0xc0, 0x2b, 0xf2, 0x89
    db 0x36, 0x11, 0x8e, 0xe8, 0xa3, 0x00, 0x79, 0x03
    db 0xbe, 0x00, 0x00, 0x89, 0x36, 0x6e, 0x75, 0xe8
    db 0x2d, 0xfd, 0xb1, 0x03, 0xe8, 0xcc, 0xfc, 0x74
    db 0x01, 0xc3, 0x56, 0xba, 0x2b, 0x03, 0x32, 0xc0
    db 0x2b, 0xf2, 0x5e, 0x73, 0xea, 0x8b, 0x16, 0x16
    db 0x79, 0x56, 0xbe, 0x3c, 0x00, 0x03, 0xf2, 0x87
    db 0xd6, 0x5e, 0x2b, 0xf2, 0xf7, 0xc6, 0x00, 0x80
    db 0x75, 0xd5, 0xba, 0x3c, 0x00, 0x03, 0xf2, 0x89
    db 0x36, 0x14, 0x79, 0x8b, 0x16, 0x11, 0x8e, 0x56
    db 0x03, 0xf2, 0xe8, 0x86, 0xff, 0x5e, 0x8b, 0x16
    db 0x6e, 0x75, 0x2b, 0xf2, 0x79, 0x04, 0x8b, 0x36
    db 0x14, 0x79, 0x89, 0x36, 0x0b, 0x79, 0xeb, 0x40
    db 0xc3, 0xe8, 0x69, 0x08, 0x8b, 0x16, 0x16, 0x79
    db 0x8b, 0x36, 0xf9, 0x78, 0x03, 0xf2, 0xe8, 0xd8
    db 0xfc, 0xb1, 0x05, 0xe8, 0x6d, 0xfc, 0x74, 0x01
    db 0xc3, 0x56, 0xba, 0x31, 0x03, 0x32, 0xc0, 0x2b
    db 0xf2, 0x5e, 0x73, 0x13, 0x8b, 0x16, 0x16, 0x79
    db 0x2b, 0xf2, 0x72, 0x0b, 0x8b, 0x16, 0x14, 0x79
    db 0x42, 0x56, 0x2b, 0xf2, 0x5e, 0x73, 0x05, 0xe8
    db 0x0b, 0xbc, 0xeb, 0xc5, 0x89, 0x36, 0xf9, 0x78
    db 0xe8, 0x02, 0xbc, 0x32, 0xc0, 0xa0, 0x4a, 0x79
    db 0xc3, 0x8b, 0x16, 0x0b, 0x79, 0x8b, 0x36, 0x14
    db 0x79, 0x2b, 0xf2, 0xc3, 0xe8, 0x16, 0x08, 0x8b
    db 0x36, 0x18, 0x79, 0xe8, 0x8b, 0xfc, 0xb1, 0x07
    db 0xe8, 0x20, 0xfc, 0x75, 0x17, 0x0b, 0xf6, 0x74
    db 0x0d, 0x83, 0xee, 0x12, 0x72, 0xe6, 0x83, 0xfe
    db 0x66, 0x7f, 0xe1, 0x83, 0xc6, 0x12, 0x89, 0x36
    db 0x18, 0x79, 0xeb, 0xc4, 0xc3, 0x8b, 0x36, 0x18
    db 0x79, 0x0b, 0xf6, 0x75, 0x01, 0xc3, 0x56, 0xe8
    db 0x80, 0xd0, 0x5e, 0x8b, 0xd6, 0xbb, 0xfe, 0x7e
    db 0xb5, 0x10, 0x81, 0xfe, 0x24, 0x03, 0x73, 0x0e
    db 0x0a, 0xed, 0x74, 0x0a, 0x89, 0x37, 0x43, 0x43
    db 0xfe, 0xcd, 0x03, 0xf2, 0xeb, 0xec, 0xc3
loc_8926:
    db 0xe8, 0xe7, 0xfc, 0xbe, 0xbe, 0x78, 0x8b, 0x1e
    db 0x16, 0x79, 0x89, 0x1c, 0x46, 0x46, 0x8b, 0x1e
    db 0x14, 0x79, 0x89, 0x1c, 0x46, 0x46, 0x8b, 0x1e
    db 0x14, 0x79, 0x89, 0x1c, 0x46, 0x46, 0x8b, 0x1e
    db 0xf9, 0x78, 0x89, 0x1c, 0x46, 0x46, 0x8b, 0x1e
    db 0x01, 0x79, 0x89, 0x1c, 0x46, 0x46, 0x8b, 0x1e
    db 0x03, 0x79, 0x89, 0x1c, 0x46, 0x46, 0x8b, 0x1e
    db 0xfd, 0x78, 0x89, 0x1c, 0x46, 0x46, 0x8b, 0x1e
    db 0xfb, 0x78, 0x89, 0x1c, 0x46, 0x46, 0x8b, 0x1e
    db 0x07, 0x79, 0x89, 0x1c, 0x46, 0x46, 0x8a, 0x1e
    db 0x18, 0x79, 0x88, 0x1c, 0x46, 0x8b, 0x1e, 0xf5
    db 0x78, 0x89, 0x1c, 0x46, 0x46, 0x8b, 0x1e, 0xd9
    db 0x78, 0x89, 0x1c, 0xc3, 0xe8, 0x83, 0xfc, 0xbe
    db 0xbe, 0x78, 0x8b, 0x1c, 0x89, 0x1e, 0x16, 0x79
    db 0x46, 0x46, 0x8b, 0x1c, 0x89, 0x1e, 0x14, 0x79
    db 0x46, 0x46, 0x8b, 0x1c, 0x89, 0x1e, 0x0b, 0x79
    db 0x46, 0x46, 0x8b, 0x1c, 0x89, 0x1e, 0xf9, 0x78
    db 0x46, 0x46, 0x8b, 0x1c, 0x89, 0x1e, 0x01, 0x79
    db 0x46, 0x46, 0x8b, 0x1c, 0x89, 0x1e, 0x03, 0x79
    db 0x46, 0x46, 0x8b, 0x1c, 0x89, 0x1e, 0xfd, 0x78
    db 0x46, 0x46, 0x8b, 0x1c, 0x89, 0x1e, 0xfb, 0x78
    db 0x46, 0x46, 0x8b, 0x1c, 0x89, 0x1e, 0x07, 0x79
    db 0x46, 0x46, 0x8a, 0x1c, 0x88, 0x1e, 0x18, 0x79
    db 0xe8, 0xe8, 0xfc, 0xbe, 0xd1, 0x78, 0x8b, 0x1c
    db 0x89, 0x1e, 0xf5, 0x78, 0x46, 0x46, 0x8b, 0x1c
    db 0x89, 0x1e, 0xd9, 0x78, 0xe8, 0xcf, 0xba, 0xc3
    db 0xbe, 0xc6, 0x78, 0x8b, 0x1c, 0x3b, 0x1e, 0x01
    db 0x79, 0x75, 0x15, 0x46, 0x46, 0x8b, 0x1c, 0x3b
    db 0x1e, 0x03, 0x79, 0x75, 0x0b, 0x46, 0x46, 0x8b
    db 0x1c, 0x3b, 0x1e, 0xfd, 0x78, 0x75, 0x01, 0xc3
    db 0xc3, 0x00, 0x00, 0x00, 0x10, 0x00, 0x00, 0x20
    db 0x00, 0x00, 0x30, 0x00, 0x00, 0x40, 0x00, 0x00
    db 0x50, 0x00, 0x00, 0x60, 0x00, 0x00, 0x70, 0x00
    db 0x00, 0x80, 0x00, 0x00, 0x90, 0x00, 0x00, 0xa0
    db 0x00, 0x00, 0xb0, 0x00, 0x00, 0xc0, 0x00, 0x00
    db 0xd0, 0x00, 0x16, 0xff, 0xb0, 0x0b, 0xa2, 0x94
    db 0x79, 0xc3, 0x9f, 0x50, 0xa0, 0xf3, 0x79, 0x0a
    db 0xc0, 0x75, 0x03, 0xe9, 0xb1, 0x00, 0x87, 0xd6
    db 0x58, 0x9e, 0x51, 0x50, 0x8a, 0xc5, 0x0a, 0xc0
    db 0x74, 0x02, 0xb1, 0xff, 0x8a, 0xe9, 0x58, 0x52
    db 0x0a, 0xc0, 0x74, 0x79, 0x3c, 0xff, 0x74, 0x12
    db 0x8b, 0x1e, 0x67, 0x79, 0x8a, 0xd0, 0xb0, 0x7c
    db 0x2a, 0xc2, 0x02, 0xd8, 0x8b, 0xf3, 0x8a, 0xc2
    db 0xeb, 0x14, 0x8b, 0x16, 0xf1, 0x78, 0xfe, 0xc2
    db 0x8b, 0x36, 0x67, 0x79, 0xb0, 0x7b, 0x2a, 0xc2
    db 0x72, 0x53, 0xfe, 0xc0, 0x03, 0xf2, 0x8a, 0xc8
    db 0x3a, 0xc5, 0x72, 0x02, 0x8a, 0xcd, 0x2a, 0xc1
    db 0x9f, 0x2a, 0xe9, 0x9e, 0x5a, 0x51, 0x9f, 0x50
    db 0xb5, 0x00, 0x8a, 0xc1, 0x0a, 0xc0, 0x74, 0x23
    db 0x56, 0x8b, 0x36, 0x7b, 0x75, 0x03, 0xf1, 0x89
    db 0x36, 0x7b, 0x75, 0x5e, 0x8b, 0xfa, 0xfc, 0x8c
    db 0xdd, 0x8c, 0xc0, 0x8e, 0xd8, 0x8e, 0xc5, 0xf3
    db 0xa4, 0x8c, 0xdd, 0x8c, 0xc0, 0x8e, 0xd8, 0x8e
    db 0xc5, 0x8b, 0xd7, 0x58, 0x9e, 0x59, 0x5e, 0xb5
    db 0x00, 0x2b, 0xf1, 0x8b, 0xce, 0x74, 0x03, 0xe9
    db 0x78, 0xff, 0x0a, 0xc0, 0xc3, 0x8b, 0x36, 0x67
    db 0x79, 0x83, 0xc6, 0x7c, 0x26, 0x8b, 0x14, 0x46
    db 0xf6, 0xc2, 0x40, 0x75, 0x0e, 0x51, 0xe8, 0xbe
    db 0xae, 0x59, 0x89, 0x16, 0x67, 0x79, 0xba, 0x00
    db 0x00, 0xeb, 0x85, 0x5a, 0x59, 0xf9, 0xc3, 0x58
    db 0x9e, 0x51, 0x50, 0x8a, 0xc5, 0x0a, 0xc0, 0x74
    db 0x02, 0xb1, 0xff, 0x8a, 0xe9, 0x58, 0x8b, 0x16
    db 0xef, 0x78, 0xb0, 0x7c, 0x2a, 0xc2, 0x8a, 0xc8
    db 0x72, 0x48, 0x74, 0x46, 0x8a, 0xc2, 0x8b, 0x16
    db 0xeb, 0x78, 0x02, 0xd0, 0x8a, 0xc1, 0x8a, 0xc8
    db 0x3a, 0xc5, 0x72, 0x02, 0x8a, 0xcd, 0x2a, 0xc1
    db 0x2a, 0xe9, 0x51, 0x50, 0xb5, 0x00, 0x8a, 0xc1
    db 0x0a, 0xc0, 0x74, 0x0b, 0x01, 0x0e, 0x7b, 0x75
    db 0x8b, 0xfa, 0xfc, 0xf3, 0xa4, 0x8b, 0xd7, 0x58
    db 0x8a, 0xc2, 0x24, 0x7f, 0xa2, 0xef, 0x78, 0x59
    db 0x5a, 0x87, 0xd6, 0xb5, 0x00, 0x2b, 0xf1, 0x87
    db 0xd6, 0x8b, 0xca, 0x75, 0xa4, 0xb0, 0x00, 0x0a
    db 0xc0, 0xc3, 0xb0, 0x00, 0x51, 0x56, 0xe8, 0x58
    db 0xae, 0x89, 0x36, 0xe7, 0x78, 0x89, 0x16, 0xeb
    db 0x78, 0xb2, 0x00, 0x5e, 0x59, 0xeb, 0x9b, 0xa0
    db 0xd5, 0x78, 0xa8, 0x04, 0x9f, 0x24, 0xfb, 0x9e
    db 0x74, 0x07, 0xf6, 0x06, 0x56, 0x7a, 0x01, 0x74
    db 0x01, 0xc3, 0x56, 0xbb, 0x28, 0x7f, 0x8b, 0x36
    db 0xdf, 0x78, 0x4e, 0x4e, 0x89, 0x77, 0x02, 0x8b
    db 0x36, 0xdb, 0x78, 0x4e, 0x4e, 0x89, 0x77, 0x04
    db 0x87, 0xd6, 0x8b, 0x36, 0xdd, 0x78, 0x2b, 0xf2
    db 0x46, 0x46, 0x89, 0x77, 0x06, 0xbe, 0xff, 0x0c
    db 0x89, 0x36, 0x28, 0x7f, 0xa0, 0x8f, 0x79, 0xd0
    db 0xe8, 0xfe, 0xc8, 0xb4, 0x00, 0x8b, 0xf0, 0x89
    db 0x77, 0x08, 0xb0, 0x0f, 0x88, 0x47, 0x0a, 0x83
    db 0xc3, 0x0b, 0x89, 0x1e, 0xe2, 0x79, 0xe8, 0xb5
    db 0xdf, 0x8b, 0x36, 0xe1, 0x78, 0x83, 0xc6, 0x03
    db 0x89, 0x36, 0x2a, 0x7f, 0x32, 0xc0, 0xa2, 0x30
    db 0x7f, 0xe8, 0xa2, 0xdf, 0x8b, 0x36, 0xdf, 0x78
    db 0x4e, 0x4e, 0x89, 0x36, 0x2c, 0x77, 0x8b, 0x36
    db 0xdb, 0x78, 0x4e, 0x89, 0x36, 0x2e, 0x77, 0xc6
    db 0x06, 0x30, 0x77, 0x01, 0xc6, 0x06, 0x31, 0x77
    db 0x00, 0x8b, 0x36, 0xdd, 0x78, 0x2b, 0x36, 0xdb
    db 0x78, 0x46, 0x46, 0x89, 0x36, 0x2a, 0x7f, 0xc7
    db 0x06, 0x28, 0x7f, 0xff, 0x0e, 0xbe, 0x2c, 0x7f
    db 0x89, 0x36, 0xe2, 0x79, 0xe8, 0x67, 0xdf, 0x8b
    db 0x36, 0xe1, 0x78, 0x46, 0x46, 0x89, 0x36, 0x2c
    db 0x77, 0xc6, 0x06, 0x30, 0x77, 0x00, 0xc6, 0x06
    db 0x31, 0x77, 0x01, 0xbe, 0x2c, 0x7f, 0x89, 0x36
    db 0xe2, 0x79, 0xe8, 0x49, 0xdf, 0xbb, 0x28, 0x7f
    db 0xb0, 0x06, 0x88, 0x47, 0x01, 0x8b, 0x16, 0xdf
    db 0x78, 0x4a, 0x89, 0x57, 0x02, 0x8b, 0x36, 0xe1
    db 0x78, 0x46, 0x2b, 0xf2, 0x46, 0x46, 0x89, 0x77
    db 0x06, 0xbe, 0x01, 0x00, 0x89, 0x77, 0x08, 0xbe
    db 0x00, 0x00, 0x89, 0x77, 0x0a, 0x89, 0x77, 0x0c
    db 0xb0, 0x0f, 0x88, 0x47, 0x0e, 0x83, 0xc3, 0x0f
    db 0x89, 0x1e, 0xe2, 0x79, 0xe8, 0x0f, 0xdf, 0x8b
    db 0x36, 0xdd, 0x78, 0x46, 0x89, 0x36, 0x2c, 0x7f
    db 0xe8, 0x03, 0xdf, 0x32, 0xc0, 0xa2, 0x36, 0x7f
    db 0x8b, 0x36, 0xdb, 0x78, 0x4e, 0x89, 0x36, 0x2c
    db 0x7f, 0xe8, 0xf2, 0xde, 0x5e, 0xc3, 0x5d, 0x00
    db 0x00, 0x00, 0x02, 0x00, 0xff, 0xff, 0xff, 0xff
    db 0xff, 0xff, 0xff, 0xff, 0xfe, 0x00, 0xfe, 0x00
    db 0x00, 0x00, 0x0c, 0x00, 0x00, 0x00, 0xc2, 0x01
    db 0x0c, 0x00, 0x76, 0x00, 0x01, 0x00, 0x84, 0x00
    db 0x0c, 0x00, 0x00, 0x00, 0x0c, 0x00, 0x00, 0x00
    db 0x86, 0x01, 0x00, 0x00, 0x01, 0x00, 0x00, 0x00
    db 0x00, 0x86, 0x01, 0x3c, 0x00, 0x00, 0x00, 0x20
    db 0x20, 0x4c, 0x49, 0x53, 0x54, 0x20, 0x4f, 0x46
    db 0x20, 0x44, 0x4f, 0x43, 0x2e, 0x20, 0x20, 0x00
    db 0x00, 0x00, 0x00, 0xc8, 0xff, 0xff, 0xfe, 0xff
    db 0xff, 0xfe, 0xff, 0xff, 0xfe, 0xff, 0xff, 0xfe
    db 0x00, 0x00, 0x00, 0x02, 0x06
document_list_continuation_C688_8CFB:
    db 0xa0, 0x20, 0x75    ; mov al,[0x7520]
    db 0x0a, 0xc0    ; or al,al
    jz loc_8D0C
    db 0xa8, 0x02    ; test al,0x02
    jnz loc_8D09
    jmp document_list_refresh_C688_8D7A
    db 0x90
loc_8D09:
    jmp replace_commit_selected_C688_8DBF
loc_8D0C:
    jmp root_edit_text_shared_loop_C688_EC9F
replace_search_prompt_root_C688_8D0F:
    db 0xc7, 0x06, 0x7d, 0x75, 0x0f, 0x8d    ; mov word [0x757d],0x8d0f
    db 0xbe, 0x38, 0x00    ; mov si,0x0038
    call loc_7689
    db 0xbe, 0x19, 0x00    ; mov si,0x0019
    call loc_7689
    jmp prompt_common_input_C688_8D35
search_prompt_root_C688_8D23:
    db 0xc7, 0x06, 0x7d, 0x75, 0x23, 0x8d    ; mov word [0x757d],0x8d23
    db 0xbe, 0x38, 0x00    ; mov si,0x0038
    call loc_7689
    db 0xbe, 0x37, 0x00    ; mov si,0x0037
    call loc_7689
prompt_common_input_C688_8D35:
    db 0x32, 0xc0    ; xor al,al
    db 0xa2, 0x20, 0x75    ; mov [0x7520],al
    db 0xb5, 0x06    ; mov ch,0x06
    db 0xb1, 0x01    ; mov cl,0x01
    db 0xba, 0x30, 0x7a    ; mov dx,0x7a30
    call loc_71C6  ; edit field at 7A30
    db 0xbe, 0x30, 0x7a    ; mov si,0x7a30
    db 0xb1, 0x10    ; mov cl,0x10
    call trim_trailing_spaces_C688_93CE  ; trim trailing spaces to NUL
    db 0x80, 0x26, 0xec, 0x79, 0xef    ; and byte [0x79ec],0xef
    db 0xb5, 0x10    ; mov ch,0x10
    db 0xbe, 0x30, 0x7a    ; mov si,0x7a30
    call classify_prompt_field_C688_EF86  ; classify field
    jnc loc_8D60
    db 0x80, 0x0e, 0xec, 0x79, 0x10    ; or byte [0x79ec],0x10
loc_8D60:
    call inline_key_dispatch_C688_92DF
    db 0xda, 0x86, 0x8d, 0x03, 0x9f, 0xec, 0xff, 0x6c
    db 0x8d
prompt_default_restart_C688_8D6C:
    db 0x8b, 0x36, 0x7d, 0x75    ; mov si,[0x757d]
    jmp si
document_list_refresh_C688_8D72:
    db 0xa0, 0x20, 0x75    ; mov al,[0x7520]
    db 0x0c, 0x01    ; or al,0x01
    db 0xa2, 0x20, 0x75    ; mov [0x7520],al
document_list_refresh_C688_8D7A:
    call snapshot_display_state_C688_8F40
    call loc_5108
    call snapshot_active_editor_state_C688_44C4
loc_8D83:
    jmp root_edit_text_shared_loop_C688_EC9F
replace_second_prompt_or_search_refresh_C688_8D86:
    db 0x81, 0x3e, 0x7d, 0x75, 0x23, 0x8d    ; cmp word [0x757d],0x8d23
    jz document_list_refresh_C688_8D72
    db 0xbe, 0x18, 0x00    ; mov si,0x0018
    call loc_7689
    db 0x32, 0xc0    ; xor al,al
    db 0xb5, 0x06    ; mov ch,0x06
    db 0xb1, 0x01    ; mov cl,0x01
    db 0xba, 0x1f, 0x7a    ; mov dx,0x7a1f
    call loc_71C6
    db 0xbe, 0x1f, 0x7a    ; mov si,0x7a1f
    db 0xb1, 0x10    ; mov cl,0x10
    call trim_trailing_spaces_C688_93CE
    db 0xb5, 0x10    ; mov ch,0x10
    db 0xbe, 0x1f, 0x7a    ; mov si,0x7a1f
    call classify_prompt_field_C688_EF86
    call inline_key_dispatch_C688_92DF
    db 0x1d, 0xbf, 0x8d, 0xda, 0xc4, 0x8d, 0x03, 0x9f
    db 0xec, 0xff, 0x8e, 0x8d
replace_commit_selected_C688_8DBF:
    db 0xbe, 0x01, 0x00    ; mov si,0x0001
    jmp replace_commit_common_C688_8DC7
replace_commit_clear_prompt_C688_8DC4:
    db 0xbe, 0x00, 0x00    ; mov si,0x0000
replace_commit_common_C688_8DC7:
    db 0x89, 0x36, 0x7d, 0x75    ; mov [0x757d],si
    db 0xbe, 0x01, 0x00    ; mov si,0x0001
    db 0x89, 0x36, 0x81, 0x77    ; mov [0x7781],si
    db 0xa0, 0x20, 0x75    ; mov al,[0x7520]
    db 0x0c, 0x02    ; or al,0x02
    db 0xa2, 0x20, 0x75    ; mov [0x7520],al
    call snapshot_display_state_C688_8F40
loc_8DDD:
    call loc_50FC
    jmp loc_8DE8
replace_reselect_C688_8DE2:
    call snapshot_display_state_C688_8F40
    call loc_5108
loc_8DE8:
    db 0x50    ; push ax
    call snapshot_active_editor_state_C688_44C4
    db 0x58    ; pop ax
    db 0xa8, 0x10    ; test al,0x10
    jnz loc_8D83
    db 0xa0, 0x7d, 0x75    ; mov al,[0x757d]
    db 0x0a, 0xc0    ; or al,al
    jz replace_final_stage_C688_8E1C
    call loc_2A90
    call loc_2CFA
    call snapshot_active_editor_state_C688_44C4
    db 0xb0, 0x04    ; mov al,0x04
    db 0xa2, 0xa6, 0x79    ; mov [0x79a6],al
    call loc_9347
    call loc_93B5
    db 0xa0, 0x4a, 0x79    ; mov al,[0x794a]
    db 0x3c, 0x1d    ; cmp al,0x1d
    jnz loc_8E15
    jmp replace_reselect_C688_8DE2
loc_8E15:
    db 0x3c, 0xda    ; cmp al,0xda
    jz replace_final_stage_C688_8E1C
    jmp root_edit_text_shared_loop_C688_EC9F
replace_final_stage_C688_8E1C:
    db 0xbe, 0x01, 0x00    ; mov si,0x0001
    db 0x89, 0x36, 0x81, 0x77    ; mov [0x7781],si
    call snapshot_display_state_C688_8F40
    db 0xbe, 0x1f, 0x7a    ; mov si,0x7a1f
    db 0xbf, 0xa0, 0x75    ; mov di,0x75a0
    db 0xbb, 0x10, 0x00    ; mov bx,0x0010
    db 0x06    ; push es
    db 0xbd, 0x00, 0x00    ; mov bp,0x0000
    db 0x8e, 0xc5    ; mov es,bp
    db 0xfc    ; cld
    db 0xf3, 0xa4    ; rep movsb
    db 0x07    ; pop es
    call loc_0240
    db 0xa8, 0xc7, 0x0a, 0x3a, 0x18, 0x00
    db 0xb0, 0xff    ; mov al,0xff
    db 0xa2, 0x7a, 0x75    ; mov [0x757a],al
    call build_search_mask_C688_8F0D
    db 0x32, 0xc0    ; xor al,al
    db 0xa2, 0x7a, 0x75    ; mov [0x757a],al
    call loc_0240
    db 0x1e, 0x38, 0x00
    db 0xa0, 0x20, 0x75    ; mov al,[0x7520]
    db 0x3c, 0x08    ; cmp al,0x08
    jnc loc_8EB7
    db 0xbe, 0x28, 0x7f    ; mov si,0x7f28
    db 0xb5, 0x10    ; mov ch,0x10
    call scan_space_or_letter_C688_8EE9
    db 0x72, 0x51, 0x74, 0x4f, 0xe8, 0x7e, 0x00, 0x72
    db 0x04, 0x74, 0x24, 0xeb, 0x0f, 0x8a, 0xc5, 0x0a
    db 0xc0, 0x74, 0x18, 0xe8, 0x6f, 0x00, 0x72, 0xf5
    db 0x74, 0x11, 0xeb, 0x37, 0x8a, 0xc5, 0x0a, 0xc0
    db 0x74, 0x0d, 0xe8, 0x60, 0x00, 0x72, 0x2c, 0x74
    db 0x06, 0xeb, 0xf1, 0xb1, 0x00, 0xeb, 0x02, 0xb1
    db 0x01
    db 0xb5, 0x10    ; mov ch,0x10
    db 0xbe, 0x1f, 0x7a    ; mov si,0x7a1f
    db 0x8a, 0x04    ; mov al,[si]
    db 0x0a, 0xc0, 0x74, 0x17
    db 0x3c, 0x61    ; cmp al,0x61
    db 0x72, 0x0e
    db 0x3c, 0x7b    ; cmp al,0x7b
    db 0x73, 0x0a
    db 0x24, 0xdf    ; and al,0xdf ; lowercase to uppercase
    db 0x88, 0x04    ; mov [si],al
    db 0x8a, 0xc1, 0x0a, 0xc0, 0x74, 0x05, 0x46, 0xfe
    db 0xcd, 0x75, 0xe3
loc_8EB7:
    call loc_5102
    db 0xa0, 0xa6, 0x79    ; mov al,[0x79a6]
    db 0x3c, 0x6a    ; cmp al,0x6a
    jz work_memory_full_exit_C688_8EDA
    call snapshot_active_editor_state_C688_44C4
    db 0xbe, 0xa0, 0x75    ; mov si,0x75a0
    db 0xbf, 0x1f, 0x7a    ; mov di,0x7a1f
    db 0xbb, 0x10, 0x00    ; mov bx,0x0010
    db 0x06    ; push es
    db 0xbd, 0x00, 0x00    ; mov bp,0x0000
    db 0x8e, 0xc5    ; mov es,bp
    db 0xfc    ; cld
    db 0xf3, 0xa4    ; rep movsb
    db 0x07    ; pop es
    jmp loc_8DDD
work_memory_full_exit_C688_8EDA:
    call snapshot_active_editor_state_C688_44C4
    call loc_EE98
    db 0xbe, 0x55, 0x00    ; mov si,0x0055
    call loc_96EA
    jmp root_edit_text_shared_loop_C688_EC9F
scan_space_or_letter_C688_8EE9:
    db 0xfe, 0xcd    ; dec ch
    db 0x8a, 0x04    ; mov al,[si]
    db 0x46    ; inc si
    db 0x0a, 0xc0    ; or al,al
    jnz loc_8EF3
    db 0xc3    ; ret
loc_8EF3:
    db 0x3c, 0x20    ; cmp al,0x20
    jz loc_8F08
    db 0x3c, 0x41    ; cmp al,0x41
    jc scan_space_or_letter_C688_8EE9
    db 0x3c, 0x5b    ; cmp al,0x5b
    jc loc_8F08
    db 0x3c, 0x61    ; cmp al,0x61
    jc scan_space_or_letter_C688_8EE9
    db 0x3c, 0x7b    ; cmp al,0x7b
    jnc scan_space_or_letter_C688_8EE9
    db 0xc3    ; ret
loc_8F08:
    db 0x32, 0xc0    ; xor al,al
    db 0xfe, 0xc0    ; inc al
    db 0xc3    ; ret
build_search_mask_C688_8F0D:
    db 0xb5, 0x10    ; mov ch,0x10
    db 0xba, 0x30, 0x7a    ; mov dx,0x7a30
    db 0xbe, 0x28, 0x7f    ; mov si,0x7f28
loc_8F15:
    db 0x32, 0xc0    ; xor al,al
    db 0x88, 0x04    ; mov [si],al
    db 0x8b, 0xfa    ; mov di,dx
    db 0x8a, 0x05    ; mov al,[di]
    db 0x42    ; inc dx
    db 0x0a, 0xc0    ; or al,al
    jnz loc_8F23
    db 0xc3    ; ret
loc_8F23:
    db 0x51    ; push cx
    db 0x52    ; push dx
    db 0x56    ; push si
    call loc_97E7
    db 0x5e    ; pop si
    db 0x5a    ; pop dx
    db 0x59    ; pop cx
    jz loc_8F2F
    db 0xc3    ; ret
loc_8F2F:
    db 0x24, 0x0f    ; and al,0x0f
    db 0x3c, 0x07    ; cmp al,0x07
    jz loc_8F3B
    db 0xa0, 0x76, 0x75    ; mov al,[0x7576]
    db 0x88, 0x04    ; mov [si],al
    db 0x46    ; inc si
loc_8F3B:
    db 0xfe, 0xcd    ; dec ch
    jnz loc_8F15
    db 0xc3    ; ret
snapshot_display_state_C688_8F40:
    db 0xa0, 0x48, 0x79    ; mov al,[0x7948]
    db 0xa2, 0x48, 0x79    ; mov [0x7948],al
    db 0xa2, 0x9c, 0x79    ; mov [0x799c],al
    db 0xc3    ; ret
    db 0xa1, 0x54, 0x7a, 0xbb, 0x80, 0x00, 0xf7, 0xe3
    db 0xbe, 0x17, 0x8a, 0x2e, 0x8a, 0x3c, 0x46, 0x2e
    db 0x8a, 0x1c, 0x03, 0xc3, 0xa3, 0x6d, 0x76, 0xe8
    db 0x18, 0x01, 0xbb, 0x65, 0x7a, 0x81, 0xeb, 0x6b
    db 0x00, 0x89, 0x1e, 0x6f, 0x76, 0x8b, 0x1e, 0x6f
    db 0x76, 0xb0, 0x6b, 0xb4, 0x0a, 0xf6, 0xe4, 0x05
    db 0x65, 0x7a, 0x3b, 0xd8, 0x75, 0x01, 0xc3, 0x81
    db 0xc3, 0x6b, 0x00, 0x89, 0x1e, 0x6f, 0x76, 0x8b
    db 0x4f, 0x16, 0xf6, 0xc1, 0x40, 0x75, 0x71, 0x0b
    db 0xc9, 0x74, 0x6d, 0x3b, 0x0e, 0x6d, 0x76, 0x72
    db 0x08, 0x8b, 0xd9, 0x26, 0x8b, 0x4f, 0x7e, 0xeb
    db 0xe9, 0x8b, 0x36, 0x6b, 0x76, 0x83, 0xfe, 0xff
    db 0x75, 0x09, 0xc7, 0x06, 0x79, 0x6d, 0xa3, 0x8f
    db 0xe9, 0x01, 0x72, 0x8b, 0xd9, 0x26, 0x8b, 0x5f
    db 0x7c, 0xf6, 0xc3, 0x40, 0x75, 0x04, 0x26, 0x89
    db 0x77, 0x7e, 0x8b, 0xd9, 0x26, 0x8b, 0x5f, 0x7e
    db 0xf6, 0xc3, 0x40, 0x75, 0x04, 0x26, 0x89, 0x77
    db 0x7c, 0x8b, 0x1e, 0x6f, 0x76, 0x3b, 0x4f, 0x16
    db 0x75, 0x06, 0x89, 0x77, 0x16, 0x89, 0x77, 0x12
    db 0x1e, 0x8c, 0xc7, 0x8e, 0xdf, 0x8b, 0xfe, 0x8b
    db 0xf1, 0xb9, 0x80, 0x00, 0xfc, 0xf3, 0xa4, 0x1f
    db 0x8b, 0x1e, 0x6b, 0x76, 0x26, 0x8b, 0x4f, 0x7e
    db 0xe8, 0x7f, 0x00, 0xeb, 0x8d, 0xe9, 0x6d, 0xff
    db 0x8b, 0x1e, 0x6f, 0x76, 0x8b, 0x4f, 0x18, 0xf6
    db 0xc1, 0x40, 0x75, 0xf1, 0x0b, 0xc9, 0x74, 0xed
    db 0x3b, 0x0e, 0x6d, 0x76, 0x72, 0x08, 0x8b, 0xd9
    db 0x26, 0x8b, 0x4f, 0x7c, 0xeb, 0xe9, 0x8b, 0x36
    db 0x6b, 0x76, 0x83, 0xfe, 0xff, 0x75, 0x09, 0xc7
    db 0x06, 0x79, 0x6d, 0x20, 0x90, 0xe9, 0x84, 0x71
    db 0x8b, 0xd9, 0x26, 0x8b, 0x5f, 0x7e, 0xf6, 0xc3
    db 0x40, 0x75, 0x04, 0x26, 0x89, 0x77, 0x7c, 0x8b
    db 0xd9, 0x26, 0x8b, 0x5f, 0x7c, 0xf6, 0xc3, 0x40
    db 0x75, 0x04, 0x26, 0x89, 0x77, 0x7e, 0x8b, 0x1e
    db 0x6f, 0x76, 0x3b, 0x4f, 0x18, 0x75, 0x06, 0x89
    db 0x77, 0x18, 0x89, 0x77, 0x14, 0x1e, 0x8c, 0xc7
    db 0x8e, 0xdf, 0x8b, 0xfe, 0x8b, 0xf1, 0xb9, 0x80
    db 0x00, 0xfc, 0xf3, 0xa4, 0x1f, 0x8b, 0x1e, 0x6b
    db 0x76, 0x26, 0x8b, 0x4f, 0x7c, 0xe8, 0x02, 0x00
    db 0xeb, 0x8d, 0x56, 0x53, 0x8b, 0x1e, 0x50, 0x7a
    db 0x83, 0xfb, 0xff, 0x74, 0x30, 0x3b, 0x1e, 0x6d
    db 0x76, 0x72, 0x0d, 0x89, 0x1e, 0x6b, 0x76, 0x26
    db 0x8b, 0x1f, 0x89, 0x1e, 0x50, 0x7a, 0xeb, 0x1a
    db 0x8b, 0xf3, 0x26, 0x8b, 0x1f, 0x83, 0xfb, 0xff
    db 0x74, 0x13, 0x3b, 0x1e, 0x6d, 0x76, 0x72, 0xf0
    db 0x89, 0x1e, 0x6b, 0x76, 0x26, 0x8b, 0x1f, 0x26
    db 0x89, 0x1c, 0x5b, 0x5e, 0xc3, 0x89, 0x1e, 0x6b
    db 0x76, 0xeb, 0xf7, 0xbe, 0x17, 0x8a, 0x2e, 0x8a
    db 0x3c, 0x46, 0x2e, 0x8a, 0x1c, 0xbe, 0xff, 0xff
    db 0x8b, 0x0e, 0x54, 0x7a, 0x26, 0x89, 0x37, 0x8b
    db 0xf3, 0x81, 0xc3, 0x80, 0x00, 0xe2, 0xf5, 0x89
    db 0x36, 0x50, 0x7a, 0xc3, 0xe8, 0x24, 0x7c, 0xa0
    db 0x9b, 0x79, 0x3c, 0x05, 0x74, 0x01, 0xc3, 0xe9
    db 0xf5, 0x05
loc_90EC:
    db 0xe8, 0x51, 0xfe, 0xe8, 0x81, 0xb3, 0xe8, 0xcf
    db 0xb3, 0x8b, 0x36, 0xd5, 0x78, 0xf7, 0xc6, 0x02
    db 0x00, 0x75, 0x06, 0xf7, 0xc6, 0x04, 0x00, 0x74
    db 0x05, 0xb0, 0x20, 0x3c, 0xda, 0xc3, 0xb0, 0xda
    db 0x3c, 0xda, 0xc3, 0xb0, 0x00, 0xbe, 0x27, 0x00
    db 0x80, 0x3e, 0x06, 0x68, 0x0a, 0x75, 0x03, 0xbe
    db 0x99, 0x00, 0xe8, 0x20, 0x04, 0xe8, 0xcc, 0xe3
    db 0x9f, 0x50, 0x72, 0x03, 0xe8, 0xcf, 0x9b, 0xe8
    db 0x96, 0xb3, 0x58, 0x9e, 0xc3, 0xe8, 0xdb, 0xff
    db 0xe8, 0xaf, 0x00, 0x72, 0x42, 0x0b, 0xf6, 0x75
    db 0x2e, 0xeb, 0x05, 0xe8, 0xcd, 0xff, 0x72, 0x14
    db 0x06, 0xa0, 0x06, 0x68, 0x0c, 0x40, 0x32, 0xe4
    db 0x33, 0xdb, 0x9a, 0xe5, 0x52, 0x98, 0xdc, 0x07
    db 0xb0, 0x00, 0xf8, 0xc3, 0xe8, 0x8b, 0x00, 0x72
    db 0x1e, 0x0b, 0xf6, 0x75, 0x0a, 0xbe, 0x2f, 0x00
    db 0x3c, 0x06, 0x74, 0x03, 0xbe, 0x28, 0x00, 0x56
    db 0xbe, 0x2e, 0x00, 0xe8, 0x17, 0xe5, 0x5e, 0xe8
    db 0x13, 0xe5, 0xb1, 0x01, 0xe8, 0x29, 0xe0, 0x3c
    db 0x09, 0x74, 0x06, 0x3c, 0x03, 0x75, 0xf3, 0xf9
    db 0xc3, 0xf8, 0xc3, 0xe8, 0x85, 0xff, 0x72, 0xcc
    db 0xe8, 0x2c, 0x00, 0x06, 0xa0, 0x06, 0x68, 0x0c
    db 0x40, 0x32, 0xe4, 0xbb, 0x55, 0x75, 0x9a, 0xe5
    db 0x52, 0x98, 0xdc, 0x07, 0x50, 0xbe, 0x55, 0x75
    db 0xba, 0x8e, 0x77, 0xb1, 0x0c, 0xe8, 0x8c, 0x02
    db 0xe8, 0x46, 0x02, 0x58, 0xa2, 0x4a, 0x79, 0x3c
    db 0x09, 0x74, 0x02, 0xb0, 0x00, 0xf8, 0xc3, 0xbe
    db 0x55, 0x75, 0xba, 0x8e, 0x77, 0x32, 0xc0, 0x88
    db 0x04, 0xa2, 0x9a, 0x77, 0xb1, 0x0c, 0xe8, 0x28
    db 0x02, 0xe8, 0xfe, 0x01, 0xe8, 0x65, 0x02, 0xc3
    db 0xb0, 0x00, 0xa2, 0x9c, 0x79, 0xe8, 0x97, 0xb2
    db 0xe8, 0xb1, 0x98, 0xe8, 0x18, 0x9b, 0xe8, 0xdf
    db 0xb2, 0xc3, 0x33, 0xf6, 0x3c, 0x0f, 0x75, 0x04
    db 0xb0, 0x03, 0xf9, 0xc3, 0x3c, 0x11, 0x75, 0x04
    db 0xb0, 0x09, 0xf9, 0xc3, 0xbe, 0x9a, 0x00, 0x3c
    db 0x0e, 0x75, 0x02, 0xf8, 0xc3, 0xbe, 0x9c, 0x00
    db 0x3c, 0x10, 0x75, 0x02, 0xf8, 0xc3, 0xbe, 0x9b
    db 0x00, 0x3c, 0x12, 0x75, 0x02, 0xf8, 0xc3, 0x33
    db 0xf6, 0xf8, 0xc3, 0xba, 0x55, 0x75, 0xeb, 0x03
    db 0xba, 0x8e, 0x77, 0x80, 0x0e, 0x51, 0x6d, 0x02
    db 0x52, 0x32, 0xc0, 0xe8, 0x9c, 0xdf, 0x80, 0x26
    db 0x51, 0x6d, 0xfd, 0x5a, 0x9f, 0x50, 0x51, 0x52
    db 0x56, 0xff, 0x36, 0xef, 0x75, 0x87, 0xd6, 0xb5
    db 0x0d, 0xb1, 0x20, 0xfe, 0xcd, 0x74, 0x05, 0x8a
    db 0x04, 0x46, 0xeb, 0xf7, 0x8f, 0x06, 0xef, 0x75
    db 0x5e, 0x5a, 0x8b, 0xda, 0x89, 0x1e, 0xed, 0x75
    db 0xa0, 0x9a, 0x77, 0x88, 0x47, 0x0c, 0x59, 0x58
    db 0x9e, 0xeb, 0x0e, 0x90, 0xba, 0x9a, 0x77, 0xeb
    db 0x03, 0xba, 0x8a, 0x77, 0x32, 0xc0, 0xe8, 0x59
    db 0xdf, 0x9f, 0x50, 0xa0, 0x8a, 0x77, 0xa2, 0x51
    db 0x75, 0x58, 0x9e, 0xc3, 0xba, 0x8e, 0x77, 0xeb
    db 0x08, 0xba, 0x9a, 0x77, 0xeb, 0x03, 0xba, 0x8a
    db 0x77, 0x56, 0x32, 0xc0, 0xe8, 0x2a, 0xdf, 0x5e
    db 0xc3, 0xe8, 0x4f, 0x00, 0x13, 0xc0, 0x92, 0x12
    db 0xcc, 0x92, 0xda, 0xcc, 0x92, 0x0b, 0xa7, 0x92
    db 0x03, 0xa7, 0x92, 0x00, 0x8b, 0x1e, 0xef, 0x75
    db 0x2e, 0xff, 0x27, 0xc3, 0x83, 0x06, 0xef, 0x75
    db 0x02, 0xeb, 0x05, 0x83, 0x2e, 0xef, 0x75, 0x02
    db 0x8b, 0x1e, 0xef, 0x75, 0x2e, 0x8a, 0x07, 0x2e
    db 0x0a, 0x47, 0x01, 0xc3, 0xe8, 0xec, 0xff, 0x74
    db 0x0e, 0xeb, 0xd9, 0xe8, 0xe5, 0xff, 0x75, 0xd4
    db 0xe8, 0xd9, 0xff, 0x74, 0x07, 0xeb, 0xcd, 0xe8
    db 0xd2, 0xff, 0x75, 0xfb, 0x83, 0x2e, 0xef, 0x75
    db 0x02, 0xeb, 0xc1
loc_92DF:
    db 0xe8, 0xaa, 0x5b, 0x8b, 0xec, 0x87, 0x76, 0x00
    db 0x52, 0x8a, 0xd0, 0x2e, 0x8a, 0x04, 0x46, 0x3c
    db 0x00, 0x74, 0x0f, 0x3c, 0xff, 0x74, 0x08, 0x3a
    db 0xc2, 0x74, 0x04, 0x46, 0x46, 0xeb, 0xec, 0x2e
    db 0x8b, 0x34, 0x5a, 0x8b, 0xec, 0x87, 0x76, 0x00
    db 0xa0, 0x4a, 0x79, 0xc3, 0x56, 0xbe, 0x43, 0x79
    db 0xfe, 0xcd, 0x74, 0x18, 0xfe, 0xcd, 0x74, 0x1c
    db 0xfe, 0xcd, 0x74, 0x24, 0xfe, 0xcd, 0x74, 0x2c
    db 0xfe, 0xcd, 0x74, 0x30, 0xc6, 0x04, 0x07, 0xbe
    db 0x08, 0x01, 0xeb, 0x2e, 0xc6, 0x04, 0x15, 0xbe
    db 0xc8, 0x01, 0xeb, 0x26, 0xc6, 0x04, 0x15, 0xbe
    db 0x4a, 0x01, 0xeb, 0x1e, 0x56, 0xbe, 0x43, 0x79
    db 0xc6, 0x04, 0xe3, 0xbe, 0x1c, 0x00, 0xeb, 0x12
loc_9347:
    db 0x56, 0xbe, 0x43, 0x79, 0xc6, 0x04, 0xff, 0xbe
    db 0x00, 0x00, 0xeb, 0x06, 0xc6, 0x04, 0xff, 0xbe
    db 0x01, 0x10, 0x89, 0x36, 0x41, 0x79, 0x5e, 0xc3
    db 0xc3, 0xe8, 0x76, 0x96, 0xc3, 0x9a, 0x0e, 0x17
    db 0x00, 0xc0, 0xc3, 0x9a, 0x12, 0x17, 0x00, 0xc0
    db 0xc3, 0x51, 0x56, 0xe8, 0x0e, 0xc8, 0xeb, 0x05
    db 0x51, 0x56, 0xe8, 0x18, 0xc8, 0x5e, 0x59, 0xc3
    db 0xb5, 0x00, 0x8a, 0xc1, 0x3c, 0x00, 0x75, 0x01
    db 0xc3, 0xe8, 0xec, 0xff, 0xa8, 0x10, 0x75, 0x1c
    db 0x50, 0xe8, 0xdd, 0xff, 0x58, 0x3c, 0x00, 0x74
    db 0x04, 0x24, 0x05, 0x74, 0xec, 0x8a, 0xc5, 0x3a
    db 0xc2, 0x75, 0x02, 0xb2, 0x20, 0x88, 0x14, 0x46
    db 0xfe, 0xc9, 0xeb, 0xd6, 0xb0, 0x20, 0x88, 0x04
    db 0x46, 0xfe, 0xc9, 0x75, 0xf9, 0xc3
loc_93B5:
    db 0x9f, 0x50, 0x51, 0x52, 0x56, 0xff, 0x36, 0xef
    db 0x75, 0xe8, 0x97, 0xbf, 0xa2, 0x4a, 0x79, 0x8f
    db 0x06, 0xef, 0x75, 0x5e, 0x5a, 0x59, 0x58, 0x9e
    db 0xc3
trim_trailing_spaces_C688_93CE:
    db 0xff, 0x36, 0xef, 0x75    ; push word [0x75ef]
    db 0x50    ; push ax
    db 0x51    ; push cx
    db 0x52    ; push dx
    db 0x56    ; push si
    db 0xb6, 0x00    ; mov dh,0x00
    db 0x8a, 0xd1    ; mov dl,cl
    db 0x03, 0xf2    ; add si,dx
    db 0x8a, 0xe9    ; mov ch,cl
loc_93DE:
    db 0x4e    ; dec si
    db 0x8a, 0x04    ; mov al,[si]
    db 0x3c, 0x20    ; cmp al,0x20
    jz loc_93EB
    db 0xb5, 0x01    ; mov ch,0x01
    db 0x3c, 0xff    ; cmp al,0xff
    jnz loc_944E
loc_93EB:
    db 0x32, 0xc0    ; xor al,al
    db 0x88, 0x04    ; mov [si],al
    db 0xfe, 0xcd    ; dec ch
    jnz loc_93DE
    db 0xeb, 0x59, 0xff, 0x36, 0xef, 0x75, 0x50, 0x51
    db 0x52, 0x56, 0x8a, 0xe9, 0x80, 0x3c, 0x00, 0x74
    db 0x08, 0x46, 0xfe, 0xcd, 0x75, 0xf6, 0xeb, 0x43
    db 0x90, 0xb0, 0x20, 0x88, 0x04, 0x46, 0xfe, 0xcd
    db 0x75, 0xf9, 0xeb, 0x37, 0x90, 0xff, 0x36, 0xef
    db 0x75, 0x50, 0x51, 0x52, 0x56, 0x8a, 0xe9, 0x8a
    db 0x04, 0x3c, 0x20, 0x72, 0x04, 0x3c, 0xe6, 0x72
    db 0x02, 0xb0, 0x20, 0x88, 0x04, 0x46, 0xfe, 0xcd
    db 0x75, 0xed, 0xeb, 0x17, 0x90, 0xff, 0x36, 0xef
    db 0x75, 0x50, 0x51, 0x52, 0x56, 0xb5, 0x00, 0x8b
    db 0xfa, 0x06, 0xbd, 0x00, 0x00, 0x8e, 0xc5, 0xfc
    db 0xf3, 0xa4, 0x07
loc_944E:
    db 0x5e    ; pop si
    db 0x5a    ; pop dx
    db 0x59    ; pop cx
    db 0x58    ; pop ax
    db 0x8f, 0x06, 0xef, 0x75    ; pop word [0x75ef]
    db 0xc3    ; ret
    db 0xe8, 0x9b, 0xff, 0xe8, 0xbb, 0xff, 0xe8, 0xd8
    db 0xff, 0xc3, 0xb0, 0x05, 0xe8, 0xdb, 0x00, 0xbe
    db 0x65, 0x7a, 0xba, 0x6b, 0x00, 0xb5, 0x05, 0x03
    db 0xf2, 0xfe, 0xcd, 0x75, 0xfa, 0x8a, 0x04, 0xa2
    db 0x77, 0x75, 0xb0, 0x05, 0x50, 0x51, 0x52, 0x56
    db 0xff, 0x36, 0xef, 0x75, 0x8b, 0xf1, 0x32, 0xc0
    db 0x81, 0xe6, 0xff, 0x00, 0xb0, 0x00, 0x50, 0x56
    db 0xbe, 0x00, 0x00, 0xe8, 0xac, 0x00, 0xa0, 0x77
    db 0x75, 0x24, 0xc0, 0x0c, 0x40, 0xa2, 0xd5, 0x78
    db 0xe8, 0x22, 0xb0, 0x5e, 0x89, 0x36, 0x68, 0x75
    db 0xe8, 0x96, 0x6d, 0x80, 0x05, 0x20, 0xac, 0xd5
    db 0x69, 0xac, 0xd7, 0x10, 0xac, 0xd9, 0x02, 0xac
    db 0xdb, 0x04, 0x00, 0xe8, 0x83, 0x6d, 0x44, 0xe9
    db 0x9a, 0x7c, 0x5e, 0x1c, 0x98, 0xfa, 0x00, 0xa0
    db 0xc5, 0x79, 0x3c, 0x7a, 0x74, 0xed, 0xa2, 0x67
    db 0x75, 0x53, 0x8b, 0x1e, 0x68, 0x75, 0xfe, 0xc7
    db 0x89, 0x1e, 0x68, 0x75, 0x8a, 0xc7, 0x32, 0xc3
    db 0x8b, 0xf3, 0x5b, 0x75, 0xd6, 0xe8, 0x59, 0x6d
    db 0xac, 0xd5, 0x69, 0xac, 0xd7, 0x10, 0xac, 0xd9
    db 0x02, 0xac, 0xdb, 0x04, 0x00, 0xbe, 0x28, 0x7f
    db 0xe8, 0xa1, 0x01, 0x51, 0xe8, 0x42, 0x6d, 0x38
    db 0xac, 0xdd, 0x02, 0xac, 0xdf, 0x04, 0x80, 0x00
    db 0xac, 0x0c, 0xdf, 0xac, 0x08, 0xdd, 0xac, 0x0a
    db 0xdb, 0xac, 0x06, 0xd9, 0xac, 0x10, 0xd7, 0xac
    db 0x69, 0xd5, 0x00, 0xbe, 0xdd, 0x78, 0xff, 0x0c
    db 0x59, 0x8b, 0xf4, 0xa0, 0x67, 0x75, 0x24, 0x0f
    db 0x36, 0x88, 0x44, 0x09, 0x36, 0x88, 0x4c, 0x08
    db 0xbe, 0x28, 0x7f, 0xe8, 0x55, 0x01, 0xe8, 0x45
    db 0xc6, 0xe9, 0xdd, 0x00, 0x00, 0xb9, 0x00, 0x00
    db 0xeb, 0xb9, 0x3c, 0x05, 0x75, 0x1c, 0x50, 0xa0
    db 0x74, 0x75, 0x8b, 0xde, 0x32, 0xc3, 0x8b, 0xf3
    db 0x75, 0x0b, 0xa0, 0x75, 0x75, 0x32, 0xc7, 0x8b
    db 0xf3, 0x75, 0x02, 0x58, 0xc3, 0x89, 0x36, 0x74
    db 0x75, 0x58, 0x50, 0x51, 0x52, 0x56, 0xff, 0x36
    db 0xef, 0x75, 0x50, 0x56, 0x8a, 0xe8, 0x8b, 0x36
    db 0x65, 0x79, 0x83, 0xfe, 0x00, 0x8a, 0xc5, 0x74
    db 0x03, 0xe8, 0x49, 0xaf, 0xe8, 0xf5, 0xae, 0xe8
    db 0x84, 0x77, 0xbe, 0x9c, 0x8c, 0xe8, 0x98, 0xe1
    db 0xbf, 0xe3, 0x78, 0x06, 0xbd, 0x00, 0x00, 0x8e
    db 0xc5, 0xfc, 0xf3, 0xa4, 0x07, 0x8b, 0xd7, 0x8b
    db 0x36, 0x2f, 0x82, 0x01, 0x36, 0xe7, 0x78, 0x01
    db 0x36, 0xe9, 0x78, 0x01, 0x36, 0xeb, 0x78, 0x01
    db 0x36, 0xed, 0x78, 0x01, 0x36, 0x32, 0x79, 0x01
    db 0x36, 0x35, 0x79, 0x01, 0x36, 0x38, 0x79, 0x5e
    db 0xe8, 0x05, 0xe1, 0x80, 0xf9, 0xfe, 0x74, 0x05
    db 0xc6, 0x06, 0x4d, 0x79, 0x00, 0x8a, 0x04, 0x46
    db 0xa2, 0xd5, 0x78, 0x83, 0xe9, 0x05, 0x89, 0x0e
    db 0x6a, 0x75, 0xe8, 0x65, 0x00, 0x89, 0x16, 0xdb
    db 0x78, 0x89, 0x0e, 0xdf, 0x78, 0xe8, 0x5a, 0x00
    db 0x89, 0x16, 0xdd, 0x78, 0x89, 0x0e, 0xe1, 0x78
    db 0x89, 0x36, 0x6c, 0x75, 0xbe, 0x4c, 0x96, 0xe8
    db 0x2a, 0x8f, 0x72, 0x22, 0x75, 0x1b, 0x8a, 0xc2
    db 0x24, 0xf0, 0x3c, 0x10, 0x75, 0x13, 0x8a, 0xc2
    db 0x24, 0x0f, 0xfe, 0xc0, 0x8a, 0xe8, 0xb2, 0x20
    db 0xe8, 0x66, 0xfd, 0xfe, 0xcd, 0x75, 0xf7, 0xeb
    db 0xdb, 0xe8, 0x70, 0xc5, 0xeb, 0xd6, 0xe8, 0x65
    db 0xc5, 0xe8, 0x25, 0x6c, 0xb2, 0x7d, 0x8b, 0xac
    db 0x22, 0x3d, 0xac, 0x02, 0x06, 0xac, 0x04, 0x0a
    db 0xa8, 0x01, 0x00, 0x38, 0x00, 0x58, 0xe8, 0x43
    db 0xae, 0x8f, 0x06, 0xef, 0x75, 0x5e, 0x5a, 0x59
    db 0x58, 0xc3, 0xb5, 0x00, 0x8a, 0x14, 0x46, 0x8a
    db 0x04, 0x46, 0x8a, 0xc8, 0xd0, 0xe9, 0xd0, 0xe9
    db 0x24, 0x03, 0x8a, 0xf0, 0xc3, 0xa0, 0x6a, 0x75
    db 0x0a, 0xc0, 0x75, 0x24, 0xa0, 0x4d, 0x79, 0x0a
    db 0xc0, 0x74, 0x1b, 0xe8, 0x73, 0xe0, 0x89, 0x36
    db 0x6c, 0x75, 0x89, 0x0e, 0x6a, 0x75, 0x8a, 0xc1
    db 0x3c, 0xfe, 0x74, 0x05, 0x32, 0xc0, 0xa2, 0x4d
    db 0x79, 0xe8, 0x12, 0xb9, 0x73, 0xd7, 0xf9, 0xc3
    db 0xfe, 0xc8, 0xa2, 0x6a, 0x75, 0x8b, 0x36, 0x6c
    db 0x75, 0x8a, 0x04, 0x46, 0x89, 0x36, 0x6c, 0x75
    db 0x0a, 0xc0, 0xc3, 0x83, 0xf9, 0x00, 0x74, 0x0b
    db 0x8a, 0x04, 0x46, 0x49, 0x8a, 0xd0, 0xe8, 0xd8
    db 0xfc, 0xeb, 0xf0, 0xc3, 0xb9, 0x00, 0xff, 0xe8
    db 0xd6, 0xfc, 0xa8, 0x10, 0x75, 0x39, 0x8a, 0xc2
    db 0x3c, 0xe9, 0x74, 0x30, 0x3c, 0xef, 0x74, 0xef
    db 0x3c, 0xe0, 0x73, 0xeb, 0x8a, 0xc1, 0x3c, 0xff
    db 0x74, 0x22, 0x8a, 0xc5, 0x3c, 0xff, 0x74, 0x12
    db 0xb0, 0xff, 0x80, 0xfd, 0x00, 0x74, 0x04, 0x8a
    db 0x04, 0xfe, 0xcd, 0x88, 0x14, 0x8a, 0xd0, 0xeb
    db 0x03, 0x90, 0x88, 0x14, 0x46, 0xfe, 0xc1, 0xe8
    db 0x97, 0xfc, 0xeb, 0xc3, 0xe8, 0x92, 0xfc, 0xb5
    db 0x00, 0xc3, 0xb0, 0xff, 0xa2, 0x74, 0x75, 0xa2
    db 0x75, 0x75, 0xc3
loc_96EA:
    db 0xe8, 0x9c, 0xdf, 0x9f, 0x50, 0x51, 0x56, 0xb5
    db 0xff, 0xbe, 0x60, 0x09, 0x4e, 0x75, 0xfd, 0xfe
    db 0xcd, 0x75, 0xf6, 0x5e, 0x59, 0x58, 0x9e, 0xc3
    db 0x9f, 0x50, 0x51, 0x56, 0xb5, 0xff, 0xbe, 0xb0
    db 0x04, 0x4e, 0x75, 0xfd, 0xfe, 0xcd, 0x75, 0xf6
    db 0x5e, 0x59, 0x58, 0x9e, 0xc3, 0xa0, 0x48, 0x79
    db 0x50, 0xe8, 0x55, 0xad, 0xbe, 0x08, 0x00, 0x89
    db 0x36, 0xe1, 0x78, 0xe8, 0x9c, 0xad, 0x58, 0xe8
    db 0x47, 0xad, 0xc3, 0xe8, 0x0e, 0x01, 0xe8, 0x0d
    db 0x6b, 0xaa, 0x0c, 0x0e, 0x38, 0x3e, 0x02, 0xa0
    db 0x7a, 0x75, 0x3c, 0xff, 0x74, 0x20, 0xe8, 0xfb
    db 0x00, 0xe8, 0x4a, 0x93, 0xe8, 0x4a, 0xb8, 0x72
    db 0x0d, 0xe8, 0xd8, 0x95, 0xa0, 0x95, 0x79, 0x0a
    db 0xc0, 0x74, 0x0b, 0xe8, 0x1d, 0x96, 0x32, 0xc0
    db 0xa2, 0x4c, 0x79, 0xfe, 0xc0, 0xc3, 0x32, 0xc0
    db 0xc3, 0x80, 0xfa, 0x27, 0x74, 0x05, 0x80, 0xfa
    db 0x2e, 0x75, 0x09, 0x80, 0x3e, 0x4c, 0x79, 0x50
    db 0x72, 0x02, 0xb2, 0x61, 0x8a, 0xc2, 0xe8, 0x8c
    db 0x01, 0x8a, 0xd0, 0xa0, 0x4c, 0x79, 0x3c, 0xf0
    db 0x73, 0x5e, 0x3c, 0xe0, 0x72, 0x45, 0xa0, 0x78
    db 0x75, 0x0a, 0xc0, 0x74, 0x2a, 0x8a, 0xc2, 0x24
    db 0x0f, 0x3c, 0x00, 0x74, 0x4b, 0x3c, 0x01, 0x74
    db 0x0c, 0x3c, 0x06, 0x74, 0x43, 0x3c, 0x05, 0x74
    db 0x3f, 0x3c, 0x07, 0x74, 0x3b, 0xd0, 0x26, 0x4c
    db 0x79, 0xd0, 0x26, 0x4c, 0x79, 0xd0, 0x26, 0x4c
    db 0x79, 0xd0, 0x26, 0x4c, 0x79, 0xeb, 0xc4, 0x8a
    db 0xc2, 0x24, 0x0f, 0x3c, 0x00, 0x75, 0x08, 0xb0
    db 0x01, 0xa2, 0x78, 0x75, 0xeb, 0x1a, 0x90, 0xb2
    db 0xf0, 0xeb, 0xda, 0x52, 0x8a, 0xf0, 0x8a, 0xc2
    db 0x24, 0x0f, 0x0a, 0xc6, 0xe8, 0x3a, 0x01, 0xa2
    db 0x4c, 0x79, 0x32, 0xc0, 0xa2, 0x78, 0x75, 0x5a
    db 0x8a, 0xc2, 0x24, 0x0f, 0xc3
loc_97E7:
    db 0xe8, 0x3d, 0x00, 0xe8, 0xa7, 0xc3, 0xa8, 0x10
    db 0x74, 0x07, 0x9f, 0x50, 0xb2, 0x21, 0xeb, 0x06
    db 0x90, 0x9f, 0x50, 0xe8, 0xd2, 0x00, 0x8a, 0xc2
    db 0xa2, 0x76, 0x75, 0xe8, 0x5e, 0xff, 0x58, 0x9e
    db 0x8a, 0xc2, 0xc3, 0xe8, 0x83, 0xc3, 0xa8, 0x10
    db 0x74, 0x01, 0xc3, 0xe8, 0xd7, 0x00, 0x8a, 0xc2
    db 0xe8, 0xed, 0x00, 0x24, 0x0f, 0x3c, 0x08, 0x73
    db 0x07, 0x3c, 0x00, 0x74, 0x0b, 0x32, 0xc0, 0xc3
    db 0x32, 0xc0, 0xa2, 0x79, 0x75, 0x32, 0xc0, 0xc3
    db 0xa0, 0x79, 0x75, 0xfe, 0xc0, 0x3c, 0x04, 0x72
    db 0xf1, 0xe8, 0xec, 0xff, 0xfe, 0xc0, 0xc3, 0xe8
    db 0xff, 0x69, 0x16, 0x1a, 0x1c, 0x00, 0xc3, 0xa0
    db 0xe3, 0x75, 0x3c, 0x01, 0x74, 0x08, 0xe8, 0xf0
    db 0x69, 0x46, 0xff, 0x2c, 0x82, 0x06, 0xe8, 0xe8
    db 0x69, 0x1c, 0x00, 0xa0, 0x7a, 0x75, 0x3c, 0xff
    db 0x75, 0x01, 0xc3, 0xe8, 0x2b, 0x92, 0xe8, 0x92
    db 0x94, 0xc3, 0xa0, 0xb9, 0x8d, 0xfe, 0xc8, 0x75
    db 0x01, 0xc3, 0xa2, 0xb9, 0x8d, 0xc3, 0xa0, 0xb9
    db 0x8d, 0xfe, 0xc0, 0x8a, 0xc8, 0xa0, 0xb8, 0x8d
    db 0x3a, 0xc1, 0x73, 0x01, 0xc3, 0x8a, 0xc1, 0xa2
    db 0xb9, 0x8d, 0xc3, 0xa0, 0xb8, 0x8d, 0x8a, 0xc8
    db 0xa0, 0xb6, 0x8d, 0x2a, 0xc1, 0x75, 0x01, 0xc3
    db 0x9f, 0x50, 0xa2, 0xb6, 0x8d, 0xa0, 0xb8, 0x8d
    db 0x8b, 0x36, 0x11, 0x8e, 0x88, 0x04, 0x46, 0x89
    db 0x36, 0x11, 0x8e, 0x58, 0x9e, 0xc3, 0xe8, 0x3c
    db 0xf8, 0xe8, 0x37, 0x00, 0xe8, 0x0e, 0xac, 0xc3
    db 0xb0, 0x01, 0xa2, 0xe3, 0x75, 0xb0, 0xff, 0xc3
    db 0xb0, 0x02, 0xeb, 0xf6, 0xa2, 0xe5, 0x75, 0xc3
    db 0x32, 0xc0, 0xa2, 0xe5, 0x75, 0x8a, 0xc2, 0xc3
    db 0x8a, 0xc2, 0x3c, 0xff, 0x75, 0x03, 0xe8, 0xe7
    db 0xff, 0x3c, 0xf4, 0x75, 0x03, 0xe8, 0xe4, 0xff
    db 0x3c, 0xf5, 0x75, 0x03, 0xe8, 0xe1, 0xff, 0xe8
    db 0x9a, 0xc2, 0xc3, 0xb2, 0xff, 0x8a, 0xc2, 0x3c
    db 0xff, 0x75, 0x03, 0xe8, 0xc2, 0xff, 0x3c, 0xf5
    db 0x75, 0x03, 0xe8, 0xc7, 0xff, 0x3c, 0xf4, 0x75
    db 0x03, 0xe8, 0xc4, 0xff, 0xe8, 0x81, 0xc2, 0xc3
    db 0x8a, 0xd8, 0xb7, 0x00, 0x81, 0xc3, 0x4d, 0xe8
    db 0x2e, 0x8a, 0x07, 0xc3, 0x8a, 0xd8, 0xb7, 0x00
    db 0x81, 0xc3, 0x4d, 0xe9, 0x2e, 0x8a, 0x07, 0xc3
    db 0xa0, 0x3b, 0x79, 0xa8, 0x08, 0x74, 0x03, 0xe8
    db 0x3c, 0x91, 0xa0, 0x3d, 0x79, 0xa8, 0x04, 0x74
    db 0x07, 0x5e, 0xe9, 0x26, 0xbd, 0xe8, 0x50, 0xc2
    db 0xe8, 0x56, 0xc2, 0xa8, 0x02, 0x74, 0x03, 0xe9
    db 0xae, 0x00, 0x24, 0xa0, 0x8a, 0xc2, 0x75, 0x03
    db 0xe9, 0x97, 0x00, 0x3c, 0xee, 0x74, 0x76, 0x3c
    db 0xf5, 0x74, 0x77, 0x24, 0xf1, 0x3c, 0xf1, 0x75
    db 0xdc, 0x52, 0xb2, 0xf5, 0xe8, 0x29, 0xc2, 0x5a
    db 0xe8, 0x25, 0xc2, 0xe8, 0x2b, 0xc2, 0xa8, 0x10
    db 0x75, 0x59, 0xa8, 0x02, 0x75, 0x52, 0x24, 0xa0
    db 0x74, 0x2d, 0x8a, 0xc2, 0x3c, 0xee, 0x75, 0x0a
    db 0xe8, 0xc6, 0x68, 0x2e, 0x44, 0xf5, 0x28, 0x00
    db 0xeb, 0x6a, 0x3c, 0xf5, 0x75, 0xda, 0xe8, 0x08
    db 0xc2, 0xa8, 0x10, 0x75, 0x19, 0xa8, 0x02, 0x75
    db 0x2f, 0x8a, 0xc2, 0x3c, 0xf4, 0x74, 0x05, 0xe8
    db 0xee, 0xc1, 0xeb, 0xea, 0xe8, 0xf6, 0xc1, 0x52
    db 0xb2, 0xf4, 0xe8, 0xdf, 0xc1, 0x5a, 0x8a, 0xc2
    db 0xe8, 0xb8, 0xa1, 0xe8, 0xc7, 0x8b, 0x89, 0x16
    db 0x09, 0x79, 0xe8, 0x8c, 0x68, 0x2c, 0x2e, 0x5c
    db 0xf5, 0x98, 0xfc, 0x2a, 0x30, 0x00, 0xeb, 0x2c
    db 0xe8, 0xc1, 0xc1, 0xb2, 0xf4, 0xe8, 0xbc, 0xc1
    db 0xeb, 0x22, 0xe8, 0xbb, 0xc1, 0xb2, 0xf4, 0xb1
    db 0x11, 0xe8, 0xc7, 0xc1, 0xe8, 0xbe, 0xc1, 0xe8
    db 0xaa, 0xc1, 0xe8, 0x0f, 0xa1, 0xe8, 0x28, 0x00
    db 0xeb, 0x0a, 0x3c, 0xe9, 0x75, 0x03, 0xe9, 0x4c
    db 0xff, 0xe8, 0x0d, 0x00, 0x5e, 0xe9, 0x6b, 0xbc
    db 0xa8, 0x10, 0x75, 0xf8, 0xe8, 0x8d, 0xc1, 0xeb
    db 0xf3, 0x52, 0xe8, 0x44, 0x68, 0xa4, 0x42, 0x07
    db 0x64, 0xf4, 0x7e, 0xf5, 0x00, 0x5a, 0x8a, 0xc2
    db 0xe8, 0x58, 0xa1, 0xe8, 0x67, 0x8b, 0x89, 0x16
    db 0x09, 0x79, 0xc3, 0x51, 0x8a, 0xc1, 0x3c, 0x20
    db 0x74, 0x10, 0xa0, 0x3c, 0x79, 0xa8, 0x01, 0x74
    db 0x09, 0xc7, 0x06, 0x79, 0x6d, 0x12, 0x9a, 0xe9
    db 0x8d, 0x67, 0x8a, 0xc1, 0xe8, 0xc8, 0x00, 0x5e
    db 0x8b, 0xc6, 0x8a, 0xc4, 0x74, 0x09, 0x56, 0xe8
    db 0xbd, 0x00, 0x75, 0x3b, 0x5e, 0x8b, 0xc6, 0x56
    db 0xe8, 0xc8, 0x00, 0x0a, 0xc0, 0x74, 0x30, 0x46
    db 0x2e, 0x8a, 0x04, 0x9f, 0x50, 0xe8, 0xbe, 0xa0
    db 0x3c, 0xf4, 0x75, 0x0c, 0xe8, 0x95, 0xa0, 0x3c
    db 0xf5, 0x74, 0x0d, 0xe8, 0xd2, 0xa0, 0xb0, 0xf4
    db 0xe8, 0x00, 0xa1, 0x58, 0x9e, 0x59, 0xeb, 0x17
    db 0x58, 0x9e, 0x59, 0xbe, 0x3d, 0x79, 0x80, 0x24
    db 0xfb, 0x8a, 0xd0, 0xe8, 0x0e, 0xc1, 0xc3, 0x59
    db 0x8a, 0xc5, 0xe8, 0xb3, 0xa0, 0x8a, 0xc1, 0xe8
    db 0xe1, 0xa0, 0xb2, 0xf4, 0xb1, 0x31, 0xe8, 0x12
    db 0xc1, 0xb2, 0xf5, 0xb1, 0x01, 0xe8, 0x0b, 0xc1
    db 0xc3, 0x7e, 0xbc, 0x2c, 0x60, 0x5e, 0x7f, 0xa9
    db 0x2f, 0x20, 0xab, 0x9a, 0xb0, 0x9a, 0xb5, 0x9a
    db 0xba, 0x9a, 0xc5, 0x9a, 0xd0, 0x9a, 0xdd, 0x9a
    db 0xf0, 0x9a, 0xf3, 0x9a, 0x4e, 0xa5, 0x6e, 0xa4
    db 0x00, 0x41, 0x8f, 0x61, 0x86, 0x00, 0x43, 0x80
    db 0x63, 0x87, 0x00, 0x61, 0x85, 0x65, 0x8a, 0x69
    db 0x8d, 0x6f, 0x95, 0x75, 0x97, 0x00, 0x61, 0x83
    db 0x65, 0x88, 0x69, 0x8c, 0x6f, 0x93, 0x75, 0x96
    db 0x00, 0x61, 0xa0, 0x65, 0x82, 0x69, 0xa1, 0x6f
    db 0xa2, 0x75, 0xa3, 0x45, 0x90, 0x00, 0x61, 0x84
    db 0x65, 0x89, 0x69, 0x8b, 0x6f, 0x94, 0x75, 0x81
    db 0x41, 0x8e, 0x4f, 0x99, 0x55, 0x9a, 0x79, 0x98
    db 0x00, 0x6f, 0xba, 0x00, 0x20, 0x20, 0x00, 0x8c
    db 0xc5, 0x8c, 0xc9, 0x8e, 0xc1, 0xb9, 0x09, 0x00
    db 0xbf, 0x98, 0x9a, 0xfd, 0xf2, 0xae, 0x8e, 0xc5
    db 0x8b, 0xf7, 0xc3, 0xbe, 0x99, 0x9a, 0x03, 0xf1
    db 0x03, 0xf1, 0x2e, 0x8b, 0x14, 0x46, 0x87, 0xd6
    db 0x8a, 0xe8, 0x2e, 0x8a, 0x04, 0x0a, 0xc0, 0x74
    db 0x09, 0x3a, 0xc5, 0x74, 0x05, 0x83, 0xc6, 0x02
    db 0xeb, 0xf0, 0xc3, 0xc3, 0xe8, 0x4b, 0x02, 0xf6
    db 0x06, 0xd5, 0x78, 0x40, 0x75, 0x2b, 0xe8, 0xc3
    db 0x02, 0x56, 0xba, 0x80, 0x00, 0x2b, 0xf2, 0x5e
    db 0x73, 0x03, 0xbe, 0x00, 0x00, 0xba, 0x36, 0x01
    db 0x03, 0xf2, 0xc7, 0x06, 0xed, 0x75, 0xc1, 0x76
    db 0xc7, 0x06, 0xef, 0x75, 0xf9, 0x74, 0x8c, 0xdf
    db 0xe8, 0x49, 0x73, 0xbe, 0xc1, 0x76, 0xe8, 0x89
    db 0x02, 0xa0, 0xa6, 0x79, 0xa8, 0x80, 0x74, 0x0e
    db 0xf6, 0x06, 0xa1, 0x79, 0x40, 0x75, 0x07, 0x50
    db 0xb4, 0x03, 0xe8, 0xf6, 0xf7, 0x58, 0x3c, 0x04
    db 0x74, 0x22, 0x24, 0x0f, 0x75, 0x0d, 0xf6, 0x06
    db 0xf1, 0x77, 0x10, 0xb0, 0x88, 0x75, 0x02, 0x32
    db 0xc0, 0x24, 0x0f, 0x32, 0xc0, 0xa2, 0xa6, 0x79
    db 0xa0, 0xd5, 0x78, 0xa8, 0x80, 0x75, 0x05, 0xa8
    db 0x40, 0x74, 0x01, 0xc3, 0xa0, 0x5e, 0x79, 0xb7
    db 0xf9, 0xb3, 0xf1, 0xa8, 0x10, 0x74, 0x02, 0xb7
    db 0xf8, 0xa8, 0x01, 0x74, 0x02, 0xb3, 0xf0, 0x8b
    db 0xf3, 0x89, 0x36, 0xa6, 0x76, 0xb3, 0xdd, 0xa8
    db 0x40, 0x75, 0x08, 0xb3, 0xde, 0xa8, 0x20, 0x75
    db 0x02, 0xb3, 0x20, 0x8a, 0xc3, 0xa2, 0xac, 0x76
    db 0x8b, 0x36, 0x5f, 0x79, 0x8b, 0xde, 0xb7, 0x00
    db 0xba, 0x7c, 0xea, 0x03, 0xda, 0x8b, 0xf3, 0x2e
    db 0x8a, 0x04, 0xa2, 0xa8, 0x76, 0x46, 0x2e, 0x8a
    db 0x04, 0xa2, 0xa9, 0x76, 0xf6, 0x06, 0x5e, 0x79
    db 0x08, 0xb0, 0x20, 0x74, 0x04, 0x2e, 0xa0, 0xcd
    db 0xea, 0xa2, 0xb1, 0x76, 0x8b, 0x36, 0xc1, 0x79
    db 0xba, 0xc7, 0x02, 0x2b, 0xf2, 0x73, 0x05, 0xb4
    db 0x03, 0xe8, 0x67, 0xf7, 0xbe, 0xba, 0xea, 0xf6
    db 0x06, 0x90, 0x79, 0x01, 0x75, 0x62, 0xa0, 0xa6
    db 0x79, 0x0a, 0xc0, 0x74, 0x0a, 0x32, 0xc0, 0xa2
    db 0xa6, 0x79, 0xbe, 0xc6, 0xea, 0xeb, 0x51, 0xbe
    db 0xa2, 0xea, 0xf6, 0x06, 0x29, 0x82, 0x01, 0x75
    db 0x47, 0xbe, 0xc0, 0xea, 0xf6, 0x06, 0x56, 0x7a
    db 0x04, 0x75, 0x3d, 0xbe, 0x90, 0xea, 0xf6, 0x06
    db 0xd5, 0x78, 0x02, 0x75, 0x33, 0xbe, 0x8a, 0xea
    db 0xf6, 0x06, 0x2e, 0x79, 0x20, 0x75, 0x29, 0xbe
    db 0x9c, 0xea, 0xf6, 0x06, 0xa1, 0x79, 0x08, 0x75
    db 0x1f, 0xa0, 0x3c, 0x79, 0xbe, 0xc0, 0xea, 0xa8
    db 0x04, 0x75, 0x15, 0xbe, 0xae, 0xea, 0xa8, 0x10
    db 0x74, 0x09, 0xa8, 0x20, 0x74, 0x0a, 0xbe, 0xa8
    db 0xea, 0xeb, 0x05, 0x32, 0xc0, 0xbe, 0x84, 0xea
    db 0xbf, 0x7f, 0x76, 0xb9, 0x06, 0x00, 0x1e, 0x8c
    db 0xcd, 0x8e, 0xdd, 0x06, 0xbd, 0x00, 0x00, 0x8e
    db 0xc5, 0xfc, 0xf3, 0xa4, 0x07, 0x1f, 0xa0, 0x6b
    db 0x79, 0x8b, 0x16, 0xa1, 0x79, 0xf6, 0xc2, 0x01
    db 0x74, 0x03, 0xa0, 0xe5, 0x78, 0xd0, 0xe8, 0xb2
    db 0x20, 0x73, 0x02, 0xb2, 0xab, 0xbe, 0xcc, 0x76
    db 0x04, 0x30, 0x88, 0x04, 0x46, 0x88, 0x14, 0xba
    db 0xf3, 0x20, 0xf6, 0x06, 0x22, 0x7f, 0x80, 0x74
    db 0x03, 0xba, 0xf2, 0x53, 0x88, 0x16, 0xb2, 0x76
    db 0x88, 0x36, 0xb4, 0x76, 0xba, 0x20, 0x20, 0xf6
    db 0x06, 0x0d, 0x79, 0x02, 0x75, 0x03, 0xba, 0x41
    db 0xda, 0x89, 0x16, 0xcf, 0x76, 0xbe, 0x95, 0x76
    db 0x83, 0xee, 0x02, 0xc6, 0x04, 0xf3, 0xb2, 0x03
    db 0xa0, 0x73, 0x76, 0xa8, 0x40, 0x74, 0x05, 0xfe
    db 0xc2, 0xc6, 0x04, 0xf2, 0xa8, 0x20, 0x90, 0x90
    db 0x74, 0x07, 0xfe, 0xc2, 0xfe, 0xc2, 0xc6, 0x04
    db 0xf2, 0x8a, 0xc2, 0x02, 0xc0, 0x02, 0xc0, 0x02
    db 0xc2, 0x8a, 0xd8, 0xb7, 0x00, 0x8b, 0xf3, 0xba
    db 0x2d, 0xea, 0x03, 0xf2, 0xbf, 0x95, 0x76, 0xb9
    db 0x05, 0x00, 0x1e, 0x8c, 0xcd, 0x8e, 0xdd, 0x06
    db 0xbd, 0x00, 0x00, 0x8e, 0xc5, 0xfc, 0xf3, 0xa4
    db 0x07, 0x1f, 0xf6, 0x06, 0xf1, 0x77, 0x40, 0x74
    db 0x15, 0xa0, 0x57, 0x7a, 0x3c, 0x00, 0x74, 0x0a
    db 0xb4, 0x03, 0xe8, 0x3e, 0xf6, 0xb0, 0x00, 0xa2
    db 0x57, 0x7a, 0xb0, 0xf2, 0xeb, 0x0e, 0xa0, 0x57
    db 0x7a, 0x0a, 0xc0, 0x74, 0x05, 0x32, 0xc0, 0xa2
    db 0x57, 0x7a, 0xb0, 0xf3, 0xbe, 0x68, 0x9e, 0xa0
    db 0xd5, 0x78, 0xa8, 0x80, 0x74, 0x03, 0xbe, 0x73
    db 0x9e, 0xbf, 0x79, 0x77, 0x89, 0x3e, 0xef, 0x75
    db 0x8c, 0xcb, 0xb4, 0x06, 0xe8, 0x06, 0xf6, 0xc3
    db 0xe9, 0xc9, 0xfd, 0xa0, 0xa6, 0x79, 0x0a, 0xc0
    db 0x75, 0xf6, 0xa0, 0xd5, 0x78, 0xa8, 0x40, 0x74
    db 0x01, 0xc3, 0xe8, 0x05, 0x00, 0xbe, 0x5d, 0x9e
    db 0xeb, 0xd7, 0x8b, 0x36, 0xf3, 0x78, 0xbf, 0xe4
    db 0x76, 0x89, 0x3e, 0xed, 0x75, 0x8b, 0x16, 0x16
    db 0x79, 0x03, 0xf2, 0xe8, 0x0a, 0x71, 0xbe, 0xe4
    db 0x76, 0xe8, 0x56, 0x00, 0x8b, 0x36, 0xf5, 0x78
    db 0x8b, 0xde, 0xd0, 0xff, 0xd0, 0xdb, 0x8b, 0xf3
    db 0x46, 0xbf, 0xf6, 0x76, 0x89, 0x3e, 0xed, 0x75
    db 0xbf, 0x7d, 0x0e, 0x89, 0x3e, 0xef, 0x75, 0x8c
    db 0xcf, 0xe8, 0xe0, 0x70, 0xbe, 0xf6, 0x76, 0xe8
    db 0x30, 0x00, 0xb5, 0x20, 0xa0, 0xf5, 0x78, 0x24
    db 0x01, 0x74, 0x02, 0xb5, 0x25, 0x8a, 0xc5, 0x3c
    db 0x20, 0x74, 0x02, 0xb0, 0xab, 0xa2, 0xf8, 0x76
    db 0xe8, 0x0e, 0x71, 0xa0, 0xe4, 0x79, 0xbe, 0x0e
    db 0x77, 0x8b, 0x16, 0xe5, 0x79, 0x89, 0x14, 0xbe
    db 0x0e, 0x77, 0xe8, 0x05, 0x00, 0xc3, 0xb5, 0x04
    db 0xeb, 0x02, 0xb5, 0x02, 0x8a, 0x04, 0x3c, 0x30
    db 0x74, 0x01, 0xc3, 0xc6, 0x04, 0x20, 0x46, 0xfe
    db 0xcd, 0x75, 0xf1, 0xc3, 0x8b, 0x36, 0x54, 0x7a
    db 0xba, 0x06, 0x00, 0x2b, 0xf2, 0x73, 0x03, 0xbe
    db 0x00, 0x00, 0x8b, 0xde, 0x8a, 0xd3, 0xf6, 0xc7
    db 0x01, 0xbe, 0x00, 0x00, 0x74, 0x03, 0xbe, 0x00
    db 0x7c, 0xb6, 0x7c, 0x8b, 0xc2, 0xf6, 0xe4, 0x8b
    db 0xd0, 0x03, 0xf2, 0x8b, 0x16, 0xeb, 0x78, 0xf6
    db 0xc2, 0x40, 0x75, 0x0e, 0x8b, 0x16, 0xef, 0x78
    db 0xb0, 0x7c, 0x2a, 0xc2, 0x8a, 0xd0, 0xb6, 0x00
    db 0x03, 0xf2, 0x8b, 0x16, 0xed, 0x78, 0xf6, 0xc2
    db 0x40, 0x75, 0x07, 0x8b, 0x16, 0xf1, 0x78, 0x42
    db 0x03, 0xf2, 0xba, 0x7c, 0x00, 0x2b, 0xf2, 0x73
    db 0x03, 0xbe, 0x00, 0x00, 0x89, 0x36, 0xc1, 0x79
    db 0xc3, 0x76, 0x74, 0x61, 0x62, 0x20, 0x07, 0x00
    db 0x63, 0x9e, 0x05, 0x01, 0x20, 0xd6, 0x76, 0x3f
    db 0x00, 0x07, 0x00, 0x6e, 0x9e, 0x05, 0x01, 0x20
    db 0x74, 0x76, 0xa1, 0x00, 0x07, 0x00, 0x79, 0x9e
    db 0x05, 0x01, 0x20, 0x74, 0x76, 0x2c, 0x00, 0xbe
    db 0xd9, 0xea, 0xbf, 0x31, 0x82, 0xb9, 0x14, 0x00
    db 0x1e, 0x8c, 0xc8, 0x8e, 0xd8, 0x06, 0xbd, 0x00
    db 0x00, 0x8e, 0xc5, 0xfc, 0xf3, 0xa4, 0x07, 0x1f
    db 0xbe, 0xce, 0xea, 0xc7, 0x06, 0xef, 0x75, 0x28
    db 0x7f, 0x8c, 0xcb, 0xb4, 0x06, 0xe8, 0xbd, 0xf4
    db 0xe8, 0xb8, 0xfe, 0xc3, 0xc0, 0x00, 0xac, 0x60
    db 0xa2, 0xa0, 0xc6, 0xa0, 0x8a, 0x60, 0x8a, 0x20
    db 0x8e, 0xe0, 0x00, 0x00, 0x84, 0x00, 0x80, 0xc0
    db 0x8c, 0xa0, 0x84, 0xa0, 0x84, 0xa0, 0x84, 0xa0
    db 0xee, 0xa0, 0x00, 0x00, 0x40, 0xc0, 0xa4, 0x40
    db 0x8a, 0x40, 0x8a, 0x40, 0x8a, 0x40, 0xaa, 0x40
    db 0x44, 0xe0, 0x00, 0x00, 0x80, 0xce, 0x20, 0xeb
    db 0x09, 0x3c, 0xf6, 0x75, 0x02, 0xb0, 0xff, 0x80
    db 0xe6, 0xdf, 0xe8, 0x09, 0x00, 0x0a, 0xc0, 0x75
    db 0x01, 0xc3, 0x5e, 0xe9, 0x65, 0xb7, 0x8a, 0xd0
    db 0x32, 0xc0, 0xa2, 0x0e, 0x7a, 0xe8, 0x82, 0x69
    db 0x32, 0xc0, 0xa2, 0x4e, 0x7a, 0x52, 0xa0, 0x3d
    db 0x79, 0xa8, 0x04, 0x74, 0x0c, 0x5a, 0xf6, 0xc6
    db 0x20, 0x75, 0x03, 0xe9, 0x2a, 0x01, 0xe9, 0x03
    db 0x03, 0xa0, 0x3c, 0x79, 0xa8, 0x80, 0x74, 0x0f
    db 0x5a, 0x52, 0xa0, 0x18, 0x77, 0x3a, 0xc2, 0x75
    db 0x5f, 0xe8, 0x7a, 0x6e, 0xa0, 0x3c, 0x79, 0xa8
    db 0x10, 0x74, 0x1f, 0xa0, 0x49, 0x7b, 0x0a, 0xc0
    db 0x74, 0x4e, 0xa0, 0x9b, 0x79, 0x8b, 0x36, 0x9c
    db 0x79, 0x8b, 0xde, 0x3a, 0xc3, 0x75, 0x41, 0xe8
    db 0xf7, 0x62, 0x3c, 0xb2, 0x05, 0x0d, 0x3a, 0x00
    db 0xeb, 0x36, 0x5a, 0x52, 0x8a, 0xc2, 0x3c, 0xd1
    db 0x74, 0x2e, 0xa0, 0x3d, 0x79, 0x8a, 0xc8, 0x51
    db 0xe8, 0x32, 0xbc, 0x59, 0xa8, 0x02, 0x74, 0x2f
    db 0x51, 0xa8, 0x10, 0x75, 0x03, 0xe8, 0x18, 0xbc
    db 0x59, 0xa0, 0x3d, 0x79, 0x3a, 0xc1, 0x74, 0x10
    db 0x51, 0xe8, 0x15, 0xbc, 0xa8, 0x20, 0x75, 0x0b
    db 0xa8, 0x10, 0x75, 0x03, 0xe8, 0xfd, 0xbb, 0x59
    db 0xe9, 0xa2, 0x00, 0xa0, 0x3d, 0x79, 0xa8, 0x04
    db 0x74, 0xdb, 0xe8, 0xef, 0xbb, 0xeb, 0xf0, 0xa8
    db 0x80, 0x74, 0x21, 0xb0, 0xee, 0x3a, 0xc2, 0x74
    db 0x03, 0xe9, 0x82, 0x00, 0x8b, 0x36, 0xf3, 0x78
    db 0x8b, 0x16, 0xc4, 0x79, 0x2b, 0xf2, 0x79, 0xaf
    db 0xb2, 0xee, 0xb0, 0xff, 0xa2, 0x4e, 0x7a, 0xe8
    db 0xce, 0xbb, 0xeb, 0xcc, 0x8a, 0xe8, 0x8a, 0xc2
    db 0x3c, 0xd1, 0x75, 0x02, 0xeb, 0x99, 0xa0, 0x3d
    db 0x79, 0x32, 0xc1, 0xa8, 0x04, 0x74, 0x11, 0xe8
    db 0x6f, 0x62, 0x2c, 0xa2, 0xa1, 0xff, 0x5c, 0xf5
    db 0x8e, 0x05, 0x2e, 0x82, 0xf7, 0x00, 0xeb, 0x4d
    db 0xf6, 0xc5, 0x20, 0x75, 0x41, 0x8a, 0xc2, 0x2c
    db 0xe0, 0x72, 0x42, 0x3c, 0x05, 0x74, 0x2a, 0x73
    db 0x3c, 0x5a, 0x52, 0x9f, 0x50, 0x8a, 0xc2, 0xe8
    db 0x7b, 0x85, 0x58, 0x9e, 0xfe, 0xc0, 0x2a, 0xc2
    db 0x74, 0x19, 0x79, 0x17, 0x50, 0xe8, 0x8d, 0xbb
    db 0x5b, 0x8a, 0xc2, 0x2c, 0xe0, 0x72, 0x12, 0x3c
    db 0x05, 0x73, 0x0e, 0x02, 0xc3, 0x78, 0x16, 0xeb
    db 0x04, 0xeb, 0x12, 0xfe, 0xc8, 0x04, 0xe0, 0x8a
    db 0xd0, 0xe8, 0x64, 0xbb, 0xeb, 0x07, 0x51, 0xe8
    db 0x5a, 0xbb, 0xe9, 0x33, 0xff, 0xbe, 0xec, 0x79
    db 0xf6, 0x04, 0x80, 0x9f, 0x80, 0x24, 0x7f, 0x9e
    db 0x74, 0x05, 0xe8, 0x04, 0x62, 0x1e, 0x00, 0x5a
    db 0xf6, 0xc6, 0x20, 0x74, 0x2b, 0x52, 0xa0, 0x93
    db 0x79, 0x3c, 0xe0, 0x73, 0x1c, 0x3c, 0xd1, 0x74
    db 0x18, 0xa0, 0x3b, 0x79, 0x24, 0x62, 0x75, 0x11
    db 0xa0, 0x3c, 0x79, 0xa8, 0x10, 0x75, 0x0a, 0x8b
    db 0x16, 0x93, 0x79, 0xe8, 0x93, 0xf9, 0x5a, 0xeb
    db 0x07, 0xe8, 0x8d, 0xf9, 0x5a, 0xe9, 0xc6, 0x00
    db 0xa0, 0x3d, 0x79, 0xa8, 0x04, 0x74, 0x2c, 0x52
    db 0xe8, 0x93, 0x9a, 0x8a, 0xc8, 0xe8, 0x5a, 0x85
    db 0x0a, 0xc0, 0x75, 0x02, 0xb2, 0x0f, 0x87, 0xd6
    db 0x8b, 0xec, 0x87, 0x76, 0x00, 0x8b, 0xc6, 0x8a
    db 0xe8, 0xe8, 0x46, 0x85, 0x5e, 0x2b, 0xf2, 0x73
    db 0x02, 0x86, 0xe9, 0xe8, 0x75, 0xf9, 0xb2, 0xf5
    db 0xeb, 0x69, 0x90, 0x8b, 0x36, 0xf3, 0x78, 0x56
    db 0xe8, 0xd9, 0xba, 0x59, 0x8b, 0x36, 0x0b, 0x79
    db 0x2b, 0xf2, 0x73, 0x00, 0xeb, 0x47, 0x8a, 0xc2
    db 0x3c, 0x2d, 0x74, 0x41, 0xa0, 0x17, 0x77, 0xa8
    db 0x80, 0x74, 0x20, 0xe8, 0x7b, 0x61, 0x2a, 0x5c
    db 0x20, 0x98, 0x18, 0x16, 0x0c, 0x74, 0xbe, 0x54
    db 0x04, 0x1c, 0x64, 0x20, 0x8e, 0x0e, 0x00, 0x8b
    db 0xc6, 0x3c, 0x2d, 0x74, 0x18, 0xb2, 0x20, 0xeb
    db 0x1c, 0x2e, 0x00, 0xe8, 0xab, 0xba, 0x8a, 0xc2
    db 0x3c, 0x20, 0x74, 0x09, 0x3c, 0xd1, 0x75, 0x02
    db 0xb2, 0xd7, 0xe8, 0x8f, 0xba, 0xe8, 0x27, 0x01
    db 0xe8, 0x00, 0x8c, 0xeb, 0x0e, 0xa0, 0x0e, 0x7a
    db 0x3c, 0x20, 0x75, 0x07, 0xa0, 0x3d, 0x79, 0xa8
    db 0x01, 0x74, 0x00, 0xa0, 0x4e, 0x7a, 0x0a, 0xc0
    db 0x74, 0x1a, 0x8b, 0x36, 0xf3, 0x78, 0x56, 0xe8
    db 0x7b, 0xba, 0x5e, 0x8b, 0x0e, 0xc4, 0x79, 0x2b
    db 0xf1, 0x79, 0x03, 0xe8, 0x62, 0xba, 0xe8, 0x68
    db 0xba, 0xe8, 0x58, 0xba, 0xa0, 0x3c, 0x79, 0xa8
    db 0x80, 0x74, 0x03, 0xe8, 0x87, 0x6c, 0xa0, 0x17
    db 0x77, 0xa8, 0x08, 0x74, 0x51, 0xa0, 0x0d, 0x79
    db 0xa8, 0x02, 0x75, 0x4a, 0x8b, 0x36, 0x14, 0x79
    db 0x8b, 0x16, 0xf3, 0x78, 0x2b, 0xf2, 0x73, 0x3e
    db 0xa0, 0x3d, 0x79, 0xa8, 0x04, 0x75, 0x37, 0xa0
    db 0x17, 0x77, 0xa8, 0x80, 0x74, 0x22, 0xe8, 0xe0
    db 0x60, 0x2a, 0x5c, 0x20, 0x98, 0x1a, 0x16, 0x0c
    db 0x74, 0xbe, 0x54, 0x04, 0x1c, 0x64, 0x20, 0x8e
    db 0x14, 0x00, 0x8b, 0xc6, 0x3c, 0x2d, 0x75, 0x16
    db 0xe8, 0xc6, 0x60, 0x16, 0x82, 0x4e, 0x2e, 0x00
    db 0xe8, 0xbe, 0x60, 0x16, 0x4c, 0x40, 0x52, 0x04
    db 0x98, 0xfc, 0x8a, 0x06, 0x1c, 0x00, 0xeb, 0x44
    db 0x5c, 0xee, 0x8e, 0xfa, 0x2c, 0x5c, 0x20, 0x98
    db 0x0e, 0x2a, 0x9a, 0x30, 0x2e, 0x5c, 0x2d, 0x98
    db 0x2b, 0x64, 0x20, 0x82, 0x27, 0x5c, 0xd1, 0x98
    db 0x20, 0x64, 0xd7, 0x00, 0x8b, 0x36, 0x14, 0x79
    db 0x8b, 0x16, 0xf3, 0x78, 0x2b, 0xf2, 0x73, 0x13
    db 0xe8, 0x86, 0x60, 0x2a, 0x5c, 0xd7, 0x98, 0x06
    db 0x7e, 0xd1, 0x82, 0xc2, 0x30, 0x82, 0xbf, 0x2e
    db 0x82, 0xe3, 0x00, 0xe8, 0x73, 0x60, 0xb2, 0x1e
    db 0xa2, 0x1c, 0x22, 0x00, 0xa0, 0x0e, 0x7a, 0x3c
    db 0x20, 0x75, 0x07, 0xa0, 0x3d, 0x79, 0xa8, 0x01
    db 0x74, 0x03, 0xe8, 0x81, 0x88, 0x8b, 0x16, 0xf3
    db 0x78, 0x8b, 0x36, 0x0b, 0x79, 0x2b, 0xf2, 0x73
    db 0x2b, 0x8b, 0x16, 0x50, 0x79, 0xa0, 0x3c, 0x79
    db 0xa8, 0x80, 0x74, 0x0d, 0x8b, 0x36, 0xf3, 0x78
    db 0x2b, 0xf2, 0xe8, 0xf8, 0xc4, 0x2b, 0xf2, 0x75
    db 0x13, 0x8b, 0x36, 0x0b, 0x79, 0x2b, 0xf2, 0x72
    db 0x0b, 0xa0, 0x17, 0x77, 0xeb, 0x06, 0x90, 0xb0
    db 0x80, 0xa2, 0xa6, 0x79, 0xb0, 0x01, 0xc3, 0xe8
    db 0x1f, 0x60, 0x74, 0xa6, 0x40, 0x7e, 0x0c, 0x10
    db 0x44, 0x0c, 0x00, 0xeb, 0x0a, 0xb2, 0x0c, 0x8b
    db 0x36, 0x7b, 0x79, 0x56, 0xe8, 0x4d, 0xb9, 0x5e
    db 0x83, 0xfe, 0x00, 0x75, 0x01, 0xc3, 0xb0, 0xee
    db 0xa2, 0xc3, 0x79, 0x89, 0x36, 0xc4, 0x79, 0xa2
    db 0xc8, 0x79, 0x8a, 0xd0, 0xe8, 0x35, 0xb9, 0xc3
    db 0xc3, 0xff, 0x04, 0x00, 0x06, 0xff, 0x02, 0x06
    db 0x00, 0x00, 0x00, 0xe1, 0xf2, 0xe0, 0x20, 0x20
    db 0x20, 0x20, 0xe1, 0xf3, 0xe0, 0xff, 0x04, 0x00
    db 0x05, 0xff, 0x02, 0x08, 0x00, 0x00, 0x00, 0xe1
    db 0xf3, 0xe0, 0x20, 0x20, 0x20, 0x20, 0x20, 0xe0
    db 0xf3, 0xff, 0x04, 0x00, 0x06, 0xff, 0x02, 0x0c
    db 0x00, 0x00, 0x00, 0xf9, 0xf1, 0x50, 0x53, 0xf1
    db 0xf9, 0x20, 0xff, 0x04, 0x00, 0x05, 0x20, 0xf3
    db 0xe0, 0x20, 0xf3, 0xff, 0x04, 0x00, 0x06, 0xe0
    db 0xff, 0x02, 0x0a, 0x00, 0x00, 0x00, 0x20, 0x20
    db 0x20, 0x25, 0xe0, 0xff, 0x02, 0x0e, 0x00, 0x00
    db 0x00, 0x20, 0x20, 0xe3, 0x20, 0x20, 0xe1, 0xff
    db 0x04, 0x00, 0x05, 0xff, 0x04, 0x00, 0x06, 0xff
    db 0x02, 0x04, 0x00, 0x0d, 0x00, 0xff, 0x04, 0x00
    db 0x05, 0x31, 0x32, 0x33, 0xe1, 0xff, 0x04, 0x00
    db 0x06, 0xff, 0x02, 0x02, 0x00, 0x0f, 0x00, 0xff
    db 0x04, 0x00, 0x05, 0x30, 0x31, 0x20, 0xff, 0x04
    db 0x00, 0x06, 0xff, 0x02, 0x00, 0x00, 0x00, 0x00
    db 0xff, 0x42, 0x18, 0x00, 0x0c, 0x00, 0xab, 0x9e
    db 0x88, 0xc6, 0xe1, 0x20, 0x20, 0xe3, 0xff, 0x04
    db 0x01, 0x00, 0x00, 0x00, 0x9c, 0x2e, 0x07, 0x00
    db 0x00, 0x00, 0x00, 0x01, 0x20, 0x29, 0x77, 0x09
    db 0x00, 0x20, 0x28, 0x7f, 0x00, 0x00, 0xff, 0x0a
    db 0x00, 0x00, 0x00, 0x00, 0x00, 0x00, 0x00, 0x20
    db 0x37, 0x77, 0x0f, 0x00, 0xff, 0x06, 0x00, 0x00
    db 0x00, 0x00, 0x00, 0x00, 0x00, 0x00, 0x00, 0x00
    db 0x00, 0x00, 0x03, 0x55, 0x49, 0x5a, 0x53, 0x46
    db 0x48, 0x54, 0x50, 0x53, 0x31, 0x30, 0x31, 0x32
    db 0x31, 0x35, 0x74, 0x62, 0x43, 0x53, 0x44, 0x59
    db 0x4c, 0x52, 0x50, 0x45, 0x66, 0x66, 0x4e, 0x72
    db 0x50, 0x53, 0x74, 0x77, 0x73, 0x77, 0x73, 0x70
    db 0x49, 0x4e, 0x4b, 0x41, 0x4b, 0x45, 0x52, 0x30
    db 0x52, 0x31, 0x47, 0x4f, 0x6d, 0x79, 0x8b, 0x36
    db 0xa1, 0x79, 0x8b, 0xde, 0xf6, 0xc3, 0x10, 0x75
    db 0x01, 0xc3, 0xf6, 0xc1, 0x40, 0x75, 0x0f, 0xf6
    db 0xc1, 0x04, 0x75, 0x0a, 0x8b, 0x36, 0xd5, 0x78
    db 0x8b, 0xde, 0xf6, 0xc3, 0x01, 0xc3, 0x3a, 0xc0
    db 0xc3, 0xe8, 0xda, 0xff, 0x75, 0x01, 0xc3, 0x5a
    db 0xbe, 0x29, 0x80, 0xc7, 0x04, 0xf2, 0x00, 0x3c
    db 0x1f, 0x74, 0x30, 0x3c, 0x1e, 0x74, 0x26, 0x3c
    db 0xee, 0x75, 0x03, 0xe9, 0xfb, 0x00, 0x3c, 0xed
    db 0x75, 0x28, 0xb0, 0x0c, 0xe8, 0xe1, 0x00, 0xa0
    db 0xf9, 0x79, 0x04, 0x30, 0x88, 0x04, 0x46, 0xc6
    db 0x04, 0xdc, 0x46, 0xa0, 0xf8, 0x79, 0x04, 0x30
    db 0x88, 0x04, 0x46, 0xeb, 0x44, 0x46, 0xc6, 0x04
    db 0x52, 0xeb, 0x04, 0x46, 0xc6, 0x04, 0x72, 0x46
    db 0xeb, 0x37, 0x3c, 0xe9, 0x75, 0x36, 0xa0, 0xf8
    db 0x79, 0x3c, 0x1c, 0x75, 0x11, 0xc6, 0x04, 0xbb
    db 0x46, 0xa0, 0xf9, 0x79, 0x88, 0x04, 0x46, 0xc6
    db 0x04, 0xbb, 0x46, 0xe9, 0x00, 0x01, 0x3c, 0x1a
    db 0x9f, 0x50, 0x04, 0x10, 0xe8, 0x99, 0x00, 0x58
    db 0x9e, 0x75, 0x0e, 0xa0, 0xfa, 0x79, 0x3c, 0x00
    db 0xb0, 0xdd, 0x79, 0x02, 0xb0, 0xde, 0x88, 0x04
    db 0x46, 0xe9, 0xd7, 0x00, 0x3c, 0xef, 0x75, 0x19
    db 0xa0, 0xf8, 0x79, 0x3c, 0x06, 0x75, 0x04, 0x32
    db 0xc0, 0xeb, 0xd3, 0x46, 0xc6, 0x04, 0x56, 0x46
    db 0xc6, 0x04, 0x54, 0x46, 0xba, 0xfc, 0x79, 0xeb
    db 0x0c, 0x3c, 0xe8, 0x75, 0x4d, 0xb0, 0x0e, 0xe8
    db 0x5e, 0x00, 0xba, 0xfb, 0x79, 0x51, 0xff, 0x36
    db 0xed, 0x75, 0x56, 0x8f, 0x06, 0xed, 0x75, 0x8b
    db 0xea, 0x8a, 0x7e, 0x00, 0x4d, 0x8a, 0x5e, 0x00
    db 0x4d, 0x8b, 0xd5, 0x8b, 0xf3, 0x52, 0xe8, 0xb2
    db 0x6a, 0x5a, 0x8b, 0x1e, 0xed, 0x75, 0xc6, 0x07
    db 0xdc, 0x43, 0x89, 0x1e, 0xed, 0x75, 0x8b, 0xea
    db 0x8a, 0x7e, 0x00, 0x4d, 0x8a, 0x5e, 0x00, 0x8b
    db 0xf3, 0x8b, 0xd5, 0xe8, 0x95, 0x6a, 0xff, 0x36
    db 0xed, 0x75, 0x5e, 0x8f, 0x06, 0xed, 0x75, 0x59
    db 0xeb, 0x69, 0xb0, 0x0a, 0xe8, 0x11, 0x00, 0xa0
    db 0xf9, 0x79, 0xe8, 0x0c, 0x00, 0xc6, 0x04, 0xdc
    db 0xa0, 0xf8, 0x79, 0xe8, 0x02, 0x00, 0xeb, 0x53
    db 0x46, 0x8a, 0xd8, 0xb7, 0x00, 0xba, 0x4d, 0x77
    db 0x03, 0xda, 0x8b, 0x17, 0x89, 0x14, 0x46, 0x46
    db 0xc3, 0xb0, 0x08, 0xeb, 0x8a, 0xe8, 0xbe, 0xfe
    db 0x75, 0x01, 0xc3, 0x5a, 0x8a, 0xc5, 0x24, 0xfe
    db 0x3c, 0xea, 0x75, 0x08, 0x8a, 0xc5, 0x24, 0x01
    db 0x04, 0xf2, 0x8a, 0xe8, 0x8a, 0xdd, 0xd0, 0xeb
    db 0xba, 0x46, 0x77, 0x83, 0xea, 0x78, 0xb7, 0x00
    db 0x8b, 0xf3, 0x03, 0xf2, 0x8a, 0x04, 0xbe, 0x29
    db 0x80, 0xc6, 0x04, 0xf2, 0x46, 0x88, 0x04, 0x46
    db 0x8a, 0xc5, 0x24, 0x01, 0x34, 0x01, 0x04, 0x30
    db 0x88, 0x04, 0x46, 0xa0, 0x5e, 0x79, 0xa8, 0x02
    db 0x75, 0x04, 0xc6, 0x04, 0xf3, 0x46, 0xc6, 0x04
    db 0xff, 0x5e, 0x89, 0x36, 0x13, 0x7a, 0xba, 0x29
    db 0x80, 0x80, 0x0e, 0x4f, 0x82, 0x01, 0x80, 0xc9
    db 0x40, 0xe9, 0x8a, 0x78, 0x01, 0x0b, 0x8b, 0x36
    db 0x1b, 0x78, 0x8b, 0x16, 0xc9, 0x77, 0x8a, 0xc2
    db 0x24, 0x3f, 0x8b, 0xde, 0x3a, 0xc3, 0x74, 0x07
    db 0xa2, 0x1b, 0x78, 0xb4, 0x00, 0x8b, 0xf0, 0x89
    db 0x16, 0xc7, 0x77, 0xc3, 0x8b, 0x1e, 0xef, 0x75
    db 0x8b, 0x77, 0x12, 0xc3, 0x8b, 0x1e, 0xef, 0x75
    db 0x8b, 0x77, 0x14, 0xc3, 0x00, 0x00, 0x00, 0x00
    db 0x00, 0x00, 0x47, 0xa6, 0x72, 0xa6, 0x7e, 0xa6
    db 0x73, 0xaa, 0xa0, 0xa6, 0x73, 0xaa, 0x73, 0xaa
    db 0x73, 0xaa, 0x73, 0xaa, 0x73, 0xaa, 0xab, 0xa6
    db 0x73, 0xaa, 0xcd, 0xa6, 0x73, 0xaa, 0xef, 0xa6
    db 0xfa, 0xa6, 0x05, 0xa7, 0x10, 0xa7, 0x16, 0xa7
    db 0x1f, 0xa7, 0x28, 0xa7, 0x3d, 0xa7, 0x73, 0xaa
    db 0x73, 0xaa, 0x73, 0xaa, 0x73, 0xaa, 0x45, 0xa7
    db 0x73, 0xaa, 0x73, 0xaa, 0x73, 0xaa, 0x73, 0xaa
    db 0x73, 0xaa, 0x7b, 0xa7, 0x73, 0xa7, 0x70, 0xa7
    db 0x9e, 0xa7, 0xa3, 0xa7, 0xa8, 0xa7, 0xad, 0xa7
    db 0x70, 0xa7, 0x73, 0xaa, 0x73, 0xaa, 0x73, 0xaa
    db 0xb2, 0xa7, 0xbb, 0xa7, 0xc4, 0xa7, 0xce, 0xa7
    db 0xd8, 0xa7, 0xe2, 0xa7, 0xec, 0xa7, 0xf6, 0xa7
    db 0x00, 0xa8, 0x0a, 0xa8, 0x16, 0xa8, 0xf5, 0xa8
    db 0xaf, 0xa9, 0x8b, 0xa8, 0x8f, 0xa8, 0x93, 0xa8
    db 0x9e, 0xa8, 0xa2, 0xa8, 0xa6, 0xa8, 0xaa, 0xa8
    db 0xfa, 0xa8, 0x22, 0xa9, 0xaf, 0xa8, 0x3c, 0xa9
    db 0x04, 0xa9, 0xb4, 0xa8, 0xb8, 0xa8, 0xbd, 0xa8
    db 0xaa, 0xa9, 0xc1, 0xa8, 0xc5, 0xa8, 0x0e, 0xa9
    db 0xc9, 0xa8, 0xce, 0xa8, 0x18, 0xa9, 0xd2, 0xa8
    db 0x56, 0xa9, 0xd7, 0xa8, 0xdc, 0xa8, 0xbe, 0xa9
    db 0xe1, 0xa8, 0xc9, 0xa9, 0x73, 0xaa, 0xd4, 0xa9
    db 0x70, 0xa9, 0x7c, 0xa9, 0x88, 0xa9, 0x94, 0xa9
    db 0xe6, 0xa8, 0xeb, 0xa8, 0xa0, 0xa9, 0xa5, 0xa9
    db 0xf0, 0xa8, 0x77, 0xa8, 0xda, 0xa9, 0xdf, 0xa9
    db 0xdf, 0xa9, 0xe4, 0xa9, 0xea, 0xa9, 0xef, 0xa9
    db 0xb4, 0xa9, 0xb4, 0xa9, 0xb4, 0xa9, 0xb4, 0xa9
    db 0xb4, 0xa9, 0xb4, 0xa9, 0xb4, 0xa9, 0xb4, 0xa9
    db 0xb4, 0xa9, 0xb4, 0xa9, 0xb9, 0xa9, 0xf4, 0xa9
    db 0xff, 0xa9, 0x05, 0xaa, 0x0a, 0xaa, 0x0f, 0xaa
    db 0x69, 0xaa, 0x67, 0xaa, 0x4c, 0xaa, 0x6f, 0xaa
    db 0x48, 0xaa, 0x71, 0xaa, 0x5f, 0xaa, 0x63, 0xaa
    db 0x4e, 0xaa, 0x65, 0xaa, 0x46, 0xaa, 0x73, 0xaa
    db 0x1a, 0xaa, 0x73, 0xaa, 0x73, 0xaa, 0x73, 0xaa
    db 0x73, 0xaa, 0x73, 0xaa, 0x73, 0xaa, 0x25, 0xaa
    db 0x36, 0xaa, 0x3a, 0xaa, 0x3e, 0xaa, 0x42, 0xaa
    db 0xbe, 0x5f, 0xa6, 0xe8, 0x29, 0x04, 0xe8, 0x6b
    db 0x01, 0xe8, 0x7b, 0x01, 0xe8, 0x8c, 0x01, 0xe8
    db 0x9d, 0x01, 0xe8, 0xae, 0x01, 0x32, 0xc9, 0xc3
    db 0x12, 0x18, 0x1b, 0x5a, 0x00, 0x20, 0x1b, 0x5a
    db 0x80, 0x00, 0x0f, 0x1b, 0x57, 0x1b, 0x4b, 0x30
    db 0x1b, 0x76, 0x0d, 0xbe, 0x7b, 0xa6, 0xe8, 0xfe
    db 0x03, 0x32, 0xc9, 0xc3, 0x02, 0x1b, 0x63, 0xbe
    db 0x88, 0xa6, 0xe8, 0xf2, 0x03, 0xe8, 0x10, 0x00
    db 0xc3, 0x04, 0x1b, 0x5a, 0x07, 0x00, 0xbe, 0x94
    db 0xa6, 0xe8, 0xe3, 0x03, 0xc3, 0x02, 0x1b, 0x26
    db 0xbe, 0x9d, 0xa6, 0xe9, 0xd9, 0x03, 0x02, 0x1b
    db 0x24, 0xbe, 0xa6, 0xa6, 0xe9, 0xd0, 0x03, 0x04
    db 0x1b, 0x44, 0x00, 0x04, 0xbe, 0xca, 0xa6, 0xe8
    db 0xc5, 0x03, 0xa1, 0x01, 0x79, 0x32, 0xe4, 0xb7
    db 0x0c, 0xf6, 0xe7, 0xbb, 0x7c, 0x82, 0xe8, 0x32
    db 0x25, 0xbe, 0x7c, 0x82, 0xc6, 0x04, 0x04, 0xe8
    db 0x6f, 0x25, 0xc3, 0x02, 0x1b, 0x48, 0xbe, 0xec
    db 0xa6, 0xe8, 0xa3, 0x03, 0xa1, 0x16, 0x79, 0xb7
    db 0x06, 0xf6, 0xf7, 0x32, 0xe4, 0xbb, 0x7b, 0x82
    db 0xe8, 0x10, 0x25, 0xbe, 0x7c, 0x82, 0xc6, 0x04
    db 0x03, 0xe8, 0x4d, 0x25, 0xc3, 0x02, 0x1b, 0x4c
    db 0xbe, 0xf5, 0xa6, 0xe9, 0x81, 0x03, 0x04, 0x1b
    db 0x54, 0x32, 0x34, 0xbe, 0x00, 0xa7, 0xe9, 0x76
    db 0x03, 0x04, 0x1b, 0x54, 0x33, 0x36, 0xbe, 0x0b
    db 0xa7, 0xe9, 0x6b, 0x03, 0x04, 0x1b, 0x54, 0x34
    db 0x38, 0xe8, 0xc5, 0x20, 0x32, 0xc9, 0xc3, 0xbe
    db 0x1c, 0xa7, 0xe9, 0x5a, 0x03, 0x02, 0x1b, 0x4e
    db 0xbe, 0x25, 0xa7, 0xe9, 0x51, 0x03, 0x02, 0x1b
    db 0x45, 0xbe, 0x2e, 0xa7, 0xe9, 0x48, 0x03, 0x05
    db 0x1b, 0x70, 0x1b, 0x73, 0x31, 0xbe, 0x3a, 0xa7
    db 0xe9, 0x3c, 0x03, 0x02, 0x1b, 0x71, 0xe8, 0xc1
    db 0x20, 0x32, 0xc9, 0x32, 0xdb, 0xc3, 0xb2, 0x0d
    db 0xe8, 0xd5, 0x00, 0x83, 0xf9, 0x00, 0x75, 0x01
    db 0xc3, 0x8b, 0xc1, 0x25, 0xff, 0x01, 0x8a, 0x0e
    db 0x9d, 0x82, 0x83, 0xe1, 0x07, 0x80, 0xc9, 0x02
    db 0xf6, 0xf1, 0x8a, 0xc8, 0x0b, 0xc9, 0x75, 0x01
    db 0xc3, 0xb2, 0x0a, 0xe8, 0xb2, 0x00, 0x49, 0xeb
    db 0xf3, 0xbb, 0x01, 0x00, 0xa1, 0x98, 0x82, 0x03
    db 0xc3, 0xa3, 0x98, 0x82, 0xd1, 0xe0, 0xbb, 0x7b
    db 0x82, 0xe8, 0x6f, 0x24, 0xe8, 0xae, 0xff, 0xbe
    db 0x9b, 0xa7, 0xe8, 0xea, 0x02, 0xbe, 0x7b, 0x82
    db 0xc6, 0x04, 0x04, 0xe8, 0xa3, 0x24, 0xe8, 0x69
    db 0x20, 0x32, 0xc9, 0xc3, 0x02, 0x1b, 0x46, 0xbb
    db 0x02, 0x00, 0xeb, 0xd0, 0xbb, 0x03, 0x00, 0xeb
    db 0xcb, 0xbb, 0x04, 0x00, 0xeb, 0xc6, 0xbb, 0x05
    db 0x00, 0xeb, 0xc1, 0x80, 0x0e, 0x9e, 0x82, 0x40
    db 0xb2, 0x0e, 0xeb, 0x64, 0x80, 0x26, 0x9e, 0x82
    db 0xbf, 0xb2, 0x0f, 0xeb, 0x5b, 0xbe, 0xcb, 0xa7
    db 0xe8, 0xac, 0x02, 0xc3, 0x02, 0x1b, 0x58, 0xbe
    db 0xd5, 0xa7, 0xe8, 0xa2, 0x02, 0xc3, 0x02, 0x1b
    db 0x59, 0xbe, 0xdf, 0xa7, 0xe8, 0x98, 0x02, 0xc3
    db 0x02, 0x1b, 0x21, 0xbe, 0xe9, 0xa7, 0xe8, 0x8e
    db 0x02, 0xc3, 0x02, 0x1b, 0x22, 0xbe, 0xf3, 0xa7
    db 0xe8, 0x84, 0x02, 0xc3, 0x02, 0x1b, 0x78, 0xbe
    db 0xfd, 0xa7, 0xe8, 0x7a, 0x02, 0xc3, 0x02, 0x1b
    db 0x7a, 0xbe, 0x07, 0xa8, 0xe8, 0x70, 0x02, 0xc3
    db 0x02, 0x1b, 0x79, 0xbe, 0x11, 0xa8, 0xe8, 0x66
    db 0x02, 0xc3, 0x02, 0x1b, 0x7a, 0x8a, 0xc2, 0xe8
    db 0x6b, 0x02, 0xe8, 0xd5, 0x27, 0x32, 0xc9, 0xc3
    db 0xe8, 0x62, 0x02, 0xe8, 0x05, 0x20, 0x32, 0xc9
    db 0xc3, 0xbe, 0x2d, 0xa8, 0xeb, 0x3d, 0x08, 0x1b
    db 0x5a, 0x01, 0x00, 0x1b, 0x44, 0x06, 0x00, 0xbe
    db 0x3b, 0xa8, 0xeb, 0x2f, 0x08, 0x1b, 0x5a, 0x03
    db 0x00, 0x1b, 0x44, 0x04, 0x00, 0xbe, 0x49, 0xa8
    db 0xeb, 0x21, 0x04, 0x1b, 0x44, 0x07, 0x00, 0xbe
    db 0x53, 0xa8, 0xeb, 0x17, 0x08, 0x1b, 0x5a, 0x05
    db 0x00, 0x1b, 0x44, 0x02, 0x00, 0xbe, 0x61, 0xa8
    db 0xeb, 0x09, 0x08, 0x1b, 0x5a, 0x06, 0x00, 0x1b
    db 0x44, 0x01, 0x00, 0xe8, 0x09, 0x02, 0xe8, 0xa4
    db 0xff, 0xbe, 0x88, 0xa6, 0xe8, 0x00, 0x02, 0xc3
    db 0xbe, 0x7d, 0xa8, 0xe9, 0xf9, 0x01, 0x0d, 0x1b
    db 0x5a, 0x01, 0x00, 0x1b, 0x44, 0x06, 0x00, 0x7e
    db 0x1b, 0x5a, 0x07, 0x00, 0xb2, 0x7d, 0xeb, 0xa7
    db 0xb2, 0x7b, 0xeb, 0x95, 0xbe, 0x9a, 0xa8, 0xe8
    db 0xdd, 0x01, 0xc3, 0x03, 0x61, 0x08, 0x5e, 0xb2
    db 0x7b, 0xeb, 0x94, 0xb2, 0x40, 0xeb, 0x82, 0xb2
    db 0x7d, 0xeb, 0xa4, 0xb2, 0x5c, 0xe9, 0x79, 0xff
    db 0xb2, 0x7d, 0xe9, 0x74, 0xff, 0xb2, 0x7e, 0xeb
    db 0xa4, 0xb2, 0x5b, 0xe9, 0x79, 0xff, 0xb2, 0x5d
    db 0xeb, 0x8d, 0xb2, 0x7b, 0xeb, 0x89, 0xb2, 0x5b
    db 0xeb, 0x85, 0xb2, 0x7c, 0xe9, 0x68, 0xff, 0xb2
    db 0x7c, 0xeb, 0x8a, 0xb2, 0x7c, 0xe9, 0x51, 0xff
    db 0xb2, 0x5c, 0xe9, 0x5a, 0xff, 0xb2, 0x5d, 0xe9
    db 0x55, 0xff, 0xb2, 0x23, 0xe9, 0x42, 0xff, 0xb2
    db 0x7c, 0xe9, 0x59, 0xff, 0xb2, 0x5c, 0xe9, 0x54
    db 0xff, 0xb2, 0x5d, 0xe9, 0x4f, 0xff, 0xb2, 0x27
    db 0xe9, 0x1a, 0xff, 0xbe, 0x00, 0xa9, 0xe9, 0x76
    db 0x01, 0x03, 0x65, 0x08, 0x5e, 0xbe, 0x0a, 0xa9
    db 0xe9, 0x6c, 0x01, 0x03, 0x69, 0x08, 0x5e, 0xbe
    db 0x14, 0xa9, 0xe9, 0x62, 0x01, 0x03, 0x6f, 0x08
    db 0x5e, 0xbe, 0x1e, 0xa9, 0xe9, 0x58, 0x01, 0x03
    db 0x75, 0x08, 0x5e, 0xbe, 0x2d, 0xa8, 0xe8, 0x4e
    db 0x01, 0xb2, 0x7e, 0xe8, 0xe7, 0xfe, 0xbe, 0x39
    db 0xa9, 0xe8, 0x43, 0x01, 0xbe, 0x88, 0xa6, 0xe9
    db 0x3d, 0x01, 0x02, 0x08, 0x65, 0xbe, 0x2d, 0xa8
    db 0xe8, 0x34, 0x01, 0xb2, 0x7e, 0xe8, 0xcd, 0xfe
    db 0xbe, 0x53, 0xa9, 0xe8, 0x29, 0x01, 0xbe, 0x88
    db 0xa6, 0xe9, 0x23, 0x01, 0x02, 0x08, 0x69, 0xbe
    db 0x2d, 0xa8, 0xe8, 0x1a, 0x01, 0xb2, 0x7e, 0xe8
    db 0xb3, 0xfe, 0xbe, 0x6d, 0xa9, 0xe8, 0x0f, 0x01
    db 0xbe, 0x88, 0xa6, 0xe9, 0x09, 0x01, 0x02, 0x08
    db 0x79, 0xbe, 0x79, 0xa9, 0xe8, 0x00, 0x01, 0xe9
    db 0x7c, 0xff, 0x02, 0x61, 0x08, 0xbe, 0x85, 0xa9
    db 0xe8, 0xf4, 0x00, 0xe9, 0x70, 0xff, 0x02, 0x69
    db 0x08, 0xbe, 0x91, 0xa9, 0xe8, 0xe8, 0x00, 0xe9
    db 0x64, 0xff, 0x02, 0x6f, 0x08, 0xbe, 0x9d, 0xa9
    db 0xe8, 0xdc, 0x00, 0xe9, 0x58, 0xff, 0x02, 0x75
    db 0x08, 0xb2, 0x61, 0xe9, 0x6f, 0xfe, 0xb2, 0x6f
    db 0xe9, 0x6a, 0xfe, 0xb2, 0x45, 0xe9, 0x65, 0xfe
    db 0xb2, 0x43, 0xe9, 0x60, 0xfe, 0xb2, 0x20, 0xe9
    db 0x5b, 0xfe, 0xb2, 0x7c, 0xe9, 0x90, 0xfe, 0xbe
    db 0xc5, 0xa9, 0xe8, 0xb2, 0x00, 0xc3, 0x03, 0x63
    db 0x08, 0x7c, 0xbe, 0xd0, 0xa9, 0xe8, 0xa7, 0x00
    db 0xc3, 0x03, 0x59, 0x08, 0x3d, 0xb2, 0x66, 0xe9
    db 0x3b, 0xfe, 0xc3, 0xb2, 0x40, 0xe9, 0x57, 0xfe
    db 0xb2, 0x25, 0xe9, 0x30, 0xfe, 0xb2, 0x21, 0xe9
    db 0x2b, 0xfe, 0xc3, 0xb2, 0x3c, 0xe9, 0x25, 0xfe
    db 0xb2, 0x3e, 0xe9, 0x20, 0xfe, 0xbe, 0xfb, 0xa9
    db 0xe8, 0x7c, 0x00, 0xc3, 0x03, 0x2b, 0x08, 0x5f
    db 0xb2, 0x2a, 0xe9, 0x10, 0xfe, 0xc3, 0xb2, 0x5b
    db 0xe9, 0x1e, 0xfe, 0xb2, 0x32, 0xe9, 0x05, 0xfe
    db 0xbe, 0x16, 0xaa, 0xe8, 0x61, 0x00, 0xc3, 0x03
    db 0x69, 0x08, 0x2f, 0xbe, 0x21, 0xaa, 0xe8, 0x56
    db 0x00, 0xc3, 0x03, 0xfc, 0x08, 0xad, 0xb2, 0xcd
    db 0xe9, 0xea, 0xfd, 0x52, 0xe8, 0x5f, 0xfc, 0x5a
    db 0xe8, 0xe2, 0xfd, 0xe8, 0x62, 0xfc, 0xc3, 0xb2
    db 0xd5, 0xeb, 0xf0, 0xb2, 0xca, 0xeb, 0xec, 0xb2
    db 0xcb, 0xeb, 0xe8, 0xb2, 0xc8, 0xeb, 0xe4, 0xeb
    db 0x17, 0xb2, 0xcc, 0xeb, 0xde, 0xeb, 0x00, 0xe8
    db 0x3c, 0xfc, 0xbe, 0x5b, 0xaa, 0xe8, 0x1f, 0x00
    db 0xe8, 0x3d, 0xfc, 0xc3, 0x03, 0xcc, 0x08, 0xda
    db 0xb2, 0xda, 0xeb, 0xc7, 0xeb, 0xe9, 0xeb, 0xe1
    db 0xeb, 0xdf, 0xb2, 0x20, 0xe9, 0xa6, 0xfd, 0xc3
    db 0xeb, 0xee, 0xeb, 0xdb, 0x32, 0xc9, 0xc3, 0xe8
    db 0x0b, 0x00, 0xe8, 0xa3, 0x21, 0xc3, 0xe8, 0x04
    db 0x00, 0xe8, 0xb5, 0x21, 0xc3, 0xb9, 0xe8, 0x03
    db 0x8a, 0x16, 0xe2, 0x70, 0x3a, 0x16, 0xe3, 0x70
    db 0xe1, 0xf6, 0xc3, 0x00, 0x00, 0xe0, 0xaa, 0xe0
    db 0xaa, 0xfe, 0xaa, 0x69, 0xab, 0xa4, 0xab, 0xc1
    db 0xab, 0x99, 0xac, 0xa6, 0xaa, 0x00, 0x00, 0xc7
    db 0x06, 0x13, 0x78, 0x01, 0x00, 0xc7, 0x06, 0x15
    db 0x78, 0xe7, 0x03, 0xc7, 0x06, 0x0f, 0x79, 0x01
    db 0x00, 0x80, 0x26, 0xb3, 0x8d, 0x7d, 0x80, 0x0e
    db 0xb3, 0x8d, 0x01, 0xe8, 0x4b, 0xdb, 0xe8, 0x9b
    db 0xa4, 0x9f, 0x50, 0xe8, 0xf7, 0x99, 0x58, 0x9e
    db 0x73, 0x0f, 0xbe, 0x35, 0x00, 0xe8, 0xad, 0x43
    db 0x3c, 0x0b, 0x74, 0x04, 0x3c, 0x03, 0x75, 0xf2
    db 0xc3, 0xe8, 0x5d, 0x46, 0xbe, 0x0a, 0x00, 0xb5
    db 0x03, 0xe8, 0xb3, 0x43, 0xc7, 0x06, 0xef, 0x75
    db 0x96, 0xaa, 0xff, 0x36, 0xef, 0x75, 0x56, 0xe8
    db 0x47, 0xe4, 0xe8, 0x81, 0xd9, 0xeb, 0x0b, 0xe8
    db 0x3f, 0x46, 0xff, 0x36, 0xef, 0x75, 0x56, 0xe8
    db 0x91, 0xd9, 0x5e, 0x8f, 0x06, 0xef, 0x75, 0x80
    db 0x3e, 0x4a, 0x79, 0x13, 0x75, 0x08, 0x83, 0x06
    db 0xef, 0x75, 0x02, 0xe9, 0x70, 0xe7, 0x80, 0x3e
    db 0x4a, 0x79, 0xda, 0x75, 0xf6, 0xbe, 0x0d, 0x00
    db 0xe8, 0x5f, 0xcb, 0xe8, 0x0a, 0x00, 0x3c, 0x59
    db 0x75, 0x03, 0xe9, 0x65, 0x01, 0xe9, 0x6f, 0xff
    db 0xbe, 0x0e, 0x00, 0xe8, 0x4c, 0xcb, 0xc6, 0x06
    db 0x55, 0x75, 0x59, 0xe8, 0xcd, 0xd7, 0x3c, 0xda
    db 0x74, 0x19, 0x3c, 0x03, 0x74, 0x19, 0x3c, 0x11
    db 0x74, 0xe6, 0x3c, 0x10, 0x75, 0xed, 0xbe, 0x0f
    db 0x00, 0xe8, 0x2e, 0xcb, 0xc6, 0x06, 0x55, 0x75
    db 0x4e, 0xeb, 0xe0, 0xa0, 0x55, 0x75, 0xc3, 0xb0
    db 0x4e, 0xc3, 0xff, 0x36, 0xef, 0x75, 0x56, 0xe8
    db 0xc9, 0x45, 0xb0, 0x4e, 0xb1, 0x03, 0xe8, 0x46
    db 0xc6, 0x5e, 0x8f, 0x06, 0xef, 0x75, 0xa0, 0x4a
    db 0x79, 0x3c, 0x12, 0x74, 0x0a, 0x3c, 0xda, 0x74
    db 0x06, 0x3c, 0x03, 0x75, 0xdd, 0xeb, 0x8c, 0xa0
    db 0x55, 0x75, 0xe8, 0xed, 0x43, 0x74, 0x84, 0x3c
    db 0x6e, 0x75, 0xcf, 0x83, 0x06, 0xef, 0x75, 0x02
    db 0x74, 0x03, 0xe9, 0x76, 0xff, 0x80, 0x0e, 0x2e
    db 0x79, 0x48, 0x80, 0x0e, 0xb3, 0x8d, 0x02, 0x80
    db 0x26, 0xb3, 0x8d, 0xfe, 0xff, 0x36, 0xef, 0x75
    db 0x56, 0xe8, 0x85, 0x45, 0xe8, 0x0c, 0xd9, 0xe9
    db 0x48, 0xff, 0xff, 0x36, 0xef, 0x75, 0x56, 0xe8
    db 0x71, 0x45, 0xb0, 0x4e, 0xb1, 0x05, 0xe8, 0xee
    db 0xc5, 0x8a, 0x26, 0x4a, 0x79, 0x80, 0xfc, 0x13
    db 0x74, 0xed, 0x80, 0xfc, 0x03, 0x74, 0xe0, 0x80
    db 0xfc, 0xda, 0x75, 0x0e, 0xa0, 0x55, 0x75, 0xe8
    db 0x98, 0x43, 0x74, 0x0e, 0x3c, 0x6e, 0x75, 0xd7
    db 0xeb, 0xcd, 0x5e, 0x8f, 0x06, 0xef, 0x75, 0xe9
    db 0xad, 0xfe, 0x1e, 0x8c, 0xce, 0x8e, 0xde, 0xbe
    db 0x7f, 0xac, 0xbf, 0x8b, 0x77, 0xb9, 0x0e, 0x00
    db 0x06, 0xbd, 0x00, 0x00, 0x8e, 0xc5, 0xfc, 0xf3
    db 0xa4, 0x07, 0x1f, 0xa0, 0x06, 0x68, 0x0c, 0x40
    db 0xa2, 0x8a, 0x77, 0xb9, 0x00, 0x00, 0xba, 0x8a
    db 0x77, 0xb4, 0x4e, 0xe8, 0x98, 0x55, 0x72, 0x66
    db 0x80, 0x0e, 0xb3, 0x8d, 0x80, 0xe8, 0xb2, 0xd1
    db 0x1e, 0x8c, 0xce, 0x8e, 0xde, 0xbe, 0x80, 0xac
    db 0xbf, 0x8e, 0x77, 0xb9, 0x0d, 0x00, 0x06, 0xbd
    db 0x00, 0x00, 0x8e, 0xc5, 0xfc, 0xf3, 0xa4, 0x07
    db 0x8b, 0xd7, 0x1f, 0xe8, 0x79, 0xcf, 0xb0, 0x08
    db 0xe8, 0x21, 0x98, 0xe8, 0xb0, 0x60, 0xc6, 0x06
    db 0xf3, 0x79, 0x00, 0xc6, 0x06, 0x04, 0x75, 0x00
    db 0xe8, 0x02, 0xc7, 0xe8, 0x5f, 0x98, 0xb0, 0x08
    db 0xe8, 0x09, 0x98, 0xe8, 0x10, 0xaf, 0xe8, 0x54
    db 0x98, 0xbe, 0x00, 0x8e, 0xb9, 0x0c, 0x00, 0xc6
    db 0x04, 0x14, 0x46, 0xe2, 0xfa, 0xe9, 0x3f, 0xff
    db 0x3a, 0x4d, 0x45, 0x52, 0x47, 0x45, 0x2e, 0x46
    db 0x49, 0x4c, 0x20, 0x20, 0x20, 0x00, 0xbe, 0x07
    db 0x00, 0xe8, 0xf6, 0xc9, 0xe8, 0x7c, 0xd6, 0xe9
    db 0x58, 0xff, 0xe8, 0x50, 0xe4, 0xe8, 0x1d, 0xbd
    db 0xe8, 0x0d, 0x00, 0xe8, 0xff, 0x63, 0xbe, 0x1a
    db 0x00, 0xb5, 0x02, 0xe8, 0xf1, 0x41, 0xeb, 0x56
    db 0xc7, 0x06, 0x17, 0x78, 0x01, 0x00, 0xbe, 0xf1
    db 0x77, 0x80, 0x0c, 0x01, 0xc3, 0xe8, 0x51, 0xd9
    db 0xe8, 0xa1, 0xa2, 0x9f, 0x50, 0xe8, 0xfd, 0x97
    db 0x58, 0x9e, 0x73, 0x0f, 0xbe, 0x35, 0x00, 0xe8
    db 0xb3, 0x41, 0x3c, 0x0b, 0x74, 0x04, 0x3c, 0x03
    db 0x75, 0xf2, 0xc3, 0xe8, 0xcd, 0xca, 0xbe, 0x1f
    db 0x00, 0xb5, 0x02, 0xe8, 0xb9, 0x41, 0x80, 0x26
    db 0xb3, 0x8d, 0x7c, 0xe8, 0xff, 0xe3, 0x3c, 0xda
    db 0x74, 0x02, 0xeb, 0x25, 0xe8, 0xb9, 0xff, 0x8b
    db 0x36, 0xff, 0x78, 0x89, 0x36, 0x13, 0x78, 0x89
    db 0x36, 0x15, 0x78, 0xe8, 0x9f, 0x63, 0xbe, 0x1c
    db 0x00, 0xe8, 0x7e, 0xc9, 0xe8, 0x2b, 0x00, 0xbe
    db 0xf1, 0x77, 0xf6, 0x04, 0x80, 0x75, 0xef, 0xeb
    db 0x00, 0xe8, 0xa9, 0x97, 0xb0, 0x0a, 0xe8, 0x53
    db 0x97, 0xc7, 0x06, 0x0f, 0x79, 0x01, 0x00, 0xb0
    db 0x01, 0xe8, 0x97, 0xbe, 0xe8, 0xbd, 0x8d, 0x73
    db 0xfb, 0xb0, 0x01, 0xe8, 0xec, 0xbe, 0xe8, 0x8c
    db 0x97, 0xc3, 0xb1, 0x01, 0xe8, 0x23, 0xe7, 0xe8
    db 0xca, 0xe5, 0xe8, 0x56, 0xca, 0xe8, 0x6e, 0xe6
    db 0xc3, 0xe8, 0x03, 0x00, 0xe9, 0x51, 0x3f, 0xbe
    db 0x14, 0x00, 0xe8, 0x35, 0xc9, 0xe8, 0xbb, 0xd5
    db 0x3c, 0x03, 0x75, 0xf9, 0xc3, 0x1e, 0x8c, 0xce
    db 0x8e, 0xde, 0xba, 0x3a, 0xae, 0x32, 0xc0, 0xb4
    db 0x3d, 0xe8, 0x52, 0x54, 0x1f, 0x72, 0xda, 0xa3
    db 0x53, 0x82, 0x32, 0xc0, 0xa2, 0x58, 0x82, 0xa2
    db 0x57, 0x82, 0xc7, 0x06, 0x55, 0x82, 0x10, 0x00
    db 0xbe, 0x11, 0x00, 0xb5, 0x03, 0xe8, 0x17, 0x41
    db 0xb0, 0x00, 0xe8, 0xb5, 0xe7, 0x8b, 0x16, 0x55
    db 0x82, 0x8b, 0xf2, 0x83, 0xc6, 0x04, 0x89, 0x36
    db 0x55, 0x82, 0x33, 0xc9, 0x8a, 0xc1, 0x8b, 0x1e
    db 0x53, 0x82, 0xb4, 0x42, 0xe8, 0x17, 0x54, 0xba
    db 0x59, 0x82, 0xb9, 0x02, 0x00, 0x8b, 0x1e, 0x53
    db 0x82, 0xb4, 0x3f, 0xe8, 0x08, 0x54, 0x8b, 0x36
    db 0x59, 0x82, 0x0b, 0xf6, 0x74, 0x4b, 0x8b, 0xd6
    db 0x33, 0xc9, 0x8a, 0xc1, 0x8b, 0x1e, 0x53, 0x82
    db 0xb4, 0x42, 0xe8, 0xf1, 0x53, 0xba, 0x59, 0x82
    db 0xb9, 0x18, 0x00, 0x8b, 0x1e, 0x53, 0x82, 0xb4
    db 0x3f, 0xe8, 0xe2, 0x53, 0xbe, 0x59, 0x82, 0x8a
    db 0x14, 0x80, 0xfa, 0x09, 0x74, 0x11, 0x80, 0xfa
    db 0x0a, 0x74, 0x0c, 0x56, 0xe8, 0x95, 0xad, 0x5e
    db 0x46, 0x81, 0xfe, 0x71, 0x82, 0x75, 0xe8, 0xb2
    db 0x0c, 0xe8, 0x88, 0xad, 0xfe, 0x06, 0x58, 0x82
    db 0x83, 0x3e, 0x54, 0x7a, 0x09, 0x72, 0x43, 0xeb
    db 0x84, 0xe8, 0x85, 0xad, 0xe8, 0x6f, 0xad, 0xe8
    db 0xb3, 0x96, 0xe8, 0xc0, 0xe3, 0xe8, 0x66, 0xc4
    db 0xe8, 0xeb, 0x5e, 0xe8, 0xa7, 0x96, 0x80, 0x26
    db 0xb3, 0x8d, 0xbf, 0x80, 0x3e, 0x4a, 0x79, 0x03
    db 0x74, 0x05, 0x80, 0x0e, 0xb3, 0x8d, 0x40, 0x8b
    db 0x1e, 0x53, 0x82, 0xb4, 0x3e, 0xe8, 0x86, 0x53
    db 0xe9, 0x65, 0x3e, 0x48, 0x3a, 0x41, 0x44, 0x44
    db 0x52, 0x45, 0x53, 0x53, 0x2e, 0x4f, 0x44, 0x42
    db 0x20, 0x00, 0xe8, 0xb9, 0x5e, 0xe8, 0x75, 0x96
    db 0x80, 0x26, 0xb3, 0x8d, 0xbf, 0xbe, 0x2d, 0x00
    db 0xe8, 0x2f, 0xc8, 0xe8, 0xf7, 0xfe, 0xeb, 0xcf
    db 0x80, 0x26, 0xb3, 0x8d, 0xbf, 0x1e, 0x8c, 0xce
    db 0x8e, 0xde, 0xba, 0x3a, 0xae, 0xb0, 0x00, 0xb4
    db 0x3d, 0xe8, 0x4a, 0x53, 0x1f, 0x73, 0x04, 0xe8
    db 0xd5, 0xfe, 0xc3, 0xa3, 0x53, 0x82, 0xb6, 0x00
    db 0x8a, 0x16, 0x57, 0x82, 0x03, 0xd2, 0x03, 0xd2
    db 0x83, 0xc2, 0x10, 0xe8, 0x83, 0x00, 0x8b, 0x16
    db 0x59, 0x82, 0x89, 0x16, 0x55, 0x82, 0xe8, 0x78
    db 0x00, 0xc7, 0x06, 0x51, 0x82, 0xed, 0xea, 0x8b
    db 0x36, 0x51, 0x82, 0x2e, 0x80, 0x3c, 0x0a, 0x74
    db 0x0c, 0xe8, 0x13, 0x00, 0x89, 0x36, 0x51, 0x82
    db 0xe8, 0x1d, 0x00, 0xeb, 0xea, 0x8b, 0x1e, 0x53
    db 0x82, 0xb4, 0x3e, 0xe8, 0x00, 0x53, 0xc3, 0x2e
    db 0x8a, 0x14, 0x46, 0x80, 0xfa, 0x09, 0x74, 0x07
    db 0x56, 0xe8, 0xb8, 0xac, 0x5e, 0xeb, 0xf0, 0xc3
    db 0xa0, 0x57, 0x82, 0x3a, 0x06, 0x58, 0x82, 0x75
    db 0x10, 0x8b, 0x16, 0x55, 0x82, 0x83, 0xc2, 0x1e
    db 0x89, 0x16, 0x55, 0x82, 0xe8, 0x2a, 0x00, 0xeb
    db 0xe7, 0x8a, 0xd8, 0xb7, 0x00, 0x81, 0xc3, 0x59
    db 0x82, 0x8a, 0x17, 0x80, 0xfa, 0x0a, 0x74, 0x0e
    db 0xfe, 0x06, 0x57, 0x82, 0x80, 0xfa, 0x09, 0x74
    db 0x05, 0xe8, 0x80, 0xac, 0xeb, 0xca, 0xb2, 0x29
    db 0xe8, 0x79, 0xac, 0xb2, 0x0c, 0xe8, 0x74, 0xac
    db 0xc3, 0xb9, 0x00, 0x00, 0xb0, 0x00, 0x8b, 0x1e
    db 0x53, 0x82, 0xb4, 0x42, 0xe8, 0x9f, 0x52, 0xba
    db 0x59, 0x82, 0xb9, 0x1e, 0x00, 0x8b, 0x1e, 0x53
    db 0x82, 0xb4, 0x3f, 0xe8, 0x90, 0x52, 0xa2, 0x58
    db 0x82, 0xc6, 0x06, 0x57, 0x82, 0x00, 0xc3, 0x00
    db 0x00, 0x00, 0x00, 0x00, 0x00, 0x64, 0xb0, 0x00
    db 0x00, 0x00, 0x00, 0x00, 0x00, 0x00, 0x00, 0x00
    db 0x00, 0x00, 0x00, 0x00, 0x00, 0x51, 0xb1, 0x00
    db 0x00, 0xc2, 0xb0, 0x07, 0xb1, 0x68, 0xb1, 0x00
    db 0x00, 0x00, 0x00, 0x74, 0xba, 0x8f, 0xb0, 0x00
    db 0x00, 0x00, 0x00, 0x91, 0xb8, 0x00, 0x00, 0x00
    db 0x00, 0x00, 0x00, 0x00, 0x00, 0x17, 0xba, 0x00
    db 0x00, 0x00, 0x00, 0x00, 0x00, 0x00, 0x00, 0x00
    db 0x00, 0x9f, 0xb9, 0x06, 0xb8, 0x03, 0xb8, 0x7b
    db 0xb8, 0x80, 0xb8, 0x85, 0xb8, 0x8b, 0xb8, 0x03
    db 0xb8, 0x00, 0x00, 0x00, 0x00, 0x00, 0x00, 0x2e
    db 0xb9, 0x4a, 0xb9, 0x53, 0xb9, 0x5d, 0xb9, 0x67
    db 0xb9, 0x70, 0xb9, 0x79, 0xb9, 0x83, 0xb9, 0x8c
    db 0xb9, 0x96, 0xb9, 0x00, 0x00, 0x71, 0xb1, 0x00
    db 0x00, 0x00, 0x00, 0x00, 0x00, 0x00, 0x00, 0x00
    db 0x00, 0x00, 0x00, 0x00, 0x00, 0x00, 0x00, 0x00
    db 0x00, 0x00, 0x00, 0x00, 0x00, 0x00, 0x00, 0x00
    db 0x00, 0x00, 0x00, 0x00, 0x00, 0x00, 0x00, 0x00
    db 0x00, 0x00, 0x00, 0x00, 0x00, 0x00, 0x00, 0x00
    db 0x00, 0x00, 0x00, 0x00, 0x00, 0x00, 0x00, 0x00
    db 0x00, 0x00, 0x00, 0x00, 0x00, 0x00, 0x00, 0x00
    db 0x00, 0x00, 0x00, 0x00, 0x00, 0x00, 0x00, 0x00
    db 0x00, 0x00, 0x00, 0x00, 0x00, 0x00, 0x00, 0x00
    db 0x00, 0x00, 0x00, 0x00, 0x00, 0x00, 0x00, 0x00
    db 0x00, 0x7f, 0xb1, 0x00, 0x00, 0x00, 0x00, 0x00
    db 0x00, 0x00, 0x00, 0x00, 0x00, 0x00, 0x00, 0x00
    db 0x00, 0x00, 0x00, 0x00, 0x00, 0x00, 0x00, 0x00
    db 0x00, 0x00, 0x00, 0x00, 0x00, 0x00, 0x00, 0x00
    db 0x00, 0x00, 0x00, 0x00, 0x00, 0x00, 0x00, 0x00
    db 0x00, 0x00, 0x00, 0x00, 0x00, 0x00, 0x00, 0x00
    db 0x00, 0x00, 0x00, 0x00, 0x00, 0x00, 0x00, 0x00
    db 0x00, 0x00, 0x00, 0x00, 0x00, 0x00, 0x00, 0x00
    db 0x00, 0x00, 0x00, 0x00, 0x00, 0x00, 0x00, 0x00
    db 0x00, 0x00, 0x00, 0x00, 0x00, 0x00, 0x00, 0x00
    db 0x00, 0x00, 0x00, 0x00, 0x00, 0x00, 0x00, 0x00
    db 0x00, 0x00, 0x00, 0x00, 0x00, 0x00, 0x00, 0xa0
    db 0x9e, 0x82, 0x24, 0x07, 0x02, 0xc0, 0xb4, 0x00
    db 0x03, 0xf0, 0x2e, 0xff, 0x24, 0xbe, 0x69, 0xb0
    db 0xeb, 0xed, 0x82, 0xb0, 0x82, 0xb0, 0x73, 0xb0
    db 0x73, 0xb0, 0x82, 0xb0, 0xb2, 0x1b, 0xe8, 0xb2
    db 0x17, 0xb2, 0x74, 0xe8, 0xad, 0x17, 0xb2, 0x01
    db 0xe8, 0xa8, 0x17, 0xb2, 0x1b, 0xe8, 0xa3, 0x17
    db 0xb2, 0x36, 0xe8, 0x9e, 0x17, 0x32, 0xc9, 0xc3
    db 0xc7, 0x06, 0x98, 0x82, 0x00, 0x00, 0xc6, 0x06
    db 0x9a, 0x82, 0x06, 0xbe, 0x9f, 0xb0, 0xeb, 0xb7
    db 0xbb, 0xb0, 0xbb, 0xb0, 0xa9, 0xb0, 0xa9, 0xb0
    db 0xbb, 0xb0, 0xb2, 0x1b, 0xe8, 0x7c, 0x17, 0xb2
    db 0x50, 0xe8, 0x77, 0x17, 0xb2, 0x0d, 0xe8, 0x72
    db 0x17, 0x32, 0xc9, 0xc3, 0xb2, 0x12, 0xe8, 0x6a
    db 0x17, 0xeb, 0xf1, 0xa1, 0x16, 0x79, 0xb7, 0x06
    db 0xf6, 0xf7, 0x8b, 0xc8, 0xbe, 0xd0, 0xb0, 0xeb
    db 0x86, 0xee, 0xb0, 0xee, 0xb0, 0xda, 0xb0, 0xda
    db 0xb0, 0xee, 0xb0, 0x51, 0xb2, 0x1b, 0xe8, 0x4a
    db 0x17, 0xb2, 0x6c, 0xe8, 0x45, 0x17, 0x59, 0x8a
    db 0xd1, 0xe8, 0x3f, 0x17, 0x32, 0xc9, 0xc3, 0x51
    db 0xb2, 0x1b, 0xe8, 0x36, 0x17, 0xb2, 0x58, 0xe8
    db 0x31, 0x17, 0x59, 0x8a, 0xd1, 0xe8, 0x2b, 0x17
    db 0xb2, 0x00, 0xe8, 0x26, 0x17, 0x32, 0xc9, 0xc3
    db 0xa1, 0x16, 0x79, 0x03, 0x06, 0xf9, 0x78, 0xb7
    db 0x06, 0xf6, 0xf7, 0x8b, 0xc8, 0xbe, 0x1a, 0xb1
    db 0xe9, 0x3c, 0xff, 0x38, 0xb1, 0x38, 0xb1, 0x24
    db 0xb1, 0x24, 0xb1, 0x38, 0xb1, 0x51, 0xb2, 0x1b
    db 0xe8, 0x00, 0x17, 0xb2, 0x51, 0xe8, 0xfb, 0x16
    db 0x59, 0x8a, 0xd1, 0xe8, 0xf5, 0x16, 0x32, 0xc9
    db 0xc3, 0x51, 0xb2, 0x1b, 0xe8, 0xec, 0x16, 0xb2
    db 0x58, 0xe8, 0xe7, 0x16, 0xb2, 0x00, 0xe8, 0xe2
    db 0x16, 0x59, 0x8a, 0xd1, 0xe8, 0xdc, 0x16, 0x32
    db 0xc9, 0xc3, 0xb2, 0x1b, 0xe8, 0xd4, 0x16, 0xb2
    db 0x43, 0xe8, 0xcf, 0x16, 0xa1, 0x01, 0x79, 0xd1
    db 0xe8, 0x8a, 0xd0, 0xe8, 0xc5, 0x16, 0x32, 0xc9
    db 0xc3, 0xc6, 0x06, 0x9d, 0x82, 0x02, 0xe8, 0x04
    db 0x09, 0xc3, 0xbe, 0x7b, 0x82, 0xc7, 0x04, 0x23
    db 0xb2, 0xc7, 0x44, 0x02, 0x8b, 0xb2, 0xeb, 0x0c
    db 0xbe, 0x7b, 0x82, 0xc7, 0x04, 0x23, 0xb2, 0xc7
    db 0x44, 0x02, 0x47, 0xb5, 0xe8, 0xc7, 0x17, 0x03
    db 0x1e, 0x98, 0x82, 0x3b, 0x1e, 0xf9, 0x78, 0x7e
    db 0x03, 0xb1, 0x00, 0xc3, 0x89, 0x1e, 0x98, 0x82
    db 0xa0, 0x9e, 0x82, 0x24, 0x03, 0xb4, 0x00, 0x8a
    db 0xec, 0x03, 0xc0, 0x03, 0xc0, 0x80, 0x3e, 0x9a
    db 0x82, 0x06, 0x74, 0x02, 0x40, 0x40, 0xf6, 0x06
    db 0x9e, 0x82, 0x40, 0x74, 0x03, 0x83, 0xc0, 0x10
    db 0x50, 0x8b, 0x36, 0x7b, 0x82, 0x03, 0xf0, 0x2e
    db 0x8b, 0x34, 0x2e, 0x8a, 0x0c, 0x46, 0x2e, 0x8a
    db 0x14, 0x56, 0x51, 0xe8, 0x55, 0x16, 0x59, 0x5e
    db 0x46, 0xe2, 0xf3, 0x58, 0x8b, 0x36, 0x7d, 0x82
    db 0x03, 0xf0, 0x2e, 0x8b, 0x34, 0x2e, 0x8a, 0x0c
    db 0x46, 0x2e, 0x8a, 0x14, 0x56, 0x51, 0xe8, 0x3a
    db 0x16, 0x59, 0x5e, 0x46, 0xe2, 0xf3, 0xf6, 0x06
    db 0xa3, 0x82, 0x10, 0x75, 0x01, 0xc3, 0x8b, 0x0e
    db 0xa4, 0x82, 0x88, 0x0e, 0x97, 0x82, 0x8b, 0x1e
    db 0x98, 0x82, 0x2b, 0xd9, 0x89, 0x1e, 0x98, 0x82
    db 0x8b, 0xd1, 0x80, 0x3e, 0x9a, 0x82, 0x00, 0x75
    db 0x03, 0xba, 0x05, 0x00, 0xf7, 0xda, 0xe8, 0xf0
    db 0x05, 0xb1, 0x00, 0xc3, 0x43, 0xb2, 0x4a, 0xb2
    db 0x5d, 0xb2, 0x62, 0xb2, 0x51, 0xb2, 0x57, 0xb2
    db 0x5d, 0xb2, 0x62, 0xb2, 0x67, 0xb2, 0x6e, 0xb2
    db 0x81, 0xb2, 0x86, 0xb2, 0x75, 0xb2, 0x7b, 0xb2
    db 0x81, 0xb2, 0x86, 0xb2, 0x06, 0x1b, 0x5b, 0x67
    db 0x6d, 0x00, 0x0c, 0x06, 0x1b, 0x5b, 0x67, 0x5b
    db 0x00, 0x0c, 0x05, 0x1b, 0x2a, 0x28, 0x24, 0x00
    db 0x05, 0x1b, 0x2a, 0x28, 0x1e, 0x00, 0x04, 0x1b
    db 0x4c, 0x0c, 0x00, 0x04, 0x1b, 0x4c, 0x0a, 0x00
    db 0x06, 0x1b, 0x5b, 0x67, 0xd9, 0x00, 0x0c, 0x06
    db 0x1b, 0x5b, 0x67, 0xb5, 0x00, 0x0c, 0x05, 0x1b
    db 0x2a, 0x28, 0x48, 0x00, 0x05, 0x1b, 0x2a, 0x28
    db 0x3c, 0x00, 0x04, 0x1b, 0x4c, 0x18, 0x00, 0x04
    db 0x1b, 0x4c, 0x14, 0x00, 0xab, 0xb2, 0x18, 0xb3
    db 0x73, 0xb3, 0x80, 0xb3, 0xab, 0xb2, 0x18, 0xb3
    db 0x73, 0xb3, 0x80, 0xb3, 0x8b, 0xb3, 0x64, 0xb4
    db 0x19, 0xb5, 0x32, 0xb5, 0x8b, 0xb3, 0x64, 0xb4
    db 0x19, 0xb5, 0x32, 0xb5, 0x6c, 0x00, 0x00, 0x00
    db 0x00, 0x00, 0x00, 0x00, 0x00, 0x00, 0x00, 0x00
    db 0x00, 0x00, 0x00, 0x00, 0x00, 0x00, 0x00, 0x00
    db 0x00, 0x00, 0x00, 0x00, 0x00, 0x00, 0x00, 0x00
    db 0x00, 0x00, 0x00, 0x10, 0x00, 0x00, 0x00, 0x00
    db 0x00, 0x10, 0x00, 0x00, 0x20, 0x00, 0x00, 0x00
    db 0x00, 0x00, 0x60, 0x00, 0x00, 0x00, 0x00, 0x00
    db 0xe0, 0x00, 0x00, 0x00, 0x00, 0x00, 0xc0, 0x00
    db 0x00, 0x00, 0x00, 0x00, 0x00, 0x00, 0x00, 0x00
    db 0x00, 0x00, 0x00, 0x00, 0x00, 0x00, 0x00, 0x00
    db 0x00, 0x00, 0x00, 0x00, 0x00, 0x00, 0x00, 0x00
    db 0x00, 0x00, 0x00, 0x00, 0x00, 0x00, 0x00, 0x00
    db 0x00, 0x00, 0x00, 0x00, 0x00, 0x00, 0x00, 0x00
    db 0x00, 0x00, 0x00, 0x00, 0x00, 0x00, 0x00, 0x00
    db 0x00, 0x5a, 0x00, 0x00, 0x00, 0x00, 0x00, 0x00
    db 0x00, 0x00, 0x00, 0x00, 0x00, 0x00, 0x00, 0x00
    db 0x00, 0x00, 0x00, 0x00, 0x00, 0x00, 0x00, 0x00
    db 0x00, 0x00, 0x10, 0x00, 0x00, 0x00, 0x00, 0x00
    db 0x10, 0x00, 0x00, 0x20, 0x00, 0x00, 0x00, 0x00
    db 0x00, 0x60, 0x00, 0x00, 0x00, 0x00, 0x00, 0xe0
    db 0x00, 0x00, 0x00, 0x00, 0x00, 0xc0, 0x00, 0x00
    db 0x00, 0x00, 0x00, 0x00, 0x00, 0x00, 0x00, 0x00
    db 0x00, 0x00, 0x00, 0x00, 0x00, 0x00, 0x00, 0x00
    db 0x00, 0x00, 0x00, 0x00, 0x00, 0x00, 0x00, 0x00
    db 0x00, 0x00, 0x00, 0x00, 0x00, 0x00, 0x00, 0x00
    db 0x00, 0x00, 0x00, 0x00, 0x0c, 0x00, 0x00, 0x00
    db 0x00, 0x20, 0x40, 0x80, 0x00, 0x00, 0x00, 0x00
    db 0x00, 0x0a, 0x00, 0x00, 0x00, 0x00, 0x20, 0x40
    db 0x80, 0x00, 0x00, 0x00, 0xd8, 0x00, 0x00, 0x00
    db 0x00, 0x00, 0x00, 0x00, 0x00, 0x00, 0x00, 0x00
    db 0x00, 0x00, 0x00, 0x00, 0x00, 0x00, 0x00, 0x00
    db 0x00, 0x00, 0x00, 0x00, 0x00, 0x00, 0x00, 0x00
    db 0x00, 0x00, 0x00, 0x00, 0x00, 0x00, 0x00, 0x00
    db 0x00, 0x00, 0x00, 0x00, 0x00, 0x00, 0x00, 0x00
    db 0x00, 0x00, 0x00, 0x00, 0x00, 0x00, 0x00, 0x00
    db 0x00, 0x00, 0x00, 0x00, 0x00, 0x00, 0x00, 0x00
    db 0x00, 0x10, 0x00, 0x00, 0x00, 0x00, 0x00, 0x10
    db 0x00, 0x00, 0x00, 0x00, 0x00, 0x10, 0x00, 0x00
    db 0x00, 0x00, 0x00, 0x10, 0x00, 0x00, 0x20, 0x00
    db 0x00, 0x00, 0x00, 0x00, 0x20, 0x00, 0x00, 0x00
    db 0x00, 0x00, 0x60, 0x00, 0x00, 0x00, 0x00, 0x00
    db 0x60, 0x00, 0x00, 0x00, 0x00, 0x00, 0xe0, 0x00
    db 0x00, 0x00, 0x00, 0x00, 0xe0, 0x00, 0x00, 0x00
    db 0x00, 0x00, 0xc0, 0x00, 0x00, 0x00, 0x00, 0x00
    db 0xc0, 0x00, 0x00, 0x00, 0x00, 0x00, 0x00, 0x00
    db 0x00, 0x00, 0x00, 0x00, 0x00, 0x00, 0x00, 0x00
    db 0x00, 0x00, 0x00, 0x00, 0x00, 0x00, 0x00, 0x00
    db 0x00, 0x00, 0x00, 0x00, 0x00, 0x00, 0x00, 0x00
    db 0x00, 0x00, 0x00, 0x00, 0x00, 0x00, 0x00, 0x00
    db 0x00, 0x00, 0x00, 0x00, 0x00, 0x00, 0x00, 0x00
    db 0x00, 0x00, 0x00, 0x00, 0x00, 0x00, 0x00, 0x00
    db 0x00, 0x00, 0x00, 0x00, 0x00, 0x00, 0x00, 0x00
    db 0x00, 0x00, 0x00, 0x00, 0x00, 0x00, 0x00, 0x00
    db 0x00, 0x00, 0x00, 0x00, 0x00, 0x00, 0x00, 0x00
    db 0x00, 0x00, 0x00, 0x00, 0x00, 0x00, 0x00, 0x00
    db 0x00, 0x00, 0x00, 0x00, 0x00, 0xb4, 0x00, 0x00
    db 0x00, 0x00, 0x00, 0x00, 0x00, 0x00, 0x00, 0x00
    db 0x00, 0x00, 0x00, 0x00, 0x00, 0x00, 0x00, 0x00
    db 0x00, 0x00, 0x00, 0x00, 0x00, 0x00, 0x00, 0x00
    db 0x00, 0x00, 0x00, 0x00, 0x00, 0x00, 0x00, 0x00
    db 0x00, 0x00, 0x00, 0x00, 0x00, 0x00, 0x00, 0x00
    db 0x00, 0x00, 0x00, 0x00, 0x00, 0x00, 0x10, 0x00
    db 0x00, 0x00, 0x00, 0x00, 0x10, 0x00, 0x00, 0x00
    db 0x00, 0x00, 0x10, 0x00, 0x00, 0x00, 0x00, 0x00
    db 0x10, 0x00, 0x00, 0x20, 0x00, 0x00, 0x00, 0x00
    db 0x00, 0x20, 0x00, 0x00, 0x00, 0x00, 0x00, 0x60
    db 0x00, 0x00, 0x00, 0x00, 0x00, 0x60, 0x00, 0x00
    db 0x00, 0x00, 0x00, 0xe0, 0x00, 0x00, 0x00, 0x00
    db 0x00, 0xe0, 0x00, 0x00, 0x00, 0x00, 0x00, 0xc0
    db 0x00, 0x00, 0x00, 0x00, 0x00, 0xc0, 0x00, 0x00
    db 0x00, 0x00, 0x00, 0x00, 0x00, 0x00, 0x00, 0x00
    db 0x00, 0x00, 0x00, 0x00, 0x00, 0x00, 0x00, 0x00
    db 0x00, 0x00, 0x00, 0x00, 0x00, 0x00, 0x00, 0x00
    db 0x00, 0x00, 0x00, 0x00, 0x00, 0x00, 0x00, 0x00
    db 0x00, 0x00, 0x00, 0x00, 0x00, 0x00, 0x00, 0x00
    db 0x00, 0x00, 0x00, 0x00, 0x00, 0x00, 0x00, 0x00
    db 0x00, 0x00, 0x00, 0x00, 0x00, 0x00, 0x00, 0x00
    db 0x00, 0x00, 0x00, 0x00, 0x00, 0x00, 0x00, 0x00
    db 0x00, 0x00, 0x18, 0x00, 0x00, 0x00, 0x00, 0x00
    db 0x00, 0x00, 0x00, 0x20, 0x20, 0x40, 0x40, 0x80
    db 0x80, 0x00, 0x00, 0x00, 0x00, 0x00, 0x00, 0x00
    db 0x00, 0x00, 0x00, 0x14, 0x00, 0x00, 0x00, 0x00
    db 0x00, 0x00, 0x00, 0x00, 0x20, 0x20, 0x40, 0x40
    db 0x80, 0x80, 0x00, 0x00, 0x00, 0x00, 0x00, 0x00
    db 0x67, 0xb5, 0xd4, 0xb5, 0x2f, 0xb6, 0x3c, 0xb6
    db 0x67, 0xb5, 0xd4, 0xb5, 0x2f, 0xb6, 0x3c, 0xb6
    db 0x47, 0xb6, 0x20, 0xb7, 0xd5, 0xb7, 0xee, 0xb7
    db 0x47, 0xb6, 0x20, 0xb7, 0xd5, 0xb7, 0xee, 0xb7
    db 0x6c, 0x00, 0x00, 0x00, 0x00, 0x00, 0x00, 0x00
    db 0x00, 0x00, 0x00, 0x00, 0x00, 0x00, 0x00, 0x00
    db 0x00, 0x00, 0x00, 0x00, 0x00, 0x00, 0x00, 0x00
    db 0x00, 0x00, 0x00, 0x00, 0x40, 0x00, 0x00, 0xa0
    db 0x00, 0x00, 0x40, 0x00, 0x00, 0xa0, 0x00, 0x00
    db 0x40, 0x00, 0x00, 0x00, 0x00, 0x00, 0x00, 0x00
    db 0x00, 0x00, 0x00, 0x00, 0x00, 0x00, 0x00, 0x00
    db 0x00, 0x00, 0x00, 0x00, 0x00, 0x00, 0x00, 0x00
    db 0x40, 0x00, 0x00, 0xa0, 0x00, 0x00, 0x40, 0x00
    db 0x00, 0xa0, 0x00, 0x00, 0x40, 0x00, 0x00, 0x00
    db 0x00, 0x00, 0x00, 0x00, 0x00, 0x00, 0x00, 0x00
    db 0x00, 0x00, 0x00, 0x00, 0x00, 0x00, 0x00, 0x00
    db 0x00, 0x00, 0x00, 0x00, 0x00, 0x00, 0x00, 0x00
    db 0x00, 0x00, 0x00, 0x00, 0x00, 0x5a, 0x00, 0x00
    db 0x00, 0x00, 0x00, 0x00, 0x00, 0x00, 0x00, 0x00
    db 0x00, 0x00, 0x00, 0x00, 0x00, 0x00, 0x00, 0x00
    db 0x40, 0x00, 0x00, 0xa0, 0x00, 0x00, 0x40, 0x00
    db 0x00, 0xa0, 0x00, 0x00, 0x40, 0x00, 0x00, 0x00
    db 0x00, 0x00, 0x00, 0x00, 0x00, 0x00, 0x00, 0x00
    db 0x00, 0x00, 0x00, 0x00, 0x00, 0x00, 0x00, 0x00
    db 0x00, 0x00, 0x00, 0x00, 0x40, 0x00, 0x00, 0xa0
    db 0x00, 0x00, 0x40, 0x00, 0x00, 0xa0, 0x00, 0x00
    db 0x40, 0x00, 0x00, 0x00, 0x00, 0x00, 0x00, 0x00
    db 0x00, 0x00, 0x00, 0x00, 0x00, 0x00, 0x00, 0x00
    db 0x00, 0x00, 0x00, 0x00, 0x00, 0x00, 0x00, 0x00
    db 0x0c, 0x00, 0x00, 0x80, 0x00, 0x00, 0x00, 0x80
    db 0x00, 0x00, 0x00, 0x00, 0x00, 0x0a, 0x00, 0x00
    db 0x80, 0x00, 0x00, 0x00, 0x80, 0x00, 0x00, 0x00
    db 0xd8, 0x00, 0x00, 0x00, 0x00, 0x00, 0x00, 0x00
    db 0x00, 0x00, 0x00, 0x00, 0x00, 0x00, 0x00, 0x00
    db 0x00, 0x00, 0x00, 0x00, 0x00, 0x00, 0x00, 0x00
    db 0x00, 0x00, 0x00, 0x00, 0x00, 0x00, 0x00, 0x00
    db 0x00, 0x00, 0x00, 0x00, 0x00, 0x00, 0x00, 0x00
    db 0x00, 0x00, 0x00, 0x00, 0x00, 0x00, 0x00, 0x00
    db 0x00, 0x40, 0x00, 0x00, 0x00, 0x00, 0x00, 0xe0
    db 0x00, 0x00, 0x00, 0x00, 0x00, 0xe0, 0x00, 0x00
    db 0x00, 0x00, 0x00, 0xe0, 0x00, 0x00, 0x00, 0x00
    db 0x00, 0xe0, 0x00, 0x00, 0x00, 0x00, 0x00, 0x40
    db 0x00, 0x00, 0x00, 0x00, 0x00, 0x00, 0x00, 0x00
    db 0x00, 0x00, 0x00, 0x00, 0x00, 0x00, 0x00, 0x00
    db 0x00, 0x00, 0x00, 0x00, 0x00, 0x00, 0x00, 0x00
    db 0x00, 0x00, 0x00, 0x00, 0x00, 0x00, 0x00, 0x00
    db 0x00, 0x00, 0x00, 0x00, 0x00, 0x00, 0x00, 0x00
    db 0x00, 0x00, 0x00, 0x00, 0x00, 0x00, 0x00, 0x40
    db 0x00, 0x00, 0x00, 0x00, 0x00, 0xe0, 0x00, 0x00
    db 0x00, 0x00, 0x00, 0xe0, 0x00, 0x00, 0x00, 0x00
    db 0x00, 0xe0, 0x00, 0x00, 0x00, 0x00, 0x00, 0xe0
    db 0x00, 0x00, 0x00, 0x00, 0x00, 0x40, 0x00, 0x00
    db 0x00, 0x00, 0x00, 0x00, 0x00, 0x00, 0x00, 0x00
    db 0x00, 0x00, 0x00, 0x00, 0x00, 0x00, 0x00, 0x00
    db 0x00, 0x00, 0x00, 0x00, 0x00, 0x00, 0x00, 0x00
    db 0x00, 0x00, 0x00, 0x00, 0x00, 0x00, 0x00, 0x00
    db 0x00, 0x00, 0x00, 0x00, 0x00, 0x00, 0x00, 0x00
    db 0x00, 0x00, 0x00, 0x00, 0x00, 0x00, 0x00, 0x00
    db 0x00, 0x00, 0x00, 0x00, 0x00, 0x00, 0x00, 0x00
    db 0x00, 0xb4, 0x00, 0x00, 0x00, 0x00, 0x00, 0x00
    db 0x00, 0x00, 0x00, 0x00, 0x00, 0x00, 0x00, 0x00
    db 0x00, 0x00, 0x00, 0x00, 0x00, 0x00, 0x00, 0x00
    db 0x00, 0x00, 0x00, 0x00, 0x00, 0x00, 0x00, 0x00
    db 0x00, 0x00, 0x00, 0x00, 0x00, 0x00, 0x40, 0x00
    db 0x00, 0x00, 0x00, 0x00, 0xe0, 0x00, 0x00, 0x00
    db 0x00, 0x00, 0xe0, 0x00, 0x00, 0x00, 0x00, 0x00
    db 0xe0, 0x00, 0x00, 0x00, 0x00, 0x00, 0xe0, 0x00
    db 0x00, 0x00, 0x00, 0x00, 0x40, 0x00, 0x00, 0x00
    db 0x00, 0x00, 0x00, 0x00, 0x00, 0x00, 0x00, 0x00
    db 0x00, 0x00, 0x00, 0x00, 0x00, 0x00, 0x00, 0x00
    db 0x00, 0x00, 0x00, 0x00, 0x00, 0x00, 0x00, 0x00
    db 0x00, 0x00, 0x00, 0x00, 0x00, 0x00, 0x00, 0x00
    db 0x00, 0x00, 0x00, 0x00, 0x00, 0x00, 0x00, 0x00
    db 0x00, 0x00, 0x00, 0x00, 0x40, 0x00, 0x00, 0x00
    db 0x00, 0x00, 0xe0, 0x00, 0x00, 0x00, 0x00, 0x00
    db 0xe0, 0x00, 0x00, 0x00, 0x00, 0x00, 0xe0, 0x00
    db 0x00, 0x00, 0x00, 0x00, 0xe0, 0x00, 0x00, 0x00
    db 0x00, 0x00, 0x40, 0x00, 0x00, 0x00, 0x00, 0x00
    db 0x00, 0x00, 0x00, 0x00, 0x00, 0x00, 0x00, 0x00
    db 0x00, 0x00, 0x00, 0x00, 0x00, 0x00, 0x00, 0x00
    db 0x00, 0x00, 0x00, 0x00, 0x00, 0x00, 0x00, 0x00
    db 0x00, 0x00, 0x00, 0x00, 0x00, 0x00, 0x18, 0x00
    db 0x00, 0x00, 0x00, 0x80, 0x80, 0x00, 0x00, 0x00
    db 0x00, 0x00, 0x00, 0x80, 0x80, 0x00, 0x00, 0x00
    db 0x00, 0x00, 0x00, 0x00, 0x00, 0x00, 0x00, 0x14
    db 0x00, 0x00, 0x00, 0x00, 0x80, 0x80, 0x00, 0x00
    db 0x00, 0x00, 0x00, 0x00, 0x80, 0x80, 0x00, 0x00
    db 0x00, 0x00, 0x00, 0x00, 0xba, 0x01, 0x00, 0x8b
    db 0x1e, 0x98, 0x82, 0x03, 0xda, 0x89, 0x1e, 0x98
    db 0x82, 0xa0, 0x9e, 0x82, 0xa8, 0x02, 0x74, 0x47
    db 0xa8, 0x01, 0x75, 0x1a, 0x52, 0xb2, 0x1b, 0xe8
    db 0x09, 0x10, 0xb2, 0x70, 0xe8, 0x04, 0x10, 0xb2
    db 0x01, 0xe8, 0xff, 0x0f, 0x58, 0xba, 0x03, 0x00
    db 0xf7, 0xe2, 0x8b, 0xd0, 0xeb, 0x02, 0xd1, 0xe2
    db 0xb1, 0x5c, 0xe8, 0x26, 0x00, 0xa0, 0x9e, 0x82
    db 0xa8, 0x01, 0x74, 0x01, 0xc3, 0x80, 0x3e, 0x9a
    db 0x82, 0x00, 0x75, 0x01, 0xc3, 0xb2, 0x1b, 0xe8
    db 0xd9, 0x0f, 0xb2, 0x70, 0xe8, 0xd4, 0x0f, 0xb2
    db 0x00, 0xe8, 0xcf, 0x0f, 0xb1, 0x00, 0xc3, 0xd1
    db 0xe2, 0xb1, 0x64, 0x52, 0xb2, 0x1b, 0xe8, 0xc2
    db 0x0f, 0x8a, 0xd1, 0xe8, 0xbd, 0x0f, 0x5a, 0x52
    db 0xe8, 0xb8, 0x0f, 0x5a, 0x8a, 0xd6, 0xe8, 0xb2
    db 0x0f, 0xb1, 0x00, 0xc3, 0xba, 0x02, 0x00, 0xeb
    db 0x86, 0xba, 0x03, 0x00, 0xeb, 0x81, 0xba, 0x04
    db 0x00, 0xe9, 0x7b, 0xff, 0xba, 0x05, 0x00, 0xe9
    db 0x75, 0xff, 0x8a, 0xc8, 0xbe, 0x99, 0xb8, 0xe9
    db 0xbd, 0xf7, 0xe7, 0xb8, 0xe7, 0xb8, 0xa3, 0xb8
    db 0xa3, 0xb8, 0xe7, 0xb8, 0xbe, 0x7b, 0x82, 0xbb
    db 0x01, 0x00, 0xa1, 0xef, 0x75, 0x3c, 0x00, 0x75
    db 0x0c, 0xc6, 0x00, 0x1b, 0x43, 0xc6, 0x00, 0x70
    db 0x43, 0xc6, 0x00, 0x00, 0x43, 0xc6, 0x00, 0x1b
    db 0x43, 0xb0, 0x50, 0x80, 0xf9, 0x02, 0x74, 0x10
    db 0xb0, 0x4d, 0x80, 0xf9, 0x04, 0x74, 0x09, 0xb0
    db 0x67, 0x80, 0xf9, 0x06, 0x74, 0x02, 0xb0, 0x70
    db 0x88, 0x00, 0x43, 0x80, 0xf9, 0x00, 0x75, 0x04
    db 0xc6, 0x00, 0x01, 0x43, 0x4b, 0x88, 0x1c, 0xc3
    db 0xbb, 0x01, 0x00, 0x80, 0xf9, 0x06, 0x74, 0xf4
    db 0xbe, 0x7b, 0x82, 0xbb, 0x01, 0x00, 0xa1, 0xef
    db 0x75, 0x3c, 0x00, 0x75, 0x0c, 0xc6, 0x00, 0x1b
    db 0x43, 0xc6, 0x00, 0x50, 0x43, 0xc6, 0x00, 0x00
    db 0x43, 0x80, 0xf9, 0x02, 0x75, 0x06, 0xc6, 0x00
    db 0x12, 0x43, 0xeb, 0xd0, 0xc6, 0x00, 0x1b, 0x43
    db 0xb0, 0x3a, 0x80, 0xf9, 0x04, 0x74, 0x02, 0xb0
    db 0x50, 0x88, 0x00, 0x43, 0x80, 0xf9, 0x00, 0x75
    db 0xbb, 0xc6, 0x00, 0x01, 0x43, 0xeb, 0xb5, 0x80
    db 0x0e, 0x9e, 0x82, 0x40, 0xb1, 0x01, 0xbe, 0x7b
    db 0x82, 0xc6, 0x44, 0x01, 0x1b, 0xc6, 0x44, 0x02
    db 0x57, 0x88, 0x4c, 0x03, 0xb1, 0x03, 0x88, 0x0c
    db 0x8c, 0xdf, 0xc3, 0x80, 0x26, 0x9e, 0x82, 0xbf
    db 0xb1, 0x00, 0xeb, 0xe2, 0xbe, 0x59, 0xb9, 0xe9
    db 0xc6, 0x12, 0x03, 0x1b, 0x2d, 0x01, 0xbe, 0x63
    db 0xb9, 0xe9, 0xbc, 0x12, 0x03, 0x1b, 0x2d, 0x00
    db 0xbe, 0x6d, 0xb9, 0xe9, 0xb2, 0x12, 0x02, 0x1b
    db 0x45, 0xbe, 0x76, 0xb9, 0xe9, 0xa9, 0x12, 0x02
    db 0x1b, 0x46, 0xbe, 0x7f, 0xb9, 0xe9, 0xa0, 0x12
    db 0x03, 0x1b, 0x53, 0x00, 0xbe, 0x89, 0xb9, 0xe9
    db 0x96, 0x12, 0x02, 0x1b, 0x54, 0xbe, 0x92, 0xb9
    db 0xe9, 0x8d, 0x12, 0x03, 0x1b, 0x53, 0x01, 0xbe
    db 0x9c, 0xb9, 0xe9, 0x83, 0x12, 0x02, 0x1b, 0x54
    db 0xbe, 0xa5, 0xb9, 0xe9, 0xb1, 0xf6, 0xf4, 0xb9
    db 0xf4, 0xb9, 0xb3, 0xb9, 0xcb, 0xb9, 0xf4, 0xb9
    db 0x00, 0x00, 0x00, 0x00, 0x51, 0xb2, 0x1b, 0xe8
    db 0x71, 0x0e, 0xb2, 0x70, 0xe8, 0x6c, 0x0e, 0xb2
    db 0x01, 0xe8, 0x67, 0x0e, 0x59, 0xb8, 0x03, 0x00
    db 0xf7, 0xe1, 0xeb, 0x04, 0x8b, 0xc1, 0xd1, 0xe0
    db 0xb3, 0x5c, 0xe8, 0x26, 0x00, 0xa0, 0x9e, 0x82
    db 0xa8, 0x01, 0x74, 0x01, 0xc3, 0x80, 0x3e, 0x9a
    db 0x82, 0x00, 0x75, 0x01, 0xc3, 0xb2, 0x1b, 0xe8
    db 0x41, 0x0e, 0xb2, 0x70, 0xe8, 0x3c, 0x0e, 0xb2
    db 0x00, 0xe8, 0x37, 0x0e, 0xc3, 0x8b, 0xc1, 0xd1
    db 0xe0, 0xb3, 0x64, 0x50, 0x53, 0xb2, 0x1b, 0xe8
    db 0x29, 0x0e, 0x5b, 0x8a, 0xd3, 0xe8, 0x23, 0x0e
    db 0x58, 0x50, 0x8a, 0xd0, 0xe8, 0x1c, 0x0e, 0x58
    db 0x8a, 0xd4, 0xe8, 0x16, 0x0e, 0xb1, 0x00, 0xc3
    db 0xe8, 0x04, 0x00, 0xe8, 0x57, 0x00, 0xc3, 0x83
    db 0xf9, 0x00, 0x75, 0x01, 0xc3, 0x51, 0xb2, 0x0d
    db 0xe8, 0x00, 0x0e, 0xe8, 0x64, 0x00, 0xb7, 0x06
    db 0xf6, 0xe7, 0x50, 0xb2, 0x1b, 0xe8, 0xf3, 0x0d
    db 0xb2, 0x33, 0xe8, 0xee, 0x0d, 0x58, 0x8a, 0xd0
    db 0xe8, 0xe8, 0x0d, 0x59, 0x83, 0xe9, 0x06, 0x72
    db 0x07, 0xb2, 0x0a, 0xe8, 0xdd, 0x0d, 0xeb, 0xf4
    db 0x83, 0xc1, 0x06, 0x83, 0xf9, 0x00, 0x75, 0x01
    db 0xc3, 0xe8, 0x36, 0x00, 0xf6, 0xe1, 0x50, 0xb2
    db 0x1b, 0xe8, 0xc7, 0x0d, 0xb2, 0x33, 0xe8, 0xc2
    db 0x0d, 0x58, 0x8a, 0xd0, 0xe8, 0xbc, 0x0d, 0xb2
    db 0x0a, 0xe8, 0xb7, 0x0d, 0xc3, 0xe8, 0x1a, 0x00
    db 0x8a, 0x0e, 0x9d, 0x82, 0xf6, 0xe1, 0x50, 0xb2
    db 0x1b, 0xe8, 0xa7, 0x0d, 0xb2, 0x33, 0xe8, 0xa2
    db 0x0d, 0x58, 0x8a, 0xd0, 0xe8, 0x9c, 0x0d, 0x32
    db 0xc9, 0xc3, 0xbe, 0x97, 0xba, 0xe9, 0xbf, 0xf5
    db 0xa7, 0xba, 0xa7, 0xba, 0xa3, 0xba, 0xa7, 0xba
    db 0xa7, 0xba, 0xaa, 0xba, 0xb8, 0x0f, 0x00, 0xc3
    db 0xb8, 0x12, 0x00, 0xc3, 0x00, 0x00, 0xcb, 0xbb
    db 0xcb, 0xbb, 0xf7, 0xbc, 0x98, 0xbc, 0xa5, 0xbc
    db 0xb2, 0xbc, 0xdd, 0xbc, 0xea, 0xbc, 0xbf, 0xbc
    db 0xcf, 0xbc, 0x4a, 0xbc, 0x8b, 0xbc, 0x81, 0xbc
    db 0x86, 0xbc, 0x72, 0xbc, 0x7f, 0xbc, 0x80, 0xbc
    db 0x00, 0x00, 0x1e, 0xbd, 0xcd, 0xbc, 0xce, 0xbc
    db 0x3c, 0xbe, 0x04, 0xbd, 0x11, 0xbd, 0x00, 0x00
    db 0x00, 0x00, 0x11, 0xbf, 0x00, 0x00, 0x33, 0xbd
    db 0x2c, 0xbd, 0x00, 0x00, 0x00, 0x00, 0xd7, 0xbe
    db 0xe7, 0xbd, 0xe4, 0xbd, 0x28, 0xbe, 0x2d, 0xbe
    db 0x32, 0xbe, 0x37, 0xbe, 0xe4, 0xbd, 0xd6, 0xbe
    db 0x00, 0x00, 0x00, 0x00, 0xd8, 0xbb, 0xdf, 0xbb
    db 0xcc, 0xbb, 0xd2, 0xbb, 0xef, 0xbb, 0xf5, 0xbb
    db 0xfb, 0xbb, 0x01, 0xbc, 0x07, 0xbc, 0x0d, 0xbc
    db 0x00, 0x00, 0x6e, 0xbd, 0x00, 0x00, 0x00, 0x00
    db 0x00, 0x00, 0x00, 0x00, 0x00, 0x00, 0x00, 0x00
    db 0x00, 0x00, 0x00, 0x00, 0x00, 0x00, 0x00, 0x00
    db 0x00, 0x00, 0x00, 0x00, 0x00, 0x00, 0x00, 0x00
    db 0x00, 0x00, 0x00, 0x00, 0x00, 0x00, 0x00, 0x00
    db 0x00, 0x00, 0x00, 0x00, 0x00, 0x00, 0x00, 0x00
    db 0x00, 0x00, 0x00, 0x00, 0x00, 0x00, 0x00, 0x00
    db 0x00, 0x00, 0x00, 0x00, 0x00, 0x00, 0x00, 0x00
    db 0x00, 0x00, 0x00, 0x00, 0x00, 0x00, 0x00, 0x00
    db 0x00, 0x00, 0x00, 0x00, 0x00, 0x00, 0x00, 0x00
    db 0x00, 0x00, 0x00, 0x00, 0x00, 0x00, 0x73, 0xbd
    db 0x78, 0xbd, 0x00, 0x00, 0x00, 0x00, 0x00, 0x00
    db 0x00, 0x00, 0x00, 0x00, 0x00, 0x00, 0x00, 0x00
    db 0x00, 0x00, 0x00, 0x00, 0x00, 0x00, 0x00, 0x00
    db 0x00, 0x00, 0x00, 0x00, 0x00, 0x00, 0x00, 0x00
    db 0x00, 0x00, 0x00, 0x00, 0x00, 0x00, 0x00, 0x00
    db 0x00, 0x00, 0x00, 0x00, 0x00, 0x00, 0x00, 0x00
    db 0x00, 0x00, 0x00, 0x00, 0x00, 0x00, 0x00, 0x00
    db 0x00, 0x00, 0x00, 0x00, 0x00, 0x00, 0x00, 0x00
    db 0x00, 0x00, 0x00, 0x00, 0x00, 0x00, 0x00, 0x00
    db 0x00, 0x00, 0x00, 0x00, 0x00, 0x00, 0x00, 0x00
    db 0x00, 0x00, 0x00, 0x00, 0x00, 0x00, 0x00, 0x00
    db 0x00, 0x00, 0x00, 0x00, 0xc3, 0xbe, 0x13, 0xbc
    db 0xe9, 0x4d, 0x10, 0xbe, 0x19, 0xbc, 0xe9, 0x47
    db 0x10, 0x80, 0x0e, 0x9e, 0x82, 0x40, 0xeb, 0x05
    db 0x80, 0x26, 0x9e, 0x82, 0xbf, 0xb0, 0x07, 0x2a
    db 0x06, 0x9a, 0x82, 0xd0, 0xe0, 0xe9, 0x4d, 0x02
    db 0xbe, 0x1e, 0xbc, 0xe9, 0x2a, 0x10, 0xbe, 0x24
    db 0xbc, 0xe9, 0x24, 0x10, 0xbe, 0x2a, 0xbc, 0xe9
    db 0x1e, 0x10, 0xbe, 0x32, 0xbc, 0xe9, 0x18, 0x10
    db 0xbe, 0x3a, 0xbc, 0xe9, 0x12, 0x10, 0xbe, 0x42
    db 0xbc, 0xe9, 0x0c, 0x10, 0x05, 0x1b, 0x26, 0x64
    db 0x30, 0x44, 0x04, 0x1b, 0x26, 0x64, 0x40, 0x05
    db 0x1b, 0x28, 0x73, 0x33, 0x42, 0x05, 0x1b, 0x28
    db 0x73, 0x30, 0x42, 0x07, 0x1b, 0x26, 0x61, 0x2d
    db 0x33, 0x36, 0x56, 0x07, 0x1b, 0x26, 0x61, 0x2b
    db 0x33, 0x36, 0x56, 0x07, 0x1b, 0x26, 0x61, 0x2b
    db 0x33, 0x36, 0x56, 0x07, 0x1b, 0x26, 0x61, 0x2d
    db 0x33, 0x36, 0x56, 0xbe, 0x6e, 0xbc, 0xe8, 0xcf
    db 0x0f, 0xa1, 0x01, 0x79, 0xd1, 0xe8, 0xbb, 0x7c
    db 0x82, 0xe8, 0x97, 0x0f, 0xbe, 0x7b, 0x82, 0xc6
    db 0x04, 0x05, 0xe8, 0xd4, 0x0f, 0xb2, 0x50, 0x56
    db 0x51, 0xe8, 0xbf, 0x0b, 0x59, 0x5e, 0xc3, 0x03
    db 0x1b, 0x26, 0x6c, 0xbe, 0x79, 0xbc, 0xe8, 0xa7
    db 0x0f, 0xc3, 0x05, 0x1b, 0x26, 0x6c, 0x36, 0x44
    db 0xc3, 0xc3, 0xbe, 0x85, 0xbc, 0xc3, 0x00, 0xbe
    db 0x8a, 0xbc, 0xc3, 0x00, 0xbe, 0x92, 0xbc, 0xe8
    db 0x8e, 0x0f, 0xc3, 0x05, 0x1b, 0x26, 0x6c, 0x31
    db 0x78, 0xbe, 0x9f, 0xbc, 0xe8, 0x81, 0x0f, 0xc3
    db 0x05, 0x1b, 0x26, 0x6c, 0x30, 0x65, 0xbe, 0xac
    db 0xbc, 0xe8, 0x74, 0x0f, 0xc3, 0x05, 0x1b, 0x26
    db 0x6c, 0x30, 0x4c, 0xbe, 0xb9, 0xbc, 0xe8, 0x67
    db 0x0f, 0xc3, 0x05, 0x1b, 0x28, 0x73, 0x30, 0x70
    db 0xbe, 0xc6, 0xbc, 0xe8, 0x5a, 0x0f, 0xc3, 0x06
    db 0x1b, 0x28, 0x73, 0x31, 0x30, 0x68, 0xc3, 0xc3
    db 0xbe, 0xd6, 0xbc, 0xe8, 0x4a, 0x0f, 0xc3, 0x06
    db 0x1b, 0x28, 0x73, 0x31, 0x32, 0x76, 0xbe, 0xe4
    db 0xbc, 0xe8, 0x3c, 0x0f, 0xc3, 0x05, 0x1b, 0x28
    db 0x73, 0x30, 0x73, 0xbe, 0xf1, 0xbc, 0xe8, 0x2f
    db 0x0f, 0xc3, 0x05, 0x1b, 0x28, 0x73, 0x30, 0x42
    db 0xbe, 0xfe, 0xbc, 0xe8, 0x22, 0x0f, 0xc3, 0x05
    db 0x1b, 0x28, 0x31, 0x30, 0x55, 0xbe, 0x0b, 0xbd
    db 0xe8, 0x15, 0x0f, 0xc3, 0x05, 0x1b, 0x26, 0x61
    db 0x30, 0x68, 0xbe, 0x18, 0xbd, 0xe8, 0x08, 0x0f
    db 0xc3, 0x05, 0x1b, 0x26, 0x61, 0x30, 0x56, 0xbe
    db 0x25, 0xbd, 0xe8, 0xfb, 0x0e, 0xc3, 0x05, 0x1b
    db 0x26, 0x6b, 0x30, 0x53, 0xc3, 0xb7, 0x3c, 0xf6
    db 0xe7, 0xe8, 0x0d, 0x00, 0xa1, 0x16, 0x79, 0xb7
    db 0x0c, 0xf6, 0xe7, 0xb1, 0x30, 0xe8, 0xa3, 0x01
    db 0xc3, 0xbb, 0x7f, 0x82, 0xe8, 0xac, 0x0e, 0xbe
    db 0x7b, 0x82, 0xc6, 0x04, 0x1b, 0xc6, 0x44, 0x01
    db 0x26, 0xc6, 0x44, 0x02, 0x61, 0xc6, 0x44, 0x03
    db 0x2b, 0xc6, 0x44, 0x09, 0x56, 0xb9, 0x0a, 0x00
    db 0x8a, 0x14, 0x56, 0x51, 0xe8, 0xc4, 0x0a, 0x59
    db 0x5e, 0x46, 0xe2, 0xf4, 0x8c, 0xdf, 0xc3, 0xbe
    db 0xc3, 0xbd, 0xeb, 0x08, 0xbe, 0xce, 0xbd, 0xeb
    db 0x03, 0xbe, 0xd9, 0xbd, 0xe8, 0xd7, 0x0b, 0x03
    db 0x1e, 0x98, 0x82, 0x3b, 0x1e, 0xf9, 0x78, 0x7e
    db 0x03, 0xb1, 0x00, 0xc3, 0x89, 0x1e, 0x98, 0x82
    db 0x2e, 0x8a, 0x0c, 0xb5, 0x00, 0x46, 0x56, 0x2e
    db 0x8a, 0x14, 0xe8, 0x8e, 0x0a, 0x5e, 0xe2, 0xf5
    db 0xb1, 0x00, 0xf6, 0x06, 0xa3, 0x82, 0x10, 0x75
    db 0x01, 0xc3, 0x8b, 0x0e, 0xa4, 0x82, 0x88, 0x0e
    db 0x97, 0x82, 0x8b, 0x1e, 0x98, 0x82, 0x2b, 0xd9
    db 0x89, 0x1e, 0x98, 0x82, 0xb2, 0x08, 0xe8, 0x6a
    db 0x0a, 0xb1, 0x00, 0xc3, 0x0a, 0x1b, 0x28, 0x38
    db 0x55, 0xa8, 0x1b, 0x28, 0x31, 0x30, 0x55, 0x0a
    db 0x1b, 0x28, 0x38, 0x55, 0xab, 0x1b, 0x28, 0x31
    db 0x30, 0x55, 0x0a, 0x1b, 0x28, 0x38, 0x55, 0xbd
    db 0x1b, 0x28, 0x31, 0x30, 0x55, 0xbb, 0x01, 0x00
    db 0x01, 0x1e, 0x98, 0x82, 0xb8, 0x0c, 0x00, 0xf7
    db 0xe3, 0xbb, 0x7b, 0x82, 0xe8, 0xfc, 0x0d, 0x8a
    db 0x36, 0x7e, 0x82, 0x8a, 0x16, 0x7f, 0x82, 0xb2
    db 0x1b, 0xe8, 0x27, 0x0a, 0xb2, 0x26, 0xe8, 0x22
    db 0x0a, 0xb2, 0x61, 0xe8, 0x1d, 0x0a, 0xb2, 0x2b
    db 0xe8, 0x18, 0x0a, 0x8a, 0x16, 0x7e, 0x82, 0xe8
    db 0x11, 0x0a, 0x8a, 0x16, 0x7f, 0x82, 0xe8, 0x0a
    db 0x0a, 0xb2, 0x48, 0xe8, 0x05, 0x0a, 0xb1, 0x00
    db 0xc3, 0xbb, 0x02, 0x00, 0xeb, 0xba, 0xbb, 0x03
    db 0x00, 0xeb, 0xb5, 0xbb, 0x04, 0x00, 0xeb, 0xb0
    db 0xbb, 0x05, 0x00, 0xeb, 0xab, 0x32, 0xe4, 0x0a
    db 0xc0, 0x74, 0x09, 0xf6, 0x06, 0x9e, 0x82, 0x40
    db 0x74, 0x02, 0x04, 0x06, 0xbb, 0x75, 0xbe, 0x03
    db 0xd8, 0x2e, 0x8b, 0x1f, 0xbe, 0x7c, 0x82, 0x2e
    db 0x8a, 0x07, 0x0a, 0xc0, 0x74, 0x06, 0x88, 0x04
    db 0x46, 0x43, 0xeb, 0xf3, 0x8b, 0xde, 0xbe, 0x7b
    db 0x82, 0x2b, 0xde, 0x4b, 0x88, 0x1c, 0xe8, 0xc8
    db 0x0d, 0x33, 0xc9, 0x33, 0xdb, 0xc3, 0x83, 0xbe
    db 0x8c, 0xbe, 0x98, 0xbe, 0xa4, 0xbe, 0xb4, 0xbe
    db 0xbf, 0xbe, 0xca, 0xbe, 0x1b, 0x28, 0x73, 0x31
    db 0x70, 0x31, 0x30, 0x56, 0x00, 0x1b, 0x28, 0x73
    db 0x30, 0x70, 0x31, 0x30, 0x68, 0x31, 0x32, 0x56
    db 0x00, 0x1b, 0x28, 0x73, 0x30, 0x70, 0x31, 0x32
    db 0x68, 0x31, 0x30, 0x56, 0x00, 0x1b, 0x28, 0x73
    db 0x30, 0x70, 0x31, 0x36, 0x2e, 0x36, 0x36, 0x68
    db 0x38, 0x2e, 0x35, 0x56, 0x00, 0x1b, 0x28, 0x73
    db 0x30, 0x70, 0x35, 0x68, 0x31, 0x32, 0x56, 0x00
    db 0x1b, 0x28, 0x73, 0x30, 0x70, 0x36, 0x68, 0x31
    db 0x30, 0x56, 0x00, 0x1b, 0x28, 0x73, 0x30, 0x70
    db 0x38, 0x68, 0x38, 0x2e, 0x35, 0x56, 0x00, 0xc3
    db 0xb8, 0x0c, 0x00, 0xf7, 0xe1, 0xb1, 0x2b, 0xe8
    db 0x01, 0x00, 0xc3, 0xbb, 0x7f, 0x82, 0x51, 0xe8
    db 0x09, 0x0d, 0x59, 0xbe, 0x7b, 0x82, 0xc6, 0x04
    db 0x1b, 0xc6, 0x44, 0x01, 0x26, 0xc6, 0x44, 0x02
    db 0x61, 0x88, 0x4c, 0x03, 0xc6, 0x44, 0x09, 0x48
    db 0xb9, 0x0a, 0x00, 0x8a, 0x14, 0x56, 0x51, 0xe8
    db 0x21, 0x09, 0x59, 0x5e, 0x46, 0xe2, 0xf4, 0x8c
    db 0xdf, 0xc3, 0x83, 0xf9, 0x00, 0x75, 0x01, 0xc3
    db 0x51, 0xe8, 0x09, 0x00, 0x58, 0xb3, 0x3c, 0xf6
    db 0xe3, 0xe8, 0x1d, 0xfe, 0xc3, 0xc7, 0x06, 0x98
    db 0x82, 0x00, 0x00, 0xa1, 0x16, 0x79, 0xb7, 0x0c
    db 0xf6, 0xe7, 0xb1, 0x30, 0xe8, 0xac, 0xff, 0xc3
    db 0x00, 0x00, 0x00, 0x00, 0x00, 0x00, 0x00, 0x00
    db 0x00, 0x00, 0x00, 0x00, 0x00, 0x00, 0x00, 0x00
    db 0x00, 0x00, 0x00, 0x00, 0x00, 0x00, 0x00, 0x00
    db 0x00, 0x00, 0x00, 0x00, 0x00, 0x00, 0x00, 0x00
    db 0x00, 0x00, 0x00, 0x00, 0x00, 0x00, 0x00, 0x00
    db 0x00, 0x00, 0x00, 0x00, 0x00, 0x00, 0x00, 0x00
    db 0x00, 0x00, 0x00, 0x00, 0x00, 0x00, 0x00, 0x00
    db 0x00, 0x00, 0x00, 0x00, 0x00, 0x00, 0x00, 0x00
    db 0x00, 0x00, 0x00, 0x00, 0x00, 0x00, 0x00, 0x00
    db 0x00, 0x00, 0x00, 0x00, 0x00, 0x00, 0x00, 0x00
    db 0x00, 0x00, 0x00, 0x00, 0x00, 0x00, 0x00, 0x00
    db 0x00, 0x00, 0x00, 0x00, 0x00, 0x00, 0x00, 0x00
    db 0x00, 0x00, 0x00, 0x00, 0x00, 0x00, 0x00, 0x00
    db 0x00, 0x00, 0x00, 0x00, 0x00, 0x00, 0x00, 0x00
    db 0x57, 0xc0, 0x57, 0xc0, 0x57, 0xc0, 0x57, 0xc0
    db 0x57, 0xc0, 0x57, 0xc0, 0x57, 0xc0, 0x57, 0xc0
    db 0x57, 0xc0, 0x57, 0xc0, 0x57, 0xc0, 0x57, 0xc0
    db 0x57, 0xc0, 0x57, 0xc0, 0x57, 0xc0, 0x57, 0xc0
    db 0x57, 0xc0, 0x57, 0xc0, 0x57, 0xc0, 0x57, 0xc0
    db 0x57, 0xc0, 0x57, 0xc0, 0x57, 0xc0, 0x57, 0xc0
    db 0x57, 0xc0, 0x57, 0xc0, 0x57, 0xc0, 0x57, 0xc0
    db 0x57, 0xc0, 0x57, 0xc0, 0x57, 0xc0, 0x57, 0xc0
    db 0x57, 0xc0, 0x57, 0xc0, 0x57, 0xc0, 0x57, 0xc0
    db 0x57, 0xc0, 0x57, 0xc0, 0x57, 0xc0, 0x57, 0xc0
    db 0x57, 0xc0, 0x00, 0x00, 0xd2, 0xc0, 0x57, 0xc0
    db 0x57, 0xc0, 0x57, 0xc0, 0x57, 0xc0, 0x57, 0xc0
    db 0x5a, 0xc0, 0x5f, 0xc0, 0x64, 0xc0, 0x69, 0xc0
    db 0x6e, 0xc0, 0x73, 0xc0, 0x78, 0xc0, 0x7d, 0xc0
    db 0x82, 0xc0, 0x87, 0xc0, 0x8c, 0xc0, 0x91, 0xc0
    db 0x96, 0xc0, 0x9b, 0xc0, 0xa0, 0xc0, 0xa5, 0xc0
    db 0x57, 0xc0, 0x57, 0xc0, 0x57, 0xc0, 0x57, 0xc0
    db 0x57, 0xc0, 0x57, 0xc0, 0xaa, 0xc0, 0xaf, 0xc0
    db 0xb4, 0xc0, 0xb9, 0xc0, 0xbe, 0xc0, 0xd2, 0xc0
    db 0xd2, 0xc0, 0xd2, 0xc0, 0xd2, 0xc0, 0xd2, 0xc0
    db 0xc3, 0xc0, 0xc8, 0xc0, 0xcd, 0xc0, 0xd2, 0xc0
    db 0xd2, 0xc0, 0xd2, 0xc0, 0xd2, 0xc0, 0xd2, 0xc0
    db 0xe9, 0x97, 0x0f, 0xb0, 0xe0, 0xe9, 0x92, 0x0f
    db 0xb0, 0xe1, 0xe9, 0x8d, 0x0f, 0xb0, 0xe2, 0xe9
    db 0x88, 0x0f, 0xb0, 0xe3, 0xe9, 0x83, 0x0f, 0xb0
    db 0xe4, 0xe9, 0x7e, 0x0f, 0xb0, 0xe5, 0xe9, 0x79
    db 0x0f, 0xb0, 0xe6, 0xe9, 0x74, 0x0f, 0xb0, 0xe7
    db 0xe9, 0x6f, 0x0f, 0xb0, 0xea, 0xe9, 0x6a, 0x0f
    db 0xb0, 0xeb, 0xe9, 0x65, 0x0f, 0xb0, 0xed, 0xe9
    db 0x60, 0x0f, 0xb0, 0xf1, 0xe9, 0x5b, 0x0f, 0xb0
    db 0xf8, 0xe9, 0x56, 0x0f, 0xb0, 0xf9, 0xe9, 0x51
    db 0x0f, 0xb0, 0xfd, 0xe9, 0x4c, 0x0f, 0xb0, 0xfb
    db 0xe9, 0x47, 0x0f, 0xb0, 0xb3, 0xe9, 0x42, 0x0f
    db 0xb0, 0xb4, 0xe9, 0x3d, 0x0f, 0xb0, 0xbf, 0xe9
    db 0x38, 0x0f, 0xb0, 0xd9, 0xe9, 0x33, 0x0f, 0xb0
    db 0xda, 0xe9, 0x2e, 0x0f, 0xb0, 0x2d, 0xe9, 0x29
    db 0x0f, 0xb0, 0x2d, 0xe9, 0x24, 0x0f, 0xb0, 0x20
    db 0xe9, 0x1f, 0x0f, 0xb0, 0x20, 0xe9, 0x1a, 0x0f
    db 0xbe, 0x59, 0x6d, 0x8a, 0x04, 0x24, 0x07, 0x3c
    db 0x08, 0x72, 0x02, 0xb0, 0x00, 0xa2, 0x9e, 0x82
    db 0x8a, 0x64, 0x02, 0x80, 0xe4, 0x01, 0xd0, 0xe4
    db 0x88, 0x26, 0xa3, 0x82, 0xc3, 0x00, 0x00, 0x00
    db 0x00, 0x00, 0x00, 0x00, 0x00, 0x00, 0x00, 0x00
    db 0x00, 0x1f, 0x00, 0x00, 0x00, 0x00, 0x00, 0x00
    db 0x00, 0x00, 0x00, 0x00, 0x00, 0x00, 0x00, 0x00
    db 0x00, 0x00, 0x00, 0x00, 0x00, 0x36, 0x36, 0x36
    db 0x36, 0x36, 0x36, 0x36, 0x36, 0x36, 0x36, 0x36
    db 0x36, 0x36, 0x36, 0x36, 0x36, 0x36, 0x36, 0x36
    db 0x36, 0x36, 0x36, 0x36, 0x36, 0x36, 0x36, 0x36
    db 0x36, 0x36, 0x36, 0x36, 0x36, 0x36, 0x36, 0x36
    db 0x36, 0x36, 0x36, 0x36, 0x36, 0x36, 0x36, 0x36
    db 0x36, 0x36, 0x36, 0x36, 0x36, 0x36, 0x36, 0x36
    db 0x36, 0x36, 0x36, 0x36, 0x36, 0x36, 0x36, 0x36
    db 0x36, 0x36, 0x36, 0x36, 0x36, 0x36, 0x36, 0x36
    db 0x36, 0x36, 0x36, 0x36, 0x36, 0x36, 0x36, 0x36
    db 0x36, 0x36, 0x36, 0x36, 0x36, 0x36, 0x36, 0x36
    db 0x36, 0x36, 0x36, 0x36, 0x36, 0x36, 0x36, 0x36
    db 0x36, 0x36, 0x36, 0x36, 0x37, 0x38, 0x39, 0x3a
    db 0x3b, 0x3c, 0x3d, 0x3e, 0x3f, 0x40, 0x41, 0x42
    db 0x43, 0x44, 0x45, 0x46, 0x47, 0x48, 0x49, 0x4a
    db 0x4b, 0x4c, 0x4d, 0x4e, 0x4f, 0x50, 0x51, 0x52
    db 0x53, 0x54, 0x55, 0x56, 0x57, 0x58, 0x59, 0x5a
    db 0x5b, 0x5c, 0x5d, 0x5e, 0x5f, 0x60, 0x61, 0x62
    db 0x63, 0x64, 0x65, 0x66, 0x67, 0x68, 0x69, 0x6a
    db 0x6b, 0x6c, 0x6d, 0x6e, 0x6f, 0x70, 0x71, 0x72
    db 0x73, 0x74, 0x75, 0x76, 0x77, 0x78, 0x79, 0x7a
    db 0x7b, 0x7c, 0x7d, 0x7e, 0x7f, 0x80, 0x81, 0x82
    db 0x00, 0x00, 0x00, 0x00, 0x00, 0x00, 0x00, 0x00
    db 0x00, 0x00, 0x00, 0x00, 0x88, 0x89, 0x8a, 0x00
    db 0x20, 0x00, 0x00, 0x00, 0x00, 0x23, 0x24, 0x25
    db 0x26, 0x27, 0x28, 0x00, 0x00, 0x1c, 0x19, 0x00
    db 0x00, 0x16, 0x12, 0x29, 0x1a, 0x2e, 0x2f, 0x00
    db 0x00, 0x2a, 0x2b, 0x2c, 0x2d, 0x30, 0x31, 0x32
    db 0x33, 0x34, 0x35, 0x00, 0x00, 0x00, 0x00, 0x71
    db 0xc8, 0x36, 0xaf, 0xab, 0xba, 0x37, 0xbf, 0x27
    db 0xa5, 0x00, 0x00, 0x00, 0x00, 0x00, 0x00, 0x00
    db 0x00, 0x00, 0x00, 0x00, 0x00, 0x00, 0x00, 0x05
    db 0x00, 0x00, 0x00, 0x00, 0x00, 0x00, 0x00, 0x05
    db 0x00, 0x02, 0x02, 0x02, 0x02, 0x02, 0x03, 0x05
    db 0x00, 0x00, 0x00, 0x00, 0x00, 0x00, 0x03, 0x05
    db 0x00, 0x00, 0x00, 0x00, 0x00, 0x00, 0x03, 0x05
    db 0x00, 0x00, 0x00, 0x00, 0x00, 0x00, 0x03, 0x05
    db 0x00, 0x00, 0x00, 0x00, 0x00, 0x00, 0x03, 0x05
    db 0x00, 0x00, 0x00, 0x00, 0x00, 0x00, 0x03, 0x05
    db 0x00, 0x00, 0x00, 0x00, 0x00, 0x00, 0x03, 0x05
    db 0x00, 0x00, 0x00, 0x00, 0x00, 0x00, 0x03, 0x05
    db 0x00, 0x02, 0x02, 0x02, 0x02, 0x02, 0x03, 0x05
    db 0x00, 0x00, 0x00, 0x00, 0x00, 0x00, 0x03, 0x05
    db 0x00, 0x02, 0x02, 0x02, 0x02, 0x02, 0x03, 0x05
    db 0x00, 0x02, 0x02, 0x02, 0x02, 0x02, 0x03, 0x05
    db 0x00, 0x02, 0x02, 0x02, 0x02, 0x02, 0x03, 0x05
    db 0x00, 0x00, 0x00, 0x00, 0x00, 0x00, 0x00, 0x05
    db 0x00, 0x00, 0x00, 0x00, 0x00, 0x00, 0x00, 0x05
    db 0x00, 0x02, 0x02, 0x02, 0x02, 0x02, 0x00, 0x05
    db 0x01, 0x02, 0x02, 0x02, 0x02, 0x02, 0x03, 0x05
    db 0x00, 0x00, 0x00, 0x00, 0x00, 0x00, 0x00, 0x05
    db 0x00, 0x00, 0x00, 0x00, 0x00, 0x00, 0x00, 0x05
    db 0x00, 0x02, 0x02, 0x02, 0x02, 0x02, 0x03, 0x05
    db 0x01, 0x00, 0x00, 0x00, 0x00, 0x00, 0x03, 0x05
    db 0x00, 0x00, 0x00, 0x00, 0x00, 0x00, 0x03, 0x05
    db 0x00, 0x00, 0x00, 0x00, 0x00, 0x00, 0x00, 0x00
    db 0x00, 0x00, 0x00, 0x00, 0x00, 0x00, 0x00, 0x00
    db 0x00, 0x02, 0x02, 0x02, 0x02, 0x02, 0x03, 0x05
    db 0x01, 0x00, 0x00, 0x00, 0x00, 0x00, 0x00, 0x00
    db 0x00, 0x00, 0x00, 0x00, 0x00, 0x00, 0x03, 0x05
    db 0x00, 0x01, 0x01, 0x01, 0x01, 0x01, 0x03, 0x01
    db 0x01, 0x00, 0x00, 0x00, 0x00, 0x00, 0x00, 0x00
    db 0x00, 0x00, 0x00, 0x00, 0x00, 0x00, 0x00, 0x00
    db 0x00, 0x02, 0x02, 0x02, 0x02, 0x02, 0x03, 0x05
    db 0x01, 0x02, 0x02, 0x02, 0x02, 0x02, 0x03, 0x05
    db 0x00, 0x02, 0x02, 0x02, 0x02, 0x02, 0x03, 0x05
    db 0x00, 0x02, 0x02, 0x02, 0x02, 0x02, 0x03, 0x05
    db 0x00, 0x02, 0x02, 0x02, 0x02, 0x02, 0x03, 0x05
    db 0x00, 0x02, 0x02, 0x02, 0x02, 0x02, 0x03, 0x05
    db 0x00, 0x02, 0x02, 0x02, 0x02, 0x02, 0x03, 0x05
    db 0x00, 0x02, 0x02, 0x02, 0x02, 0x02, 0x03, 0x05
    db 0x00, 0x00, 0x00, 0x00, 0x00, 0x00, 0x00, 0x00
    db 0x00, 0x00, 0x00, 0x00, 0x00, 0x00, 0x00, 0x00
    db 0x00, 0x00, 0x00, 0x00, 0x00, 0x00, 0x00, 0x00
    db 0x00, 0x02, 0x02, 0x02, 0x02, 0x02, 0x03, 0x05
    db 0x00, 0x02, 0x02, 0x02, 0x02, 0x02, 0x03, 0x05
    db 0x00, 0x02, 0x02, 0x02, 0x02, 0x02, 0x03, 0x05
    db 0x00, 0x02, 0x02, 0x02, 0x02, 0x02, 0x03, 0x05
    db 0x00, 0x02, 0x02, 0x02, 0x02, 0x02, 0x03, 0x05
    db 0x00, 0x02, 0x02, 0x02, 0x02, 0x02, 0x03, 0x05
    db 0x00, 0x02, 0x02, 0x02, 0x02, 0x02, 0x03, 0x05
    db 0x00, 0x02, 0x02, 0x02, 0x02, 0x02, 0x03, 0x05
    db 0x00, 0x02, 0x02, 0x02, 0x02, 0x02, 0x03, 0x05
    db 0x00, 0x02, 0x02, 0x02, 0x02, 0x02, 0x03, 0x05
    db 0x00, 0x01, 0x01, 0x01, 0x01, 0x01, 0x01, 0x05
    db 0x00, 0x02, 0x02, 0x02, 0x02, 0x02, 0x00, 0x05
    db 0x00, 0x04, 0x04, 0x04, 0x04, 0x04, 0x04, 0x05
    db 0x00, 0x04, 0x04, 0x04, 0x04, 0x04, 0x04, 0x05
    db 0x00, 0x04, 0x04, 0x04, 0x04, 0x04, 0x04, 0x05
    db 0x00, 0x04, 0x04, 0x04, 0x04, 0x04, 0x04, 0x05
    db 0x00, 0x04, 0x04, 0x04, 0x04, 0x04, 0x04, 0x05
    db 0x00, 0x04, 0x04, 0x04, 0x04, 0x04, 0x04, 0x05
    db 0x00, 0x04, 0x04, 0x04, 0x04, 0x04, 0x04, 0x05
    db 0x00, 0x04, 0x04, 0x04, 0x04, 0x04, 0x04, 0x05
    db 0x00, 0x04, 0x04, 0x04, 0x04, 0x04, 0x04, 0x05
    db 0x00, 0x04, 0x04, 0x04, 0x04, 0x04, 0x04, 0x05
    db 0x00, 0x04, 0x04, 0x04, 0x04, 0x04, 0x04, 0x05
    db 0x00, 0x04, 0x04, 0x04, 0x04, 0x04, 0x04, 0x05
    db 0x00, 0x04, 0x04, 0x04, 0x04, 0x04, 0x04, 0x05
    db 0x00, 0x04, 0x04, 0x04, 0x04, 0x04, 0x04, 0x05
    db 0x00, 0x04, 0x04, 0x04, 0x04, 0x04, 0x04, 0x05
    db 0x00, 0x04, 0x04, 0x04, 0x04, 0x04, 0x04, 0x05
    db 0x00, 0x04, 0x04, 0x04, 0x04, 0x04, 0x04, 0x05
    db 0x00, 0x04, 0x04, 0x04, 0x04, 0x04, 0x04, 0x05
    db 0x00, 0x04, 0x04, 0x04, 0x04, 0x04, 0x04, 0x05
    db 0x00, 0x04, 0x04, 0x04, 0x04, 0x04, 0x04, 0x05
    db 0x00, 0x04, 0x04, 0x04, 0x04, 0x04, 0x04, 0x05
    db 0x00, 0x04, 0x04, 0x04, 0x04, 0x04, 0x04, 0x05
    db 0x00, 0x04, 0x04, 0x04, 0x04, 0x04, 0x04, 0x05
    db 0x00, 0x04, 0x04, 0x04, 0x04, 0x04, 0x04, 0x05
    db 0x00, 0x04, 0x04, 0x04, 0x04, 0x04, 0x04, 0x05
    db 0x00, 0x04, 0x04, 0x04, 0x04, 0x04, 0x04, 0x05
    db 0x00, 0x04, 0x04, 0x04, 0x04, 0x04, 0x04, 0x05
    db 0x00, 0x04, 0x04, 0x04, 0x04, 0x04, 0x04, 0x05
    db 0x00, 0x04, 0x04, 0x04, 0x04, 0x04, 0x04, 0x05
    db 0x00, 0x04, 0x04, 0x04, 0x04, 0x04, 0x04, 0x05
    db 0x00, 0x04, 0x04, 0x04, 0x04, 0x04, 0x04, 0x05
    db 0x00, 0x04, 0x04, 0x04, 0x04, 0x04, 0x04, 0x05
    db 0x00, 0x04, 0x04, 0x04, 0x04, 0x04, 0x04, 0x05
    db 0x00, 0x04, 0x04, 0x04, 0x04, 0x04, 0x04, 0x05
    db 0x00, 0x04, 0x04, 0x04, 0x04, 0x04, 0x04, 0x05
    db 0x00, 0x04, 0x04, 0x04, 0x04, 0x04, 0x04, 0x05
    db 0x00, 0x04, 0x04, 0x04, 0x04, 0x04, 0x04, 0x05
    db 0x00, 0x04, 0x04, 0x04, 0x04, 0x04, 0x04, 0x05
    db 0x00, 0x04, 0x04, 0x04, 0x04, 0x04, 0x04, 0x05
    db 0x00, 0x04, 0x04, 0x04, 0x04, 0x04, 0x04, 0x05
    db 0x00, 0x04, 0x04, 0x04, 0x04, 0x04, 0x04, 0x05
    db 0x00, 0x02, 0x02, 0x02, 0x02, 0x02, 0x03, 0x05
    db 0x00, 0x04, 0x04, 0x04, 0x04, 0x04, 0x03, 0x05
    db 0x00, 0x04, 0x04, 0x04, 0x04, 0x04, 0x04, 0x05
    db 0x00, 0x04, 0x04, 0x04, 0x04, 0x04, 0x04, 0x05
    db 0x00, 0x04, 0x04, 0x04, 0x04, 0x04, 0x04, 0x05
    db 0x00, 0x04, 0x04, 0x04, 0x04, 0x04, 0x04, 0x05
    db 0x00, 0x04, 0x04, 0x04, 0x04, 0x04, 0x04, 0x05
    db 0x00, 0x04, 0x04, 0x04, 0x04, 0x04, 0x04, 0x05
    db 0x00, 0x04, 0x04, 0x04, 0x04, 0x04, 0x04, 0x05
    db 0x00, 0x04, 0x04, 0x04, 0x04, 0x04, 0x04, 0x05
    db 0x00, 0x04, 0x04, 0x04, 0x04, 0x04, 0x04, 0x05
    db 0x00, 0x04, 0x04, 0x04, 0x04, 0x04, 0x04, 0x05
    db 0x00, 0x04, 0x04, 0x04, 0x04, 0x04, 0x04, 0x05
    db 0x00, 0x04, 0x04, 0x04, 0x04, 0x04, 0x04, 0x05
    db 0x00, 0x04, 0x04, 0x04, 0x04, 0x04, 0x04, 0x05
    db 0x00, 0x04, 0x04, 0x04, 0x04, 0x04, 0x04, 0x05
    db 0x00, 0x04, 0x04, 0x04, 0x04, 0x04, 0x04, 0x05
    db 0x00, 0x04, 0x04, 0x04, 0x04, 0x04, 0x04, 0x05
    db 0x00, 0x04, 0x04, 0x04, 0x04, 0x04, 0x04, 0x05
    db 0x00, 0x04, 0x04, 0x04, 0x04, 0x04, 0x04, 0x05
    db 0x00, 0x04, 0x04, 0x04, 0x04, 0x04, 0x04, 0x05
    db 0x00, 0x04, 0x04, 0x04, 0x04, 0x04, 0x04, 0x05
    db 0x00, 0x04, 0x04, 0x04, 0x04, 0x04, 0x04, 0x05
    db 0x00, 0x04, 0x04, 0x04, 0x04, 0x04, 0x04, 0x05
    db 0x00, 0x04, 0x04, 0x04, 0x04, 0x04, 0x04, 0x05
    db 0x00, 0x04, 0x04, 0x04, 0x04, 0x04, 0x04, 0x05
    db 0x00, 0x04, 0x04, 0x04, 0x04, 0x04, 0x04, 0x05
    db 0x00, 0x04, 0x04, 0x04, 0x04, 0x04, 0x04, 0x05
    db 0x00, 0x04, 0x04, 0x04, 0x04, 0x04, 0x04, 0x05
    db 0x00, 0x04, 0x04, 0x04, 0x04, 0x04, 0x04, 0x05
    db 0x00, 0x04, 0x04, 0x04, 0x04, 0x04, 0x04, 0x05
    db 0x00, 0x04, 0x04, 0x04, 0x04, 0x04, 0x04, 0x05
    db 0x00, 0x04, 0x04, 0x04, 0x04, 0x04, 0x04, 0x05
    db 0x00, 0x04, 0x04, 0x04, 0x04, 0x04, 0x04, 0x05
    db 0x00, 0x04, 0x04, 0x04, 0x04, 0x04, 0x04, 0x05
    db 0x00, 0x04, 0x04, 0x04, 0x04, 0x04, 0x04, 0x05
    db 0x00, 0x04, 0x04, 0x04, 0x04, 0x04, 0x04, 0x05
    db 0x00, 0x04, 0x04, 0x04, 0x04, 0x04, 0x04, 0x05
    db 0x00, 0x04, 0x04, 0x04, 0x04, 0x04, 0x04, 0x05
    db 0x00, 0x04, 0x04, 0x04, 0x04, 0x04, 0x04, 0x05
    db 0x00, 0x04, 0x04, 0x04, 0x04, 0x04, 0x04, 0x05
    db 0x00, 0x04, 0x04, 0x04, 0x04, 0x04, 0x04, 0x05
    db 0x00, 0x04, 0x04, 0x04, 0x04, 0x04, 0x04, 0x05
    db 0x00, 0x04, 0x04, 0x04, 0x04, 0x04, 0x04, 0x05
    db 0x00, 0x04, 0x04, 0x04, 0x04, 0x04, 0x04, 0x05
    db 0x00, 0x04, 0x04, 0x04, 0x04, 0x04, 0x04, 0x05
    db 0x00, 0x04, 0x04, 0x04, 0x04, 0x04, 0x04, 0x05
    db 0x00, 0xbe, 0xf4, 0xc0, 0x32, 0xe4, 0x03, 0xf0
    db 0x2e, 0x8a, 0x1c, 0x0a, 0xdb, 0x75, 0x01, 0xc3
    db 0xbe, 0x61, 0xcc, 0x32, 0xff, 0xd1, 0xe3, 0x03
    db 0xf3, 0xd1, 0xeb, 0x2e, 0x8b, 0x34, 0x0b, 0xf6
    db 0x75, 0x01, 0xc3, 0xff, 0xd6, 0x80, 0xf9, 0x00
    db 0x75, 0x01, 0xc3, 0x46, 0x51, 0x56, 0x57, 0x8c
    db 0xc5, 0x8e, 0xc7, 0x26, 0x8a, 0x14, 0x8e, 0xc5
    db 0xe8, 0x70, 0x01, 0x5f, 0x5e, 0x59, 0xfe, 0xc9
    db 0x75, 0xe9, 0xf6, 0x06, 0xa3, 0x82, 0x10, 0x74
    db 0x1d, 0x8b, 0x0e, 0xa4, 0x82, 0x3a, 0x0e, 0x97
    db 0x82, 0x7e, 0x04, 0x88, 0x0e, 0x97, 0x82, 0x8b
    db 0x1e, 0x98, 0x82, 0x2b, 0xd9, 0x89, 0x1e, 0x98
    db 0x82, 0xb2, 0x08, 0xe8, 0x45, 0x01, 0xc3, 0xd1
    db 0xe3, 0xbe, 0x00, 0xc2, 0x32, 0xff, 0x53, 0xd1
    db 0xe3, 0xd1, 0xe3, 0xd1, 0xe3, 0x03, 0xf3, 0x8a
    db 0x1e, 0x9e, 0x82, 0x80, 0xe3, 0x07, 0x32, 0xff
    db 0x03, 0xf3, 0x2e, 0x8a, 0x1c, 0x0a, 0xdb, 0x75
    db 0x04, 0x5b, 0x32, 0xc9, 0xc3, 0xbe, 0xf4, 0xc1
    db 0xd1, 0xe3, 0x03, 0xf3, 0x2e, 0x8b, 0x34, 0x0b
    db 0xf6, 0x75, 0x04, 0x5b, 0x32, 0xc9, 0xc3, 0x5b
    db 0xd1, 0xe3, 0x03, 0xf3, 0x2e, 0x8b, 0x34, 0x0b
    db 0xf6, 0x75, 0x03, 0x32, 0xc9, 0xc3, 0xff, 0xd6
    db 0xc3, 0xb3, 0x01, 0xe8, 0x5a, 0xff, 0xc3, 0xb3
    db 0x02, 0xe8, 0x54, 0xff, 0xc3, 0xb3, 0x12, 0xe8
    db 0x4e, 0xff, 0xc3, 0xb3, 0x1d, 0xe8, 0x48, 0xff
    db 0xc3, 0xb3, 0x03, 0xe8, 0x42, 0xff, 0xc3, 0xb3
    db 0x13, 0xe8, 0x3c, 0xff, 0xc3, 0xb3, 0x14, 0xe8
    db 0x36, 0xff, 0xc3, 0xb3, 0x15, 0xe8, 0x30, 0xff
    db 0xc3, 0xb3, 0x0d, 0xe8, 0x2a, 0xff, 0xc3, 0xb3
    db 0x0e, 0xe8, 0x24, 0xff, 0xc3, 0xb3, 0x0f, 0xe8
    db 0x1e, 0xff, 0xc3, 0xb3, 0x10, 0xe8, 0x18, 0xff
    db 0xc3, 0xb3, 0x11, 0xe8, 0x12, 0xff, 0xc3, 0xb3
    db 0x0b, 0xe8, 0x0c, 0xff, 0xc3, 0xb3, 0x0c, 0xe8
    db 0x06, 0xff, 0xc3, 0xb3, 0x04, 0xe8, 0x00, 0xff
    db 0xc3, 0xb3, 0x05, 0xe8, 0xfa, 0xfe, 0xc3, 0xb3
    db 0x06, 0xe8, 0xf4, 0xfe, 0xc3, 0xb3, 0x09, 0xe8
    db 0xee, 0xfe, 0xc3, 0xb3, 0x0a, 0xe8, 0xe8, 0xfe
    db 0xc3, 0xb3, 0x07, 0xe8, 0xe2, 0xfe, 0xc3, 0xb3
    db 0x08, 0xe8, 0xdc, 0xfe, 0xc3, 0xb3, 0x17, 0xe8
    db 0xd6, 0xfe, 0xc3, 0xb3, 0x18, 0xe8, 0xd0, 0xfe
    db 0xc3, 0xb3, 0x1b, 0xe8, 0xca, 0xfe, 0xc3, 0xb3
    db 0x22, 0xe8, 0xc4, 0xfe, 0xc3, 0xb3, 0x21, 0xe8
    db 0xbe, 0xfe, 0xc3, 0xb3, 0x1e, 0xe8, 0xb8, 0xfe
    db 0xc3, 0xa0, 0x9d, 0x82, 0x83, 0xe0, 0x07, 0xd1
    db 0xe0, 0xbe, 0xef, 0xc7, 0x03, 0xf0, 0x2e, 0x8b
    db 0x34, 0x0b, 0xf6, 0x74, 0x02, 0xff, 0xd6, 0xc3
    db 0x00, 0x00, 0x00, 0x00, 0x6c, 0xc7, 0x72, 0xc7
    db 0x78, 0xc7, 0x00, 0x00, 0x00, 0x00, 0x00, 0x00
    db 0x00, 0x00, 0xa0, 0x9a, 0x82, 0x83, 0xe0, 0x07
    db 0xd1, 0xe0, 0xbe, 0x18, 0xc8, 0x03, 0xf0, 0x2e
    db 0x8b, 0x34, 0x0b, 0xf6, 0x74, 0x02, 0xff, 0xd6
    db 0xc3, 0x5a, 0xc7, 0x00, 0x00, 0x00, 0x00, 0x00
    db 0x00, 0x00, 0x00, 0x54, 0xc7, 0x4e, 0xc7, 0x00
    db 0x00, 0x00, 0x00, 0xf6, 0x06, 0xa3, 0x82, 0x08
    db 0x74, 0x01, 0xc3, 0xf6, 0x06, 0xa3, 0x82, 0x01
    db 0x74, 0x01, 0xc3, 0x88, 0x16, 0x95, 0x82, 0xbe
    db 0x59, 0x6d, 0xf6, 0x44, 0x01, 0x01, 0x75, 0x09
    db 0xb4, 0x05, 0xcd, 0x21, 0x0a, 0xc0, 0x75, 0x0a
    db 0xc3, 0xb4, 0x04, 0xcd, 0x21, 0x0a, 0xc0, 0x75
    db 0x01, 0xc3, 0xe8, 0x08, 0x03, 0x3c, 0x03, 0x75
    db 0x03, 0xe9, 0xf5, 0x02, 0x3c, 0x20, 0x74, 0x01
    db 0xc3, 0xe8, 0x3a, 0x03, 0x8a, 0x16, 0x95, 0x82
    db 0xeb, 0xb9, 0x00, 0x00, 0x00, 0x00, 0x00, 0x00
    db 0x00, 0x00, 0x00, 0x00, 0x00, 0x00, 0x00, 0x00
    db 0x00, 0x00, 0x00, 0x00, 0x00, 0x00, 0x00, 0x00
    db 0x00, 0x00, 0x00, 0x00, 0x00, 0x00, 0x00, 0x00
    db 0x00, 0x00, 0xee, 0xc8, 0xef, 0xc8, 0xf0, 0xc8
    db 0x00, 0x00, 0xec, 0xc8, 0xed, 0xc8, 0xee, 0xc8
    db 0x00, 0x00, 0x00, 0x00, 0xf0, 0xc8, 0x00, 0x00
    db 0x08, 0xc9, 0x00, 0x00, 0x00, 0x00, 0xdf, 0xc8
    db 0x00, 0x00, 0x00, 0x00, 0xf1, 0xc8, 0x00, 0x00
    db 0x00, 0x00, 0x00, 0x00, 0x00, 0x00, 0x00, 0x00
    db 0x00, 0x00, 0x00, 0x00, 0x07, 0xc9, 0x00, 0x00
    db 0x00, 0x00, 0x00, 0x00, 0x00, 0x00, 0x00, 0x00
    db 0x00, 0x00, 0x00, 0x00, 0x00, 0x00, 0x00, 0x00
    db 0x00, 0x00, 0x00, 0x00, 0x00, 0x00, 0x24, 0xc9
    db 0xb2, 0x0d, 0xe8, 0x46, 0xff, 0xb2, 0x0a, 0xe8
    db 0x41, 0xff, 0x32, 0xc9, 0xc3, 0xc3, 0xc3, 0xc3
    db 0xc3, 0xc3, 0x8b, 0xc1, 0xb1, 0x06, 0xf6, 0xf1
    db 0x0a, 0xc0, 0x75, 0x01, 0xc3, 0x50, 0xb2, 0x20
    db 0xe8, 0x28, 0xff, 0x58, 0xfe, 0xc8, 0xeb, 0xf0
    db 0xc3, 0x83, 0xf9, 0x00, 0x75, 0x01, 0xc3, 0xd1
    db 0xd9, 0x0b, 0xc9, 0x75, 0x01, 0xc3, 0x51, 0xb2
    db 0x0d, 0xe8, 0x0f, 0xff, 0xb2, 0x0a, 0xe8, 0x0a
    db 0xff, 0x59, 0x49, 0xeb, 0xec, 0xe8, 0xca, 0x06
    db 0xc3, 0xe8, 0x98, 0x06, 0xb2, 0x15, 0xe8, 0xfa
    db 0xfe, 0xe8, 0x90, 0x06, 0xb1, 0x00, 0xc3, 0x03
    db 0x08, 0x09, 0x8b, 0x0e, 0x77, 0x82, 0x8b, 0x36
    db 0x79, 0x82, 0x83, 0xf9, 0x00, 0x75, 0x01, 0xc3
    db 0x8a, 0x04, 0x49, 0x46, 0x89, 0x0e, 0x77, 0x82
    db 0x89, 0x36, 0x79, 0x82, 0xf9, 0xc3, 0x8a, 0x1e
    db 0x9a, 0x82, 0x0a, 0xdb, 0x75, 0x0e, 0x51, 0x50
    db 0x56, 0xa0, 0x96, 0x82, 0xe8, 0x73, 0x5c, 0x8a
    db 0xda, 0x5e, 0x58, 0x59, 0xb7, 0x00, 0xf6, 0x06
    db 0x9e, 0x82, 0x40, 0x74, 0x02, 0xd1, 0xe3, 0x89
    db 0x1e, 0xa4, 0x82, 0xc3, 0xe8, 0xbb, 0xff, 0x72
    db 0x01, 0xc3, 0xa2, 0x96, 0x82, 0x50, 0x83, 0x3e
    db 0x98, 0x82, 0x00, 0x75, 0x03, 0xe8, 0xbd, 0x04
    db 0x8b, 0x36, 0x03, 0x79, 0x8b, 0x0e, 0x9b, 0x82
    db 0x3b, 0xf1, 0x7e, 0x0f, 0x2b, 0xf1, 0x8b, 0xce
    db 0xe8, 0x1e, 0xfe, 0x8b, 0x0e, 0x03, 0x79, 0x89
    db 0x0e, 0x9b, 0x82, 0x58, 0xe8, 0xd2, 0xfc, 0xeb
    db 0xcb, 0xbe, 0x36, 0xc9, 0x8c, 0xcb, 0xb4, 0x00
    db 0xe8, 0xaa, 0xc9, 0x8a, 0x07, 0xa2, 0x93, 0x82
    db 0x43, 0x8b, 0x37, 0x89, 0x36, 0x77, 0x82, 0x43
    db 0x43, 0x89, 0x1e, 0x79, 0x82, 0x57, 0xe8, 0xab
    db 0xff, 0x5f, 0xe8, 0x3b, 0x01, 0xf6, 0x06, 0xa3
    db 0x82, 0x08, 0x74, 0x0a, 0xbe, 0x21, 0x00, 0xe8
    db 0xa8, 0xac, 0xe8, 0x06, 0xcd, 0xc3, 0x80, 0x3e
    db 0x93, 0x82, 0x03, 0x7c, 0xc4, 0xc3, 0xe8, 0x20
    db 0xbc, 0xbe, 0x37, 0xc9, 0x8c, 0xcb, 0xb4, 0x00
    db 0xe8, 0x6a, 0xc9, 0xe8, 0xda, 0xf6, 0xe8, 0x30
    db 0xfd, 0xe8, 0x45, 0xfd, 0xc6, 0x06, 0x9a, 0x82
    db 0x06, 0xe8, 0x43, 0xfd, 0xe8, 0x52, 0xfd, 0xe8
    db 0x55, 0xfd, 0xc6, 0x06, 0x9d, 0x82, 0x02, 0xe8
    db 0x53, 0xfd, 0xe8, 0x62, 0xfd, 0xe8, 0x65, 0xfd
    db 0xe8, 0x68, 0xfd, 0xe8, 0x6b, 0xfd, 0xe8, 0x6e
    db 0xfd, 0xe8, 0x71, 0xfd, 0xe8, 0x74, 0xfd, 0xe8
    db 0x77, 0xfd, 0xe8, 0x7a, 0xfd, 0xc7, 0x06, 0x98
    db 0x82, 0x00, 0x00, 0xe8, 0x77, 0xfd, 0xc7, 0x06
    db 0x9b, 0x82, 0x00, 0x00, 0xe8, 0x74, 0xfd, 0xe8
    db 0xf9, 0xfc, 0xe8, 0x46, 0x01, 0xc7, 0x06, 0xa1
    db 0x82, 0x01, 0x00, 0x83, 0x3e, 0x13, 0x78, 0x01
    db 0x74, 0x05, 0x80, 0x0e, 0xa3, 0x82, 0x01, 0xe8
    db 0x4f, 0xff, 0x83, 0x3e, 0x9b, 0x82, 0x00, 0x75
    db 0x07, 0x83, 0x3e, 0x98, 0x82, 0x00, 0x74, 0x03
    db 0xe8, 0x26, 0x04, 0x80, 0x3e, 0x93, 0x82, 0x03
    db 0x74, 0x18, 0xa0, 0xa3, 0x82, 0xa8, 0x08, 0x75
    db 0x11, 0xa8, 0x02, 0x74, 0x41, 0xe8, 0x2f, 0x01
    db 0xf6, 0x06, 0xa3, 0x82, 0x08, 0x74, 0x37, 0xe8
    db 0xc7, 0x00, 0xa0, 0xa3, 0x82, 0x80, 0x26, 0xa3
    db 0x82, 0xf7, 0x80, 0x26, 0xa3, 0x82, 0xfe, 0xe8
    db 0x95, 0xfc, 0xa2, 0xa3, 0x82, 0xe8, 0x1d, 0x7a
    db 0xbe, 0x59, 0x6d, 0xf6, 0x44, 0x01, 0x01, 0x74
    db 0x0d, 0xc6, 0x06, 0x94, 0x82, 0x00, 0x9a, 0x42
    db 0x0d, 0x00, 0xc0, 0xb4, 0x00, 0xc3, 0x9a, 0xe7
    db 0x08, 0x00, 0xc0, 0xb4, 0x00, 0xc3, 0xe9, 0x25
    db 0xff, 0xb4, 0x01, 0xf6, 0x06, 0xf1, 0x77, 0x80
    db 0x75, 0x01, 0xcb, 0xe8, 0xef, 0x79, 0xbe, 0x59
    db 0x6d, 0xf6, 0x44, 0x01, 0x01, 0x74, 0x0a, 0xc6
    db 0x06, 0x94, 0x82, 0x02, 0x9a, 0xc4, 0x0c, 0x00
    db 0xc0, 0xf6, 0x06, 0xb3, 0x8d, 0x80, 0x74, 0x12
    db 0xb0, 0x08, 0xe8, 0x7f, 0x79, 0xe8, 0xcd, 0x79
    db 0xbe, 0x38, 0xc9, 0x8c, 0xcb, 0xb4, 0x00, 0xe8
    db 0x63, 0xc8, 0xe8, 0xe9, 0xfe, 0xcb, 0x51, 0xe8
    db 0x30, 0xfe, 0x59, 0xe2, 0xf9, 0xb1, 0x00, 0xc3
    db 0x80, 0x3e, 0x93, 0x82, 0x03, 0x7d, 0x3c, 0xe8
    db 0x4b, 0x00, 0x3c, 0x03, 0x74, 0x3b, 0xf6, 0x06
    db 0xa3, 0x82, 0x08, 0x75, 0x34, 0x8a, 0x26, 0xa3
    db 0x82, 0x80, 0xe4, 0x06, 0x80, 0xfc, 0x06, 0x75
    db 0x22, 0xa0, 0xb3, 0x8d, 0x24, 0x03, 0x74, 0x1b
    db 0xf6, 0x06, 0xa3, 0x82, 0x01, 0x75, 0x14, 0x8b
    db 0x36, 0xa1, 0x82, 0x3b, 0x36, 0x13, 0x78, 0x74
    db 0x0a, 0xe8, 0x6b, 0x00, 0xf6, 0x06, 0xa3, 0x82
    db 0x08, 0x75, 0x06, 0x80, 0x26, 0xa3, 0x82, 0xfb
    db 0xc3, 0xbe, 0x21, 0x00, 0xe8, 0x86, 0x00, 0x80
    db 0x0e, 0xa3, 0x82, 0x08, 0xc3, 0x57, 0xb4, 0x0b
    db 0xcd, 0x21, 0x5f, 0x3c, 0x00, 0x75, 0x01, 0xc3
    db 0x57, 0xb4, 0x08, 0xcd, 0x21, 0x5f, 0x33, 0xdb
    db 0xbe, 0x8e, 0xcb, 0x2e, 0x3a, 0x00, 0x74, 0x09
    db 0x43, 0x2e, 0x80, 0x38, 0x00, 0x75, 0xf4, 0xeb
    db 0xdc, 0x50, 0xe8, 0x06, 0x00, 0x58, 0xc3, 0xda
    db 0x20, 0x03, 0x00, 0x57, 0xb4, 0x0b, 0xcd, 0x21
    db 0x5f, 0x3c, 0x00, 0x75, 0x01, 0xc3, 0x57, 0xb4
    db 0x08, 0xcd, 0x21, 0x5f, 0xeb, 0xed, 0xbe, 0x24
    db 0x00, 0xb5, 0x02, 0xa0, 0xb3, 0x8d, 0x24, 0x03
    db 0x75, 0x0a, 0xbe, 0x33, 0x00, 0xeb, 0x05, 0xbe
    db 0x22, 0x00, 0xb5, 0x02, 0xe8, 0x2d, 0x00, 0xe8
    db 0xa3, 0xff, 0x3c, 0xda, 0x74, 0x0a, 0x3c, 0x03
    db 0x75, 0xf5, 0x80, 0x0e, 0xa3, 0x82, 0x08, 0xc3
    db 0x50, 0xbe, 0x1a, 0x00, 0xa0, 0xb3, 0x8d, 0x24
    db 0x03, 0x75, 0x03, 0xbe, 0x1f, 0x00, 0xb5, 0x02
    db 0xe8, 0x09, 0x00, 0x58, 0xc3, 0xe8, 0xa2, 0xaa
    db 0xe8, 0x26, 0xba, 0xc3, 0xe8, 0xb0, 0x22, 0xe8
    db 0x1f, 0xba, 0xc3, 0x57, 0x8b, 0xfb, 0xbb, 0x10
    db 0x27, 0xe8, 0x18, 0x00, 0xbb, 0xe8, 0x03, 0xe8
    db 0x12, 0x00, 0xbb, 0x64, 0x00, 0xe8, 0x0c, 0x00
    db 0xbb, 0x0a, 0x00, 0xe8, 0x06, 0x00, 0x0c, 0x30
    db 0x88, 0x05, 0x5f, 0xc3, 0x33, 0xd2, 0xf7, 0xf3
    db 0x0c, 0x30, 0x88, 0x05, 0x47, 0x8b, 0xc2, 0xc3
    db 0x52, 0x2e, 0x8a, 0x34, 0xfe, 0xc6, 0x46, 0xfe
    db 0xce, 0x74, 0x0a, 0x2e, 0x8a, 0x14, 0x56, 0xe8
    db 0xf9, 0xfb, 0x5e, 0xeb, 0xf1, 0x5a, 0x32, 0xc9
    db 0xc3, 0x52, 0x33, 0xd2, 0x8a, 0x34, 0xfe, 0xc6
    db 0x46, 0xfe, 0xce, 0x74, 0x09, 0x8a, 0x14, 0x56
    db 0xe8, 0xe0, 0xfb, 0x5e, 0xeb, 0xf2, 0x5a, 0x32
    db 0xc9, 0xc3, 0xb2, 0x20, 0xfe, 0xc6, 0xfe, 0xce
    db 0x74, 0x05, 0xe8, 0xce, 0xfb, 0xeb, 0xf7, 0x32
    db 0xc9, 0xc3, 0x00, 0x00, 0x81, 0xcd, 0x85, 0xcd
    db 0xe8, 0xc6, 0xe8, 0xc6, 0xe8, 0xc6, 0xe8, 0xc6
    db 0xe8, 0xc6, 0xe8, 0xc6, 0xe8, 0xc6, 0xe8, 0xc6
    db 0xe8, 0xc6, 0xe8, 0xc6, 0xe8, 0xc6, 0xe8, 0xc6
    db 0xe8, 0xc6, 0xe8, 0xc6, 0xe8, 0xc6, 0xb9, 0xcd
    db 0xe8, 0xc6, 0xd1, 0xcd, 0xd5, 0xcd, 0xd9, 0xcd
    db 0xe8, 0xc6, 0xe8, 0xc6, 0x88, 0xce, 0x49, 0xcf
    db 0xe8, 0xc6, 0x1b, 0xce, 0xe8, 0xc6, 0xe8, 0xc6
    db 0x5e, 0xce, 0x5e, 0xce, 0x0f, 0xce, 0xe8, 0xc6
    db 0xe8, 0xc6, 0xe8, 0xc6, 0xe8, 0xc6, 0xe8, 0xc6
    db 0xe8, 0xc6, 0xe8, 0xc6, 0x50, 0xcf, 0x8b, 0xcf
    db 0x93, 0xcf, 0xe8, 0xc6, 0xe8, 0xc6, 0xe8, 0xc6
    db 0xe8, 0xc6, 0xe8, 0xc6, 0xe8, 0xc6, 0xe8, 0xc6
    db 0xe8, 0xc6, 0xe8, 0xc6, 0xe8, 0xc6, 0xe8, 0xc6
    db 0xe8, 0xc6, 0xe8, 0xc6, 0xe8, 0xc6, 0xe8, 0xc6
    db 0xe8, 0xc6, 0xe8, 0xc6, 0xe8, 0xc6, 0xe8, 0xc6
    db 0xe8, 0xc6, 0xe8, 0xc6, 0xe8, 0xc6, 0xe8, 0xc6
    db 0xe8, 0xc6, 0xe8, 0xc6, 0xe8, 0xc6, 0xe8, 0xc6
    db 0xe8, 0xc6, 0xe8, 0xc6, 0xe8, 0xc6, 0xe8, 0xc6
    db 0xe8, 0xc6, 0xe8, 0xc6, 0xe8, 0xc6, 0xe8, 0xc6
    db 0xe8, 0xc6, 0xe8, 0xc6, 0xe8, 0xc6, 0xe8, 0xc6
    db 0xe8, 0xc6, 0xe8, 0xc6, 0xe8, 0xc6, 0xe8, 0xc6
    db 0xe8, 0xc6, 0xe8, 0xc6, 0xe8, 0xc6, 0xe8, 0xc6
    db 0xe8, 0xc6, 0xe8, 0xc6, 0xe8, 0xc6, 0xe8, 0xc6
    db 0xe8, 0xc6, 0xe8, 0xc6, 0xe8, 0xc6, 0xe8, 0xc6
    db 0xe8, 0xc6, 0xe8, 0xc6, 0xe8, 0xc6, 0xe8, 0xc6
    db 0xe8, 0xc6, 0xe8, 0xc6, 0xe8, 0xc6, 0xe8, 0xc6
    db 0xe8, 0xc6, 0xe8, 0xc6, 0xe8, 0xc6, 0xe8, 0xc6
    db 0xe8, 0xc6, 0xe8, 0xc6, 0xe8, 0xc6, 0xe8, 0xc6
    db 0xe8, 0xc6, 0xe8, 0xc6, 0xe8, 0xc6, 0xe8, 0xc6
    db 0xe8, 0xc6, 0xe8, 0xc6, 0xe8, 0xc6, 0xe8, 0xc6
    db 0xe8, 0xc6, 0xe8, 0xc6, 0xe8, 0xc6, 0xe8, 0xc6
    db 0xe8, 0xc6, 0xe8, 0xc6, 0xe8, 0xc6, 0xe8, 0xc6
    db 0xe8, 0xc6, 0xe8, 0xc6, 0xe8, 0xc6, 0xe8, 0xc6
    db 0xe8, 0xc6, 0xe8, 0xc6, 0xe8, 0xc6, 0xe8, 0xc6
    db 0xe8, 0xc6, 0xe8, 0xc6, 0xe8, 0xc6, 0xe8, 0xc6
    db 0xe8, 0xc6, 0xe8, 0x64, 0xf9, 0xc3, 0xe8, 0x60
    db 0xf9, 0xc3, 0xe8, 0x5c, 0xf9, 0xc3, 0xe8, 0x58
    db 0xf9, 0xc3, 0xe8, 0x54, 0xf9, 0xc3, 0xe8, 0x50
    db 0xf9, 0xc3, 0xe8, 0x4c, 0xf9, 0xc3, 0xe8, 0x48
    db 0xf9, 0xc3, 0xe8, 0x44, 0xf9, 0xc3, 0xe8, 0x40
    db 0xf9, 0xc3, 0xe8, 0x3c, 0xf9, 0xc3, 0xe8, 0x38
    db 0xf9, 0xc3, 0xe8, 0x34, 0xf9, 0xc3, 0xe8, 0x30
    db 0xf9, 0xc3, 0x50, 0xe8, 0x7c, 0xfb, 0xa2, 0x9d
    db 0x82, 0x58, 0xe8, 0x24, 0xf9, 0xe8, 0x72, 0xfb
    db 0xe8, 0x6f, 0xfb, 0xb1, 0x00, 0xc3, 0xe8, 0x18
    db 0xf9, 0xc3, 0xe8, 0x14, 0xf9, 0xc3, 0xe8, 0x10
    db 0xf9, 0xc3, 0xe8, 0x5d, 0xfb, 0xb4, 0x06, 0x3c
    db 0x02, 0x74, 0x0e, 0xb4, 0x05, 0x3c, 0x04, 0x74
    db 0x08, 0xb4, 0x04, 0x3c, 0x06, 0x74, 0x02, 0xb4
    db 0x00, 0x88, 0x26, 0x9a, 0x82, 0x50, 0xe8, 0x41
    db 0xfb, 0xb4, 0x00, 0xa3, 0xef, 0x75, 0x58, 0xe8
    db 0xe7, 0xf8, 0x56, 0x53, 0xe8, 0x33, 0xfb, 0x59
    db 0x5e, 0x8c, 0xdf, 0xc3, 0xe8, 0xda, 0xf8, 0xc3
    db 0xa1, 0x98, 0x82, 0x03, 0xc1, 0xa3, 0x98, 0x82
    db 0xe8, 0xce, 0xf8, 0xc3, 0xe8, 0x1b, 0xfb, 0x8a
    db 0xc8, 0x51, 0xe8, 0x15, 0xfb, 0x59, 0x8a, 0xe8
    db 0x83, 0xf9, 0x00, 0x74, 0x14, 0x89, 0x0e, 0x9f
    db 0x82, 0x80, 0x0e, 0x9e, 0x82, 0x80, 0xb9, 0x03
    db 0x00, 0xe8, 0xca, 0xfc, 0xc3, 0xe8, 0xa9, 0xf8
    db 0xc3, 0x80, 0x26, 0x9e, 0x82, 0x7f, 0xb9, 0x03
    db 0x00, 0xe8, 0xba, 0xfc, 0xc3, 0xf6, 0x06, 0x9e
    db 0x82, 0x80, 0x75, 0x01, 0xc3, 0x8b, 0x36, 0x9f
    db 0x82, 0x8b, 0xce, 0xe8, 0x6f, 0xf9, 0xc3, 0xbb
    db 0x00, 0x00, 0x89, 0x1e, 0x98, 0x82, 0x8a, 0x1e
    db 0x9d, 0x82, 0x8a, 0xc3, 0x03, 0x1e, 0x9b, 0x82
    db 0x8b, 0x0e, 0xfd, 0x78, 0x83, 0xc1, 0x02, 0x3b
    db 0xd9, 0x7c, 0x06, 0xe8, 0x1b, 0x00, 0xb1, 0x00
    db 0xc3, 0x89, 0x1e, 0x9b, 0x82, 0xe8, 0x4b, 0xf9
    db 0xc3, 0xe8, 0xae, 0xfa, 0x50, 0xb9, 0x03, 0x00
    db 0xe8, 0x73, 0xfc, 0x58, 0x3c, 0x02, 0x74, 0x01
    db 0xc3, 0xa0, 0xb3, 0x8d, 0x24, 0x03, 0x3c, 0x02
    db 0x75, 0x6c, 0x8b, 0x36, 0x01, 0x79, 0x8b, 0x0e
    db 0xfd, 0x78, 0x83, 0xc1, 0x02, 0x2b, 0xf1, 0x83
    db 0xfe, 0x06, 0x7c, 0x5a, 0x83, 0xfe, 0x0a, 0x7d
    db 0x05, 0x83, 0xc1, 0x04, 0xeb, 0x07, 0x8b, 0x0e
    db 0x01, 0x79, 0x83, 0xe9, 0x06, 0x2b, 0x0e, 0x9b
    db 0x82, 0xe8, 0xf5, 0xf8, 0x8b, 0x36, 0x14, 0x79
    db 0xd1, 0xee, 0x8b, 0xce, 0xe8, 0xf6, 0xf8, 0x8b
    db 0x36, 0xa1, 0x82, 0x03, 0x36, 0x0f, 0x79, 0x4e
    db 0xbb, 0x7c, 0x82, 0x89, 0x1e, 0xed, 0x75, 0xe8
    db 0x09, 0x40, 0xbb, 0x7c, 0x82, 0x89, 0x1e, 0xed
    db 0x75, 0xb9, 0x03, 0x00, 0x8b, 0x36, 0xed, 0x75
    db 0x8a, 0x14, 0x80, 0xfa, 0x30, 0x75, 0x03, 0x46
    db 0xe2, 0xf6, 0x8a, 0x14, 0x56, 0x51, 0xe8, 0x22
    db 0xf9, 0x59, 0x5e, 0x46, 0xe2, 0xf4, 0xb2, 0x0d
    db 0xe8, 0x18, 0xf9, 0xb2, 0x0c, 0xe8, 0x13, 0xf9
    db 0xb9, 0x00, 0x00, 0x89, 0x0e, 0x98, 0x82, 0x89
    db 0x0e, 0x9b, 0x82, 0x8a, 0x26, 0xa3, 0x82, 0x80
    db 0xcc, 0x04, 0x8b, 0x36, 0xa1, 0x82, 0x46, 0x89
    db 0x36, 0xa1, 0x82, 0x3b, 0x36, 0x13, 0x78, 0x7c
    db 0x0c, 0x80, 0xe4, 0xfe, 0x3b, 0x36, 0x15, 0x78
    db 0x7e, 0x03, 0x80, 0xcc, 0x01, 0x88, 0x26, 0xa3
    db 0x82, 0xc3, 0xb9, 0x06, 0x00, 0xe8, 0xb6, 0xfb
    db 0xc3, 0xe8, 0x10, 0x00, 0x3c, 0x00, 0x75, 0x02
    db 0xb1, 0x00, 0x56, 0x57, 0x51, 0xe8, 0xda, 0xf9
    db 0x59, 0x5f, 0x5e, 0xc3, 0xe8, 0xd3, 0xf9, 0x8a
    db 0xc8, 0x51, 0xe8, 0xcd, 0xf9, 0x59, 0x8a, 0xe8
    db 0x51, 0xe8, 0xc6, 0xf9, 0xe8, 0xc3, 0xf9, 0x59
    db 0x8b, 0x16, 0x98, 0x82, 0x8b, 0xf1, 0xb0, 0x00
    db 0x2b, 0xca, 0x75, 0x01, 0xc3, 0x73, 0x01, 0xc3
    db 0xe8, 0x42, 0xf8, 0xc3, 0x80, 0x0e, 0xa3, 0x82
    db 0x10, 0xb1, 0x00, 0xc3, 0x80, 0x26, 0xa3, 0x82
    db 0xef, 0x8a, 0x16, 0x97, 0x82, 0xb6, 0x00, 0x8b
    db 0x1e, 0x98, 0x82, 0x03, 0xda, 0x89, 0x1e, 0x98
    db 0x82, 0x88, 0x36, 0x97, 0x82, 0xb2, 0x20, 0xe8
    db 0x79, 0xf8, 0x32, 0xc9, 0xc3, 0xa0, 0x97, 0x82
    db 0xb4, 0x00, 0x88, 0x26, 0x97, 0x82, 0x8b, 0xd8
    db 0xe8, 0x04, 0xf8, 0xc3, 0xe8, 0x8f, 0xf9, 0x03
    db 0x1e, 0x98, 0x82, 0x89, 0x1e, 0x98, 0x82, 0xc3
    db 0xf6, 0x06, 0xa3, 0x82, 0x10, 0x75, 0x01, 0xc3
    db 0x8b, 0x0e, 0xa4, 0x82, 0x88, 0x0e, 0x97, 0x82
    db 0x8b, 0x1e, 0x98, 0x82, 0x2b, 0xd9, 0x89, 0x1e
    db 0x98, 0x82, 0xb2, 0x08, 0xe8, 0x3c, 0xf8, 0xb1
    db 0x00, 0xc3, 0xe8, 0xcf, 0xff, 0x3b, 0x1e, 0xf9
    db 0x78, 0x7e, 0x00, 0x8a, 0xd0, 0xe8, 0x2b, 0xf8
    db 0xe8, 0xcd, 0xff, 0x32, 0xc9, 0xc3, 0x55, 0xff
    db 0x00, 0xff, 0x04, 0x00, 0x06, 0xff, 0x02, 0x00
    db 0x00, 0x00, 0x00, 0x49, 0x4e, 0x49, 0x54, 0x49
    db 0x41, 0x4c, 0x49, 0x5a, 0x49, 0x4e, 0x47, 0xff
    db 0x00, 0xff, 0x04, 0x00, 0x06, 0xff, 0x02, 0x02
    db 0x00, 0x0c, 0x00, 0x57, 0x4f, 0x52, 0x44, 0x20
    db 0x50, 0x52, 0x4f, 0x43, 0x45, 0x53, 0x53, 0x4f
    db 0x52, 0x20, 0x20, 0x20, 0x20, 0x20, 0x20, 0x20
    db 0x20, 0x20, 0x20, 0x20, 0x20, 0x20, 0x20, 0x20
    db 0x20, 0x20, 0x20, 0x20, 0x20, 0x20, 0x20, 0x4c
    db 0x49, 0x4e, 0x47, 0x55, 0x49, 0x53, 0x54, 0x49
    db 0x43, 0x20, 0x54, 0x45, 0x43, 0x48, 0x4e, 0x4f
    db 0x4c, 0x4f, 0x47, 0x59, 0xff, 0x02, 0x06, 0x00
    db 0x0c, 0x00, 0x28, 0x43, 0x29, 0x20, 0x31, 0x39
    db 0x39, 0x32, 0x20, 0x4e, 0x45, 0x52, 0x20, 0x49
    db 0x6e, 0x63, 0x2e, 0x20, 0x56, 0x65, 0x72, 0x2e
    db 0x20, 0x33, 0x2e, 0x30, 0x30, 0x20, 0x20, 0x20
    db 0x20, 0x20, 0x20, 0x20, 0x20, 0x20, 0x28, 0x43
    db 0x29, 0x20, 0x31, 0x39, 0x38, 0x33, 0x20, 0x50
    db 0x72, 0x6f, 0x78, 0x69, 0x6d, 0x69, 0x74, 0x79
    db 0x20, 0x54, 0x65, 0x63, 0x68, 0x6e, 0x6f, 0x6c
    db 0x6f, 0x67, 0x79, 0x20, 0x49, 0x6e, 0x63, 0x2e
    db 0xff, 0x02, 0x08, 0x00, 0x0c, 0x00, 0x28, 0x43
    db 0x29, 0x20, 0x31, 0x39, 0x39, 0x32, 0x20, 0x6d
    db 0x69, 0x6b, 0x72, 0x6f, 0x6c, 0x61, 0x62, 0x20
    db 0x56, 0x65, 0x72, 0x2e, 0x20, 0x35, 0x2e, 0x30
    db 0x30, 0x20, 0x20, 0x20, 0x20, 0x20, 0x20, 0x20
    db 0x20, 0x20, 0x28, 0x43, 0x29, 0x20, 0x31, 0x39
    db 0x38, 0x33, 0x20, 0x4d, 0x65, 0x72, 0x72, 0x69
    db 0x61, 0x6d, 0x2d, 0x57, 0x65, 0x62, 0x73, 0x74
    db 0x65, 0x72, 0x20, 0x49, 0x6e, 0x63, 0x2e, 0xff
    db 0x02, 0x0c, 0x00, 0x0c, 0x00, 0x41, 0x6c, 0x6c
    db 0x20, 0x52, 0x69, 0x67, 0x68, 0x74, 0x73, 0x20
    db 0x52, 0x65, 0x73, 0x65, 0x72, 0x76, 0x65, 0x64
    db 0x20, 0x20, 0x20, 0x20, 0x20, 0x20, 0x20, 0x20
    db 0x20, 0x20, 0x20, 0x20, 0x20, 0x20, 0x20, 0x20
    db 0x20, 0x41, 0x6c, 0x6c, 0x20, 0x52, 0x69, 0x67
    db 0x68, 0x74, 0x73, 0x20, 0x52, 0x65, 0x73, 0x65
    db 0x72, 0x76, 0x65, 0x64, 0xff, 0x06, 0x00, 0x00
    db 0x00, 0x00, 0x10, 0x00, 0xe0, 0x01, 0x00, 0x00
    db 0x00, 0x00, 0x00, 0xff, 0x40, 0x06, 0x00, 0x82
    db 0x00, 0xff, 0x42, 0x22, 0x00, 0x24, 0x00, 0xaf
    db 0xd1, 0x88, 0xc6, 0xff, 0x40, 0x0b, 0x00, 0x87
    db 0x00, 0xff, 0x42, 0x07, 0x00, 0x18, 0x00, 0x59
    db 0xd2, 0x88, 0xc6, 0xff, 0x02, 0x0c, 0x00, 0x6a
    db 0x00, 0x4f, 0x52, 0x47, 0x41, 0x4e, 0x49, 0x5a
    db 0x45, 0x52, 0x20, 0x4d, 0x45, 0x4e, 0x55, 0xff
    db 0x40, 0x06, 0x00, 0x3a, 0x01, 0xff, 0x42, 0x22
    db 0x00, 0x24, 0x00, 0xaf, 0xd1, 0x88, 0xc6, 0xff
    db 0x40, 0x0b, 0x00, 0x3f, 0x01, 0xff, 0x42, 0x07
    db 0x00, 0x18, 0x00, 0x6e, 0xd2, 0x88, 0xc6, 0xff
    db 0x02, 0x0c, 0x00, 0x13, 0x01, 0x57, 0x4f, 0x52
    db 0x44, 0x20, 0x50, 0x52, 0x4f, 0x43, 0x45, 0x53
    db 0x53, 0x4f, 0x52, 0x20, 0x4d, 0x45, 0x4e, 0x55
    db 0x3f, 0xff, 0xff, 0xff, 0xc0, 0x47, 0xff, 0xff
    db 0xfe, 0x20, 0x88, 0x00, 0x00, 0x01, 0x10, 0x90
    db 0x00, 0x00, 0x00, 0x90, 0x90, 0x00, 0x00, 0x00
    db 0x90, 0x90, 0x00, 0x00, 0x00, 0x90, 0x90, 0x00
    db 0x00, 0x00, 0x90, 0x90, 0x00, 0x00, 0x00, 0x90
    db 0x90, 0x00, 0x00, 0x00, 0x90, 0x90, 0x00, 0x00
    db 0x00, 0x90, 0x90, 0x00, 0x00, 0x00, 0x90, 0x90
    db 0x00, 0x00, 0x00, 0x90, 0x90, 0x00, 0x00, 0x00
    db 0x90, 0x90, 0x00, 0x00, 0x00, 0x90, 0x90, 0x00
    db 0x00, 0x00, 0x90, 0x90, 0x00, 0x00, 0x00, 0x90
    db 0x90, 0x00, 0x00, 0x00, 0x90, 0x90, 0x00, 0x00
    db 0x00, 0x90, 0x90, 0x00, 0x00, 0x00, 0x90, 0x90
    db 0x00, 0x00, 0x00, 0x90, 0x90, 0x00, 0x00, 0x00
    db 0x90, 0x90, 0x00, 0x00, 0x00, 0x90, 0x90, 0x00
    db 0x00, 0x00, 0x90, 0x90, 0x00, 0x00, 0x00, 0x90
    db 0x90, 0x00, 0x00, 0x00, 0x90, 0x90, 0x00, 0x00
    db 0x00, 0x90, 0x88, 0x00, 0x00, 0x01, 0x10, 0x87
    db 0xff, 0xff, 0xfe, 0x10, 0x80, 0x00, 0x00, 0x00
    db 0x10, 0x80, 0x00, 0x00, 0x00, 0x10, 0x80, 0x00
    db 0x00, 0x00, 0x10, 0x80, 0x00, 0x00, 0x00, 0x10
    db 0x40, 0x00, 0x00, 0x00, 0x20, 0x3f, 0xff, 0xff
    db 0xff, 0xc0, 0x73, 0xc7, 0x22, 0x8a, 0x28, 0xb2
    db 0x8a, 0x28, 0x32, 0x8b, 0xc9, 0xaa, 0x8a, 0x48
    db 0xa6, 0x8a, 0x29, 0xa6, 0x72, 0x26, 0xa2, 0x49
    db 0x3e, 0x00, 0x49, 0x21, 0x00, 0x49, 0x21, 0x00
    db 0x55, 0x3e, 0x00, 0x36, 0x20, 0x00, 0x22, 0x20
    db 0x00, 0x22, 0x20, 0x00, 0xe8, 0x91, 0xc4, 0x80
    db 0x3e, 0x3e, 0x8e, 0x00, 0x74, 0x03, 0xe9, 0x33
    db 0x03, 0x80, 0x3e, 0x4a, 0x79, 0xda, 0x75, 0x03
    db 0xe9, 0x19, 0x02, 0xe8, 0xbf, 0x04, 0xb0, 0x00
    db 0xa2, 0x38, 0x8e, 0xa2, 0x7f, 0x75, 0xe8, 0xec
    db 0x88, 0xa8, 0x10, 0x74, 0x03, 0xe9, 0x99, 0x00
    db 0x52, 0xe8, 0xd0, 0x88, 0x5a, 0x8a, 0xc2, 0x3c
    db 0xdc, 0x73, 0xeb, 0x3c, 0x21, 0x72, 0xe7, 0xeb
    db 0x16, 0xf6, 0x06, 0xa8, 0x8d, 0x02, 0x75, 0x74
    db 0xe8, 0xca, 0x88, 0xa8, 0x10, 0x74, 0x03, 0xeb
    db 0x78, 0x90, 0x52, 0xe8, 0xae, 0x88, 0x5a, 0x8a
    db 0xc2, 0x3c, 0xfa, 0x74, 0x31, 0x3c, 0xfc, 0x74
    db 0x2d, 0x3c, 0x2f, 0x74, 0x29, 0x3c, 0x26, 0x74
    db 0x25, 0xe8, 0xcb, 0x02, 0x74, 0x2c, 0xe8, 0x31
    db 0x03, 0x74, 0x30, 0x3c, 0xee, 0x74, 0x30, 0x3c
    db 0xdc, 0x73, 0xc6, 0x3c, 0x20, 0x72, 0xc2, 0x74
    db 0x28, 0xbe, 0x28, 0x7f, 0x8a, 0xc2, 0x88, 0x04
    db 0x46, 0xc6, 0x04, 0x00, 0xeb, 0x44, 0xbe, 0xa8
    db 0x8d, 0x80, 0x0e, 0xa8, 0x8d, 0x04, 0xb2, 0x31
    db 0xeb, 0xe7, 0xe8, 0x24, 0xc4, 0x75, 0x1d, 0xb2
    db 0x0a, 0xeb, 0xde, 0xb2, 0x2d, 0xeb, 0xda, 0xb2
    db 0x09, 0x52, 0xb2, 0x32, 0xb4, 0x04, 0xe8, 0x3a
    db 0xc0, 0x80, 0xfa, 0x23, 0x75, 0x03, 0xe8, 0x45
    db 0x02, 0x5a, 0xeb, 0xc5, 0xc6, 0x06, 0xa8, 0x8d
    db 0x00, 0xe8, 0x81, 0x71, 0x0a, 0xc0, 0xe9, 0x63
    db 0x01, 0x80, 0x0e, 0xa8, 0x8d, 0x02, 0xb2, 0x20
    db 0xeb, 0xaf, 0xb9, 0x21, 0x00, 0xbf, 0x7f, 0x75
    db 0xbe, 0x28, 0x7f, 0x06, 0xbd, 0x00, 0x00, 0x8e
    db 0xc5, 0xfc, 0xf3, 0xa4, 0x07, 0x8b, 0xd7, 0xbe
    db 0x28, 0x7f, 0xc6, 0x06, 0x39, 0x8e, 0x00, 0xe8
    db 0xc1, 0x04, 0x9f, 0x50, 0x80, 0x3e, 0x7f, 0x75
    db 0x28, 0x75, 0x07, 0xb2, 0x1c, 0xb4, 0x04, 0xe8
    db 0xe9, 0xbf, 0xbe, 0xa8, 0x8d, 0xf6, 0x04, 0x04
    db 0x9f, 0x80, 0x24, 0xfb, 0x9e, 0x75, 0x02, 0xeb
    db 0x07, 0xb2, 0x30, 0xb4, 0x04, 0xe8, 0xd3, 0xbf
    db 0x58, 0x9e, 0x72, 0x03, 0xe9, 0x22, 0xff, 0x80
    db 0x3e, 0xa7, 0x8d, 0x84, 0x75, 0x03, 0xe9, 0x18
    db 0xff, 0xa0, 0x39, 0x8e, 0x3c, 0x7d, 0x75, 0x03
    db 0xe9, 0x0e, 0xff, 0x3c, 0x45, 0x74, 0x0e, 0x3c
    db 0x46, 0x75, 0x03, 0xe9, 0x93, 0x00, 0xe9, 0xb9
    db 0x00, 0x9f, 0x50, 0xeb, 0xcc, 0xbe, 0x7f, 0x75
    db 0x8a, 0x04, 0xe8, 0x6c, 0x01, 0x72, 0x39, 0x3c
    db 0x28, 0x74, 0xee, 0xe8, 0x91, 0x01, 0xe8, 0x8e
    db 0x01, 0xe8, 0x61, 0x01, 0x72, 0x46, 0x3c, 0x2e
    db 0x74, 0x42, 0x3c, 0x27, 0x74, 0x3e, 0xe8, 0x7e
    db 0x01, 0xe8, 0x51, 0x01, 0x73, 0xf8, 0xe8, 0xa4
    db 0x87, 0xe8, 0x90, 0x87, 0xe8, 0x9e, 0x87, 0xe8
    db 0x8a, 0x87, 0xe8, 0x98, 0x87, 0xe8, 0x84, 0x87
    db 0xb0, 0x48, 0xa2, 0x39, 0x8e, 0xeb, 0x73, 0x90
    db 0xe8, 0x5c, 0x01, 0xe8, 0x59, 0x01, 0xe8, 0x37
    db 0x01, 0x72, 0x11, 0x8a, 0xc2, 0xe8, 0x9f, 0x01
    db 0x74, 0x1f, 0xe8, 0x05, 0x02, 0x74, 0x02, 0xeb
    db 0x28, 0xe8, 0x43, 0x01, 0xe8, 0x36, 0x03, 0xe8
    db 0x6b, 0x87, 0xe8, 0x57, 0x87, 0xe8, 0x37, 0x01
    db 0x75, 0x11, 0xe8, 0x82, 0x01, 0x74, 0x02, 0xeb
    db 0x0a, 0xe8, 0x2b, 0x01, 0x75, 0x05, 0xe8, 0xe1
    db 0x01, 0x74, 0x16, 0xe8, 0x4f, 0x87, 0xe8, 0x3b
    db 0x87, 0xe8, 0x49, 0x87, 0xe8, 0x35, 0x87, 0xeb
    db 0x08, 0xe8, 0x13, 0x01, 0xe8, 0x60, 0x01, 0x74
    db 0xf8, 0xe8, 0x01, 0x03, 0xe8, 0x82, 0x09, 0xe8
    db 0xae, 0x01, 0xb9, 0x21, 0x00, 0xbf, 0x7f, 0x75
    db 0xbe, 0x28, 0x7f, 0x06, 0xbd, 0x00, 0x00, 0x8e
    db 0xc5, 0xfc, 0xf3, 0xa4, 0x07, 0x8b, 0xd7, 0xe8
    db 0x91, 0x0a, 0xe8, 0x14, 0x56, 0xa0, 0x39, 0x8e
    db 0x3c, 0x41, 0x74, 0x24, 0x3c, 0x42, 0x74, 0x20
    db 0x3c, 0x47, 0x74, 0x1c, 0x3c, 0x48, 0x74, 0x18
    db 0x3c, 0x44, 0x74, 0x14, 0x3c, 0x49, 0x73, 0x10
    db 0xe8, 0xb3, 0x01, 0xf9, 0xeb, 0x0e, 0xbe, 0x7f
    db 0x75, 0x8a, 0x04, 0xe8, 0x97, 0x00, 0x72, 0xf0
    db 0xe8, 0xbc, 0x00, 0xf9, 0x9f, 0x50, 0xe8, 0x7d
    db 0xc2, 0x58, 0x9e, 0xc3, 0xa0, 0x39, 0x8e, 0x3c
    db 0x45, 0x74, 0x32, 0x3c, 0x42, 0x74, 0x1e, 0x3c
    db 0x43, 0x74, 0x1a, 0x3c, 0x44, 0x74, 0x16, 0x3c
    db 0x46, 0x74, 0x0c, 0x3c, 0x47, 0x74, 0x0e, 0x3c
    db 0x48, 0x74, 0x0a, 0x3c, 0x49, 0xeb, 0x06, 0xe8
    db 0x4b, 0x1a, 0xe8, 0x8a, 0x00, 0xe8, 0xb5, 0x86
    db 0xa8, 0x10, 0x74, 0x03, 0xe9, 0x62, 0xfe, 0xe8
    db 0x9a, 0x86, 0xe9, 0xd4, 0xfd, 0xe8, 0xa5, 0x86
    db 0x52, 0xe8, 0x90, 0x86, 0x5a, 0x8a, 0xc2, 0xe8
    db 0x4e, 0x00, 0x73, 0xf1, 0xe8, 0x96, 0x86, 0xa8
    db 0x10, 0x74, 0x03, 0xe9, 0x43, 0xfe, 0x52, 0xe8
    db 0x7a, 0x86, 0x5a, 0x8a, 0xc2, 0x3c, 0xdc, 0x73
    db 0xeb, 0xe8, 0x34, 0x00, 0x72, 0xe6, 0x8a, 0xc2
    db 0xe8, 0x07, 0x01, 0x74, 0x02, 0xeb, 0x0c, 0xe8
    db 0x7a, 0x00, 0x72, 0xd8, 0x8a, 0xc2, 0xe8, 0x27
    db 0x00, 0x72, 0x09, 0xe8, 0x50, 0x00, 0xe8, 0x36
    db 0x00, 0xe9, 0x8d, 0xfd, 0xe8, 0xee, 0x19, 0xeb
    db 0xf8, 0x3c, 0x0a, 0x74, 0x28, 0x3c, 0x20, 0x74
    db 0x24, 0xe8, 0xde, 0x00, 0x74, 0x1f, 0xeb, 0x08
    db 0x3c, 0x2e, 0x74, 0x19, 0x3c, 0x27, 0x74, 0x15
    db 0x50, 0x53, 0x8a, 0xd8, 0xb7, 0x00, 0x81, 0xc3
    db 0x4d, 0xe8, 0x2e, 0x8a, 0x07, 0x5b, 0x24, 0x0f
    db 0x3c, 0x08, 0x58, 0xf5, 0xc3, 0xf9, 0xc3, 0xe8
    db 0x27, 0x86, 0xa8, 0x10, 0x75, 0x0d, 0x52, 0xe8
    db 0x16, 0x86, 0x5a, 0x8a, 0xc2, 0x3c, 0xdc, 0x73
    db 0xee, 0x32, 0xc0, 0x8a, 0xc2, 0xc3, 0xbe, 0x7f
    db 0x75, 0x8a, 0x04, 0x0a, 0xc0, 0x74, 0x03, 0x46
    db 0xeb, 0xf7, 0x4e, 0x8a, 0x04, 0xbe, 0xa8, 0x8d
    db 0x3c, 0x2e, 0x74, 0x04, 0xe8, 0x8e, 0x19, 0xc3
    db 0xe8, 0x8e, 0x19, 0xc3, 0xe8, 0xf6, 0x85, 0x52
    db 0xe8, 0xe1, 0x85, 0x5a, 0x8a, 0xc2, 0xe8, 0x0e
    db 0x00, 0x74, 0x08, 0x52, 0xe8, 0xb8, 0xff, 0x5a
    db 0x32, 0xc0, 0xc3, 0x32, 0xc0, 0xf9, 0xc3, 0x3c
    db 0x0c, 0x75, 0x01, 0xc3, 0x3c, 0xdb, 0x75, 0x01
    db 0xc3, 0x0a, 0xc0, 0xc3, 0xe8, 0x96, 0x01, 0xa0
    db 0x4a, 0x79, 0x3c, 0xda, 0x74, 0x3b, 0xe8, 0x10
    db 0x08, 0x73, 0x07, 0xe8, 0xef, 0x6e, 0x0a, 0xc0
    db 0xeb, 0x27, 0xe8, 0x33, 0x00, 0x75, 0xef, 0xb9
    db 0x21, 0x00, 0xbf, 0x7f, 0x75, 0xbe, 0x28, 0x7f
    db 0xfc, 0x06, 0xbd, 0x00, 0x00, 0x8e, 0xc5, 0xfc
    db 0xf3, 0xa4, 0x07, 0x8b, 0xd7, 0xe8, 0x3b, 0x02
    db 0x73, 0xd4, 0xe8, 0x94, 0x54, 0xe8, 0x4e, 0x00
    db 0xf9, 0x9f, 0x50, 0xe8, 0x28, 0xc1, 0x58, 0x9e
    db 0xc3, 0xe8, 0xd5, 0x07, 0x73, 0xc0, 0xeb, 0xc3
    db 0xb5, 0x21, 0xbe, 0x28, 0x7f, 0x8a, 0x04, 0x0a
    db 0xc0, 0x75, 0x01, 0xc3, 0x46, 0xfe, 0xcd, 0x75
    db 0xf4, 0xc3, 0x3c, 0xd8, 0x74, 0x06, 0x3c, 0xd7
    db 0x74, 0x02, 0x3c, 0x2d, 0xc3, 0xe8, 0xb8, 0xc1
    db 0x74, 0x03, 0xe9, 0x9d, 0x00, 0x24, 0x0f, 0x3c
    db 0x05, 0x74, 0xf2, 0x3c, 0x07, 0x74, 0xee, 0x3c
    db 0x04, 0x74, 0x07, 0x3c, 0x08, 0x73, 0x03, 0xe9
    db 0x88, 0x00, 0xe8, 0x97, 0x00, 0xc3, 0xe8, 0x93
    db 0x00, 0x32, 0xc0, 0xa2, 0x4c, 0x79, 0xe8, 0x8f
    db 0xc1, 0x74, 0x01, 0xc3, 0x24, 0x0f, 0x3c, 0x08
    db 0x72, 0xf4, 0xe8, 0xa6, 0xc1, 0x74, 0x01, 0xc3
    db 0xa0, 0xe5, 0x75, 0x0a, 0xc0, 0x75, 0xf3, 0xc3
    db 0xe8, 0x78, 0xc2, 0xe8, 0x95, 0xc1, 0x74, 0x01
    db 0xc3, 0x8a, 0xc2, 0xa2, 0x76, 0x75, 0xe8, 0x8a
    db 0xc1, 0x74, 0x01, 0xc3, 0x8a, 0xc2, 0x3c, 0xd1
    db 0x75, 0x01, 0xc3, 0xe8, 0xd6, 0xc0, 0x3c, 0x05
    db 0x75, 0x34, 0xa0, 0x76, 0x75, 0x3c, 0xdb, 0x75
    db 0x01, 0xc3, 0x80, 0x0e, 0xe2, 0x75, 0x01, 0xe8
    db 0x69, 0xc1, 0x74, 0x01, 0xc3, 0xe8, 0xbc, 0xc0
    db 0x3c, 0x00, 0x75, 0x01, 0xc3, 0x3c, 0x04, 0x74
    db 0xee, 0x3c, 0x07, 0x74, 0xea, 0x3c, 0x08, 0x73
    db 0x01, 0xc3, 0xe8, 0x27, 0x00, 0xe8, 0x21, 0x07
    db 0x72, 0x03, 0xe8, 0x5f, 0x01, 0xc3, 0x8a, 0xd0
    db 0xa0, 0x76, 0x75, 0x3c, 0x2d, 0x8a, 0xc2, 0x75
    db 0xd7, 0xc3, 0xb0, 0x50, 0xa2, 0x4c, 0x79, 0xe8
    db 0x31, 0xc1, 0x74, 0x01, 0xc3, 0xe8, 0x84, 0xc0
    db 0x3c, 0x08, 0x72, 0xee, 0xb0, 0x50, 0xa2, 0x4c
    db 0x79, 0x80, 0x26, 0xe2, 0x75, 0xad, 0xe8, 0x1a
    db 0xc1, 0x75, 0x4a, 0x8a, 0xc2, 0x3c, 0xd1, 0x74
    db 0xf5, 0xbe, 0xe2, 0x75, 0x3c, 0x2e, 0x74, 0x04
    db 0x3c, 0x27, 0x75, 0x0a, 0xf6, 0x04, 0x40, 0x75
    db 0x4c, 0x80, 0x0c, 0x40, 0xeb, 0x03, 0x80, 0x24
    db 0xbf, 0xe8, 0x50, 0xc0, 0x3c, 0x07, 0x73, 0xd6
    db 0x3c, 0x00, 0x75, 0x39, 0xe8, 0xec, 0xc0, 0x74
    db 0x01, 0xc3, 0xe8, 0x3f, 0xc0, 0x3c, 0x05, 0x75
    db 0x2c, 0xf6, 0x06, 0xb4, 0x8d, 0x80, 0x75, 0x25
    db 0xbe, 0xe2, 0x75, 0xf6, 0x04, 0x10, 0x75, 0x1d
    db 0x80, 0x0c, 0x10, 0xeb, 0xb1, 0x80, 0x0e, 0xe2
    db 0x75, 0x01, 0xc3, 0xe8, 0xc5, 0xc0, 0x75, 0xf5
    db 0x8a, 0xc2, 0x3c, 0xd1, 0x74, 0xf5, 0xe8, 0x13
    db 0xc0, 0x3c, 0x00, 0x74, 0xc7, 0x3c, 0x06, 0x74
    db 0xea, 0xe8, 0x8c, 0xc0, 0xc3, 0xb0, 0x50, 0xa2
    db 0x4c, 0x79, 0xe8, 0x83, 0xc0, 0x75, 0x0a, 0x24
    db 0x0f, 0x3c, 0x00, 0x75, 0x04, 0xe8, 0xbd, 0xfe
    db 0xc3, 0xe8, 0x97, 0xc0, 0xe8, 0x6d, 0xff, 0xc3
    db 0xa0, 0x12, 0x78, 0x0a, 0xc0, 0x74, 0x39, 0x3c
    db 0xc6, 0x74, 0x35, 0x3c, 0x12, 0x74, 0x31, 0x3c
    db 0x13, 0x74, 0x2d, 0x3c, 0xea, 0x74, 0x29, 0xe8
    db 0xaf, 0x2a, 0x6e, 0x39, 0x6e, 0x1e, 0x6e, 0x02
    db 0x00, 0xe8, 0x4f, 0xc1, 0xe8, 0x6c, 0xc0, 0x75
    db 0x0c, 0xe8, 0x67, 0xc0, 0x75, 0x07, 0xe8, 0xbb
    db 0xbf, 0x3c, 0x05, 0x74, 0x21, 0xe8, 0x91, 0x2a
    db 0x1c, 0x72, 0x02, 0x72, 0x1e, 0x70, 0x39, 0x00
    db 0xbe, 0xe0, 0x75, 0xbf, 0xe1, 0x75, 0xb9, 0x20
    db 0x00, 0xfd, 0x06, 0x8c, 0xdd, 0x8e, 0xc5, 0xf3
    db 0xa4, 0x07, 0x8b, 0xd7, 0xeb, 0x50, 0x32, 0xc0
    db 0xa2, 0x4c, 0x79, 0xe8, 0x35, 0xc0, 0x75, 0xd5
    db 0xe8, 0x89, 0xbf, 0x3c, 0x07, 0x74, 0xef, 0x3c
    db 0x04, 0x75, 0x0c, 0xe8, 0x25, 0xc0, 0x75, 0xc5
    db 0xe8, 0x79, 0xbf, 0x3c, 0x04, 0x74, 0xbe, 0x3c
    db 0x08, 0x72, 0xba, 0x33, 0xc0, 0xa3, 0xc1, 0x75
    db 0xe8, 0xd7, 0xfe, 0x80, 0x0e, 0xe2, 0x75, 0x01
    db 0xe8, 0xde, 0x05, 0xbe, 0x28, 0x7f, 0xbf, 0xc2
    db 0x75, 0xb9, 0x20, 0x00, 0xfc, 0xf3, 0xa4, 0x8b
    db 0xd7, 0xe8, 0x33, 0xc0, 0xe8, 0x2a, 0x2a, 0x72
    db 0x02, 0x72, 0x1e, 0x70, 0x39, 0x00, 0x32, 0xc0
    db 0xa2, 0xe5, 0x75, 0xc3, 0xe8, 0xe9, 0xfd, 0x74
    db 0x03, 0x32, 0xc0, 0xc3, 0xbe, 0x28, 0x7f, 0xb2
    db 0x15, 0xeb, 0x0e, 0xb2, 0x16, 0x80, 0x3e, 0x3e
    db 0x8e, 0x00, 0x75, 0x02, 0xb2, 0x2a, 0xbe, 0x28
    db 0x7f, 0xe8, 0x0c, 0x00, 0x8a, 0xc2, 0xa2, 0x39
    db 0x8e, 0x0a, 0xc0, 0x75, 0x01, 0xc3, 0xf9, 0xc3
    db 0x80, 0x3e, 0x3e, 0x8e, 0x00, 0x75, 0x09, 0xbe
    db 0x28, 0x7f, 0xb4, 0x04, 0xe8, 0x0c, 0xbb, 0xc3
    db 0x52, 0xe8, 0xa7, 0x06, 0xbe, 0xb4, 0x8d, 0xf6
    db 0x04, 0x20, 0x75, 0x0a, 0x5a, 0xbe, 0x28, 0x7f
    db 0xb4, 0x04, 0xe8, 0xf6, 0xba, 0xc3, 0x87, 0xd6
    db 0xc6, 0x04, 0x00, 0x56, 0xbe, 0x28, 0x7f, 0xb2
    db 0x04, 0xb4, 0x04, 0xe8, 0xe5, 0xba, 0x5e, 0x0a
    db 0xf6, 0x75, 0x10, 0x56, 0x46, 0xb2, 0x04, 0xb4
    db 0x04, 0xe8, 0xd7, 0xba, 0x5e, 0x0a, 0xf6, 0x75
    db 0x02, 0x58, 0xc3, 0x8b, 0xd6, 0x42, 0x8b, 0xfa
    db 0x8a, 0x05, 0x0a, 0xc0, 0x74, 0x06, 0x88, 0x04
    db 0x42, 0x46, 0xeb, 0xf2, 0x88, 0x04, 0xeb, 0xbc
    db 0xe8, 0xd3, 0x76, 0x73, 0x03, 0xe9, 0x07, 0x15
    db 0xbe, 0xb4, 0x8d, 0x80, 0x24, 0x7f, 0xe8, 0x57
    db 0xbe, 0xe8, 0x01, 0x6c, 0xe8, 0x7a, 0xbe, 0xe8
    db 0x31, 0x54, 0xe8, 0x44, 0xad, 0xe8, 0x5d, 0xfd
    db 0xe8, 0x0e, 0x05, 0xe8, 0x78, 0xfd, 0xe8, 0xec
    db 0x6b, 0xe8, 0x34, 0xfd, 0x74, 0x03, 0xeb, 0x69
    db 0x90, 0xbe, 0x28, 0x7f, 0x8a, 0x04, 0x0a, 0xc0
    db 0x75, 0x03, 0xe9, 0x8c, 0x00, 0xba, 0xba, 0x8d
    db 0xe8, 0x29, 0x18, 0xbe, 0xba, 0x8d, 0xe8, 0x01
    db 0x18, 0xe8, 0xba, 0x00, 0xbe, 0x39, 0x00, 0xe8
    db 0x88, 0x9d, 0xb1, 0x01, 0xba, 0xa0, 0x75, 0xe8
    db 0xac, 0x98, 0xe8, 0x26, 0x18, 0xe8, 0xd0, 0xb9
    db 0x03, 0x48, 0xd9, 0x31, 0x27, 0xd9, 0x32, 0x30
    db 0xd9, 0x33, 0x78, 0xd9, 0x38, 0x27, 0xd9, 0x39
    db 0x27, 0xd9, 0xda, 0x48, 0xd9, 0xff, 0x09, 0xd9
    db 0xe8, 0xa1, 0x07, 0x3c, 0x01, 0x74, 0xca, 0xeb
    db 0x18, 0xbe, 0xba, 0x8d, 0xbf, 0x7f, 0x75, 0xb9
    db 0x20, 0x00, 0x06, 0xbd, 0x00, 0x00, 0x8e, 0xc5
    db 0xfc, 0xf3, 0xa4, 0x07, 0x8b, 0xd7, 0xe8, 0x57
    db 0x17, 0xe8, 0xc5, 0xac, 0xe8, 0xc8, 0x06, 0x74
    db 0x1f, 0xe8, 0xda, 0xbd, 0xeb, 0x1d, 0xe8, 0xee
    db 0xbe, 0xa0, 0xea, 0x75, 0xa2, 0x0e, 0x79, 0x8b
    db 0x36, 0xe8, 0x75, 0x89, 0x36, 0xf3, 0x78, 0x8b
    db 0x36, 0xe6, 0x75, 0x89, 0x36, 0xd7, 0x78, 0xc3
    db 0xe8, 0xe3, 0xff, 0xe8, 0x4f, 0x6b, 0xe9, 0x27
    db 0x13, 0xe8, 0x95, 0xac, 0xe8, 0xaf, 0xbd, 0xe8
    db 0x43, 0x6b, 0xe9, 0x3f, 0x00, 0xff, 0x0c, 0x0a
    db 0x00, 0x1f, 0x00, 0xc1, 0x01, 0x00, 0x00, 0x00
    db 0xff, 0x0c, 0x09, 0x00, 0x1f, 0x00, 0xc1, 0x01
    db 0x03, 0x00, 0x0f, 0xff, 0x0c, 0x09, 0x00, 0x1f
    db 0x00, 0xc1, 0x01, 0x03, 0x00, 0x00, 0xff, 0x0c
    db 0x0a, 0x00, 0x1f, 0x00, 0xc1, 0x01, 0x00, 0x00
    db 0x0f, 0xbe, 0x9a, 0xd9, 0xeb, 0x03, 0xbe, 0x84
    db 0xd9, 0x8c, 0xca, 0xb9, 0x16, 0x00, 0x9a, 0x06
    db 0x68, 0x00, 0xc0, 0xc3, 0xc6, 0x06, 0x34, 0x8e
    db 0x00, 0xe8, 0xba, 0x75, 0x73, 0x03, 0xe9, 0xee
    db 0x13, 0xbe, 0xb4, 0x8d, 0xbe, 0x3a, 0x00, 0xe8
    db 0xb0, 0x9c, 0xbe, 0x13, 0x8e, 0x89, 0x36, 0x11
    db 0x8e, 0xb2, 0x09, 0xb4, 0x04, 0xe8, 0x83, 0xb9
    db 0x8a, 0xc2, 0xa2, 0xb5, 0x8d, 0xa2, 0xb6, 0x8d
    db 0x0a, 0xc0, 0x74, 0x58, 0xc6, 0x06, 0xa9, 0x8d
    db 0x00, 0xc6, 0x06, 0xaa, 0x8d, 0x00, 0xc6, 0x06
    db 0xab, 0x8d, 0x00, 0xb0, 0x10, 0xa2, 0xb7, 0x8d
    db 0xe8, 0x52, 0x03, 0x72, 0x1d, 0xa0, 0xb8, 0x8d
    db 0xa2, 0xb9, 0x8d, 0xe8, 0x53, 0x02, 0xe8, 0x72
    db 0xbe, 0x74, 0x0f, 0xfe, 0x06, 0xaa, 0x8d, 0xfe
    db 0x06, 0xa9, 0x8d, 0x80, 0x3e, 0xa9, 0x8d, 0x06
    db 0x72, 0xde, 0xc6, 0x06, 0xaa, 0x8d, 0x00, 0xc6
    db 0x06, 0xa9, 0x8d, 0x00, 0xbe, 0x13, 0x8e, 0x89
    db 0x36, 0x11, 0x8e, 0xb2, 0x09, 0xb4, 0x04, 0xe8
    db 0x29, 0xb9, 0x8a, 0xc2, 0xa2, 0xb5, 0x8d, 0xa2
    db 0xb6, 0x8d, 0xeb, 0x15, 0xbe, 0x3e, 0x00, 0xe8
    db 0x38, 0x9c, 0xb1, 0x01, 0xe8, 0x4e, 0x97, 0xa0
    db 0x4a, 0x79, 0x3c, 0x03, 0x75, 0xee, 0xe9, 0x3f
    db 0x12, 0xb0, 0x10, 0xa2, 0xb7, 0x8d, 0xe8, 0xf4
    db 0x02, 0x72, 0xe1, 0x80, 0x3e, 0x34, 0x8e, 0x00
    db 0x75, 0x06, 0xa0, 0xb8, 0x8d, 0xa2, 0xb9, 0x8d
    db 0xe8, 0xee, 0x01, 0xbe, 0x3e, 0x00, 0xe8, 0x09
    db 0x9c, 0xc6, 0x06, 0x34, 0x8e, 0x00, 0xb1, 0x01
    db 0xe8, 0x5b, 0x98, 0xe8, 0x52, 0xb8, 0x03, 0x9f
    db 0xec, 0x10, 0xa2, 0xda, 0x11, 0xa9, 0xda, 0x12
    db 0xc4, 0xda, 0x13, 0xe7, 0xda, 0x08, 0x3d, 0xdb
    db 0xff, 0x7a, 0xda, 0xe8, 0xc4, 0xbd, 0x75, 0xd0
    db 0xeb, 0x1b, 0xe8, 0xc9, 0xbd, 0x73, 0xc9, 0xa0
    db 0xb6, 0x8d, 0x3a, 0x06, 0xb5, 0x8d, 0x74, 0xc0
    db 0xc6, 0x06, 0xb9, 0x8d, 0x01, 0xc6, 0x06, 0x34
    db 0x8e, 0x01, 0xeb, 0x24, 0x90, 0xe8, 0xc3, 0xbd
    db 0x74, 0xae, 0xfe, 0x06, 0xab, 0x8d, 0xe8, 0x98
    db 0x01, 0x80, 0x3e, 0xa9, 0x8d, 0x05, 0x75, 0x05
    db 0xe8, 0xc3, 0x26, 0xeb, 0x04, 0xfe, 0x06, 0xa9
    db 0x8d, 0xfe, 0x06, 0xaa, 0x8d, 0xe9, 0x79, 0xff
    db 0xa0, 0xb6, 0x8d, 0x3a, 0x06, 0xb5, 0x8d, 0x74
    db 0x87, 0xa0, 0xb8, 0x8d, 0x0a, 0xc0, 0x74, 0x0e
    db 0xfe, 0xc8, 0x74, 0x0a, 0x8a, 0xe8, 0xe8, 0xff
    db 0x06, 0x75, 0x03, 0xe9, 0x46, 0xff, 0x8b, 0x36
    db 0x11, 0x8e, 0x4e, 0x89, 0x36, 0x11, 0x8e, 0x8a
    db 0x04, 0x8a, 0xe8, 0xfe, 0xc5, 0xe8, 0xe8, 0x06
    db 0x75, 0x03, 0xe9, 0x2f, 0xff, 0xe8, 0xfb, 0x06
    db 0xfe, 0x0e, 0xab, 0x8d, 0xe8, 0x42, 0x01, 0x80
    db 0x3e, 0xa9, 0x8d, 0x00, 0x75, 0x05, 0xe8, 0x7b
    db 0x26, 0xeb, 0x04, 0xfe, 0x0e, 0xa9, 0x8d, 0xfe
    db 0x0e, 0xaa, 0x8d, 0xe9, 0x23, 0xff, 0xbe, 0x00
    db 0x58, 0xb9, 0x08, 0x00, 0x03, 0xf1, 0xba, 0xdb
    db 0x8d, 0x8a, 0x04, 0x3c, 0xf2, 0x74, 0x03, 0x46
    db 0xeb, 0xf7, 0x46, 0x46, 0x8a, 0x04, 0x3c, 0xf3
    db 0x74, 0x0b, 0x3c, 0xe0, 0x74, 0xf5, 0x8b, 0xfa
    db 0x88, 0x05, 0x42, 0xeb, 0xee, 0x32, 0xc0, 0x8b
    db 0xfa, 0x88, 0x05, 0xbe, 0xdb, 0x8d, 0xb2, 0x08
    db 0xb4, 0x04, 0xe8, 0xf6, 0xb7, 0x80, 0xfa, 0x00
    db 0x74, 0x03, 0xe9, 0x47, 0xfe, 0xa0, 0xb8, 0x8d
    db 0x2a, 0x06, 0xb9, 0x8d, 0xa2, 0xac, 0x8d, 0xa1
    db 0x11, 0x8e, 0xa3, 0xaf, 0x8d, 0xa0, 0xab, 0x8d
    db 0xa2, 0xb1, 0x8d, 0xc6, 0x06, 0xab, 0x8d, 0x07
    db 0xb2, 0x09, 0xb4, 0x04, 0xe8, 0xcc, 0xb7, 0xfe
    db 0x0e, 0xb5, 0x8d, 0x74, 0xd5, 0xfe, 0x0e, 0xb6
    db 0x8d, 0xa0, 0xb5, 0x8d, 0x2a, 0x06, 0xb6, 0x8d
    db 0x8a, 0xc8, 0x32, 0xed, 0x89, 0x0e, 0xad, 0x8d
    db 0xe8, 0x9b, 0x00, 0xb0, 0x10, 0xa2, 0xb7, 0x8d
    db 0xe8, 0x9a, 0x01, 0xa0, 0xb8, 0x8d, 0xa2, 0xb9
    db 0x8d, 0xe8, 0x9d, 0x00, 0xa0, 0xb6, 0x8d, 0x50
    db 0xeb, 0x13, 0xe8, 0x88, 0x01, 0xa0, 0xb8, 0x8d
    db 0xa2, 0xb9, 0x8d, 0xe8, 0x8b, 0x00, 0xa0, 0xb8
    db 0x8d, 0x0a, 0xc0, 0x74, 0x22, 0xe8, 0xa3, 0xbc
    db 0x75, 0x0e, 0xa2, 0xb6, 0x8d, 0x8b, 0x36, 0x11
    db 0x8e, 0x88, 0x04, 0x46, 0x89, 0x36, 0x11, 0x8e
    db 0xfe, 0x06, 0xaa, 0x8d, 0xfe, 0x06, 0xa9, 0x8d
    db 0x80, 0x3e, 0xa9, 0x8d, 0x06, 0x72, 0xcb, 0x58
    db 0xa2, 0xb6, 0x8d, 0xb2, 0x09, 0xb4, 0x04, 0xe8
    db 0x59, 0xb7, 0x8b, 0x0e, 0xad, 0x8d, 0xe8, 0x3d
    db 0x00, 0xe8, 0x41, 0x01, 0xa0, 0xb8, 0x8d, 0xa2
    db 0xb9, 0x8d, 0xa0, 0xb1, 0x8d, 0xa2, 0xab, 0x8d
    db 0xa2, 0xaa, 0x8d, 0xa2, 0xa9, 0x8d, 0xa1, 0xaf
    db 0x8d, 0xa3, 0x11, 0x8e, 0xa0, 0xb9, 0x8d, 0x0a
    db 0xc0, 0x74, 0x15, 0xa0, 0xac, 0x8d, 0x0a, 0xc0
    db 0x74, 0x0b, 0xe8, 0x25, 0xbc, 0x74, 0x0c, 0xfe
    db 0x0e, 0xac, 0x8d, 0xeb, 0xee, 0xe9, 0x28, 0xfe
    db 0xe9, 0x57, 0xfe, 0xe9, 0x6f, 0xfe, 0x0b, 0xc9
    db 0x74, 0x0e, 0x51, 0xbe, 0xdb, 0x8d, 0xb2, 0x10
    db 0xb4, 0x04, 0xe8, 0x06, 0xb7, 0x59, 0xe2, 0xee
    db 0xc3, 0xbe, 0xd8, 0xdd, 0xbf, 0x00, 0x58, 0x06
    db 0x1e, 0x8c, 0xcd, 0x8e, 0xdd, 0xbd, 0x00, 0x00
    db 0x8e, 0xc5, 0xb9, 0x03, 0x00, 0xfc, 0xf3, 0xa4
    db 0x1f, 0xa0, 0xa9, 0x8d, 0x02, 0xc0, 0x04, 0x04
    db 0x32, 0xe4, 0xb9, 0x00, 0x04, 0xf7, 0xe1, 0xab
    db 0x05, 0xdf, 0x01, 0xab, 0xb0, 0x10, 0xaa, 0x07
    db 0x8b, 0xd7, 0xeb, 0x25, 0xc6, 0x06, 0xaa, 0x8d
    db 0x00, 0xc6, 0x06, 0xab, 0x8d, 0x00, 0xbe, 0xd0
    db 0xdd, 0xbf, 0x00, 0x58, 0x1e, 0x8c, 0xcd, 0x8e
    db 0xdd, 0xb9, 0x08, 0x00, 0x06, 0xbd, 0x00, 0x00
    db 0x8e, 0xc5, 0xfc, 0xf3, 0xa4, 0x07, 0x1f, 0x8b
    db 0xd7, 0xbe, 0x00, 0x58, 0xb9, 0x00, 0x01, 0x03
    db 0xf1, 0x87, 0xf2, 0xa0, 0xb8, 0x8d, 0x0a, 0xc0
    db 0x74, 0x65, 0x8a, 0xe8, 0xa0, 0xaa, 0x8d, 0x3a
    db 0x06, 0xab, 0x8d, 0x75, 0x0b, 0xa0, 0xb9, 0x8d
    db 0x3a, 0xc5, 0x75, 0x04, 0xc6, 0x04, 0xf2, 0x46
    db 0xc6, 0x04, 0xe0, 0x46, 0x8b, 0xfa, 0x8a, 0x05
    db 0x3c, 0x20, 0x74, 0x2b, 0x88, 0x04, 0x42, 0x46
    db 0xeb, 0xf2, 0x42, 0xa0, 0xaa, 0x8d, 0x3a, 0x06
    db 0xab, 0x8d, 0x75, 0x15, 0xa0, 0xb9, 0x8d, 0x3a
    db 0xc5, 0x75, 0x0e, 0xc6, 0x04, 0xe4, 0x46, 0xc6
    db 0x04, 0xf2, 0x46, 0xc6, 0x04, 0xe0, 0x46, 0xeb
    db 0xd3, 0xc6, 0x04, 0x20, 0x46, 0xeb, 0xcd, 0xa0
    db 0xaa, 0x8d, 0x3a, 0x06, 0xab, 0x8d, 0x75, 0x0b
    db 0xa0, 0xb9, 0x8d, 0x3a, 0xc5, 0x75, 0x04, 0xc6
    db 0x04, 0xf3, 0x46, 0xfe, 0xcd, 0x75, 0xc3, 0xc6
    db 0x04, 0x20, 0x46, 0x42, 0x56, 0xbe, 0x00, 0x58
    db 0xba, 0x58, 0x00, 0x03, 0xf2, 0x5a, 0x87, 0xf2
    db 0x56, 0x32, 0xc0, 0x2b, 0xf2, 0x5e, 0x73, 0x06
    db 0xc6, 0x04, 0x20, 0x46, 0xeb, 0xf2, 0xbe, 0x00
    db 0x58, 0xe8, 0x2e, 0x99, 0xc3, 0xbe, 0x00, 0x58
    db 0xba, 0x00, 0x01, 0x03, 0xf2, 0x56, 0xba, 0x48
    db 0x00, 0x03, 0xf2, 0x8b, 0xce, 0x5e, 0x32, 0xc0
    db 0xa2, 0xb8, 0x8d, 0x80, 0x3e, 0xb6, 0x8d, 0x00
    db 0x74, 0x50, 0x51, 0x56, 0xbe, 0xdb, 0x8d, 0x8a
    db 0x16, 0xb7, 0x8d, 0xb4, 0x04, 0xe8, 0xe3, 0xb5
    db 0x5e, 0x59, 0x8a, 0xc2, 0x3c, 0xff, 0x74, 0x3f
    db 0x56, 0x03, 0xf2, 0x32, 0xc0, 0x2b, 0xf1, 0x5e
    db 0x72, 0x0c, 0xbe, 0xdb, 0x8d, 0xb2, 0x11, 0xb4
    db 0x04, 0xe8, 0xc7, 0xb5, 0xeb, 0x24, 0xba, 0xdb
    db 0x8d, 0x8b, 0xfa, 0x8a, 0x05, 0x0a, 0xc0, 0x74
    db 0x06, 0x88, 0x04, 0x42, 0x46, 0xeb, 0xf2, 0xc6
    db 0x04, 0x20, 0x46, 0xfe, 0x06, 0xb8, 0x8d, 0xa0
    db 0xb8, 0x8d, 0x3a, 0x06, 0xb6, 0x8d, 0x74, 0x02
    db 0xeb, 0xb0, 0x32, 0xc0, 0x88, 0x04, 0xc3, 0xf9
    db 0xc3, 0x55, 0x00, 0x40, 0x20, 0x38, 0xdf, 0x39
    db 0x10, 0x55, 0x00, 0x40, 0x00, 0x10, 0xdf, 0x11
    db 0x10, 0x32, 0xc0, 0xa2, 0x4c, 0x79, 0xbe, 0x28
    db 0x7f, 0x56, 0xf6, 0x06, 0xe2, 0x75, 0x02, 0x74
    db 0x2b, 0xbe, 0xc1, 0x75, 0x8a, 0x04, 0x0a, 0xc0
    db 0x75, 0x22, 0x46, 0x8a, 0x04, 0x0a, 0xc0, 0x74
    db 0x1b, 0x5a, 0xb5, 0x20, 0x8a, 0x04, 0x0a, 0xc0
    db 0x74, 0x0a, 0x8b, 0xfa, 0x88, 0x05, 0x46, 0x42
    db 0xfe, 0xcd, 0x75, 0xf0, 0xb0, 0x7f, 0x8b, 0xfa
    db 0x88, 0x05, 0x42, 0x52, 0xe8, 0xc9, 0xb9, 0x75
    db 0x09, 0x24, 0x0f, 0x75, 0x08, 0xe8, 0x12, 0xb9
    db 0x74, 0x03, 0xe9, 0xc5, 0x00, 0xa0, 0x4c, 0x79
    db 0x3c, 0x50, 0x72, 0xe8, 0xeb, 0x08, 0xe8, 0xaf
    db 0xb9, 0x74, 0x03, 0xe9, 0x93, 0x00, 0xa0, 0x4c
    db 0x79, 0x3c, 0xf0, 0x72, 0x03, 0xe9, 0x86, 0x00
    db 0x3c, 0xe0, 0x73, 0x12, 0x3c, 0x50, 0x72, 0xe6
    db 0x8a, 0xc2, 0x24, 0x0f, 0x3c, 0x07, 0x74, 0xde
    db 0x3c, 0x08, 0x72, 0xda, 0xeb, 0x39, 0xa0, 0x76
    db 0x75, 0x3c, 0xd1, 0x74, 0xd1, 0x8a, 0xc2, 0x24
    db 0x0f, 0x3c, 0x05, 0xbe, 0xe2, 0x75, 0x74, 0x0e
    db 0x3c, 0x00, 0x75, 0xc2, 0xf6, 0x04, 0x08, 0x75
    db 0x17, 0x80, 0x0c, 0x08, 0xeb, 0xb8, 0xf6, 0x04
    db 0x01, 0x75, 0x4b, 0xf6, 0x04, 0x04, 0x75, 0x08
    db 0x80, 0x0c, 0x04, 0x5e, 0xb0, 0x7f, 0xeb, 0x2b
    db 0xb0, 0xf0, 0xa2, 0x4c, 0x79, 0xeb, 0x37, 0x5e
    db 0xa0, 0x76, 0x75, 0x3c, 0xff, 0x74, 0x1f, 0x56
    db 0xbe, 0xe2, 0x75, 0x3c, 0x2e, 0x74, 0x04, 0x3c
    db 0x27, 0x75, 0x0c, 0xf6, 0x04, 0x20, 0x75, 0x05
    db 0x80, 0x0c, 0x20, 0xeb, 0x05, 0xeb, 0xd9, 0x80
    db 0x24, 0xdf, 0x5e, 0x88, 0x04, 0x46, 0x56, 0x32
    db 0xc0, 0xba, 0xa8, 0x7f, 0x2b, 0xf2, 0x74, 0x03
    db 0xe9, 0x6b, 0xff, 0x5e, 0x4e, 0x56, 0xe8, 0x3a
    db 0xb9, 0xe8, 0xbd, 0x7c, 0xa8, 0x10, 0x75, 0x1a
    db 0x52, 0xe8, 0x88, 0xb8, 0x5a, 0x3c, 0x07, 0x75
    db 0x05, 0xe8, 0x09, 0xba, 0xeb, 0xeb, 0x3c, 0x05
    db 0x75, 0x05, 0xe8, 0x00, 0xba, 0xeb, 0x03, 0xe8
    db 0xde, 0xb9, 0x80, 0x26, 0xe2, 0x75, 0xd2, 0x5e
    db 0x4e, 0x8a, 0x04, 0x3c, 0x7f, 0x74, 0x03, 0x46
    db 0xeb, 0x05, 0x80, 0x26, 0xb4, 0x8d, 0x7f, 0x32
    db 0xc0, 0x88, 0x04, 0x80, 0x26, 0xb4, 0x8d, 0xdf
    db 0xbe, 0x28, 0x7f, 0xb5, 0x20, 0x8a, 0x04, 0x3c
    db 0x7f, 0x74, 0x0b, 0x0a, 0xc0, 0x74, 0x1e, 0x46
    db 0xfe, 0xcd, 0x75, 0xf1, 0xeb, 0x17, 0x87, 0xd6
    db 0xbe, 0xb4, 0x8d, 0x80, 0x0c, 0x20, 0xa0, 0x4a
    db 0x79, 0x3c, 0xda, 0xc6, 0x06, 0x4a, 0x79, 0x00
    db 0x74, 0x03, 0x80, 0x24, 0x7f, 0xa0, 0x4c, 0x79
    db 0x3c, 0xf0, 0xc3, 0xe8, 0x7f, 0x65, 0xe8, 0xa4
    db 0xb1, 0xe8, 0xcb, 0x00, 0x74, 0x06, 0xe8, 0x8c
    db 0x00, 0xe8, 0x11, 0x00, 0xe8, 0x6e, 0x65, 0xc3
    db 0xe8, 0xb4, 0x00, 0x75, 0x7c, 0x8a, 0xc2, 0x3c
    db 0xf5, 0x75, 0xf5, 0xeb, 0x08, 0x80, 0x26, 0xb4
    db 0x8d, 0x3f, 0xbe, 0x68, 0x7f, 0xe8, 0x9f, 0x00
    db 0x75, 0x67, 0x8a, 0xc2, 0x3c, 0xf4, 0x74, 0xe0
    db 0x56, 0xbe, 0xb4, 0x8d, 0x8a, 0xc2, 0x3c, 0x2e
    db 0x74, 0x04, 0x3c, 0x27, 0x75, 0x0d, 0xf6, 0x04
    db 0x80, 0x75, 0x05, 0x80, 0x0c, 0x80, 0xeb, 0x06
    db 0x5e, 0xeb, 0x41, 0x80, 0x24, 0x7f, 0x5e, 0x52
    db 0x56, 0xe8, 0xc8, 0xb7, 0x5e, 0x5a, 0x56, 0xbe
    db 0xb4, 0x8d, 0xf6, 0x04, 0x20, 0x74, 0x19, 0x3c
    db 0x05, 0x75, 0x15, 0xf6, 0x04, 0x40, 0x75, 0x10
    db 0x80, 0x0c, 0x40, 0x5e, 0xe8, 0x58, 0x00, 0x52
    db 0x56, 0xe8, 0xa8, 0xb7, 0x5e, 0x5a, 0xeb, 0x05
    db 0x5e, 0x3c, 0x07, 0x75, 0x07, 0x56, 0xe8, 0x07
    db 0xb9, 0x5e, 0xeb, 0xa1, 0x3c, 0x08, 0x88, 0x14
    db 0x46, 0x73, 0x9a, 0x4e, 0x56, 0xe8, 0x15, 0xb9
    db 0x5e, 0xc6, 0x04, 0x00, 0xc3, 0xe8, 0xb1, 0x7b
    db 0xa8, 0x10, 0x75, 0x17, 0x8a, 0xc2, 0x3c, 0xff
    db 0x75, 0x05, 0xe8, 0x00, 0xb9, 0xeb, 0xee, 0x3c
    db 0xf4, 0x75, 0x05, 0xe8, 0xf7, 0xb8, 0xeb, 0x03
    db 0xe8, 0xd5, 0xb8, 0xbe, 0x28, 0x7f, 0x8a, 0x04
    db 0x46, 0x8a, 0xd0, 0x0a, 0xc0, 0x75, 0x01, 0xc3
    db 0x56, 0xe8, 0xc4, 0xb8, 0x5e, 0xeb, 0xef, 0x56
    db 0xe8, 0x82, 0x7b, 0x5e, 0xa8, 0x10, 0xc3, 0xa0
    db 0x48, 0x79, 0x3c, 0x09, 0x74, 0x01, 0xc3, 0x32
    db 0xc0, 0xc3, 0xbe, 0x41, 0x00, 0xe8, 0x62, 0x96
    db 0xbe, 0x26, 0x00, 0xe8, 0x5c, 0x96, 0xe8, 0x94
    db 0x64, 0xbe, 0xa0, 0x75, 0xba, 0x7f, 0x75, 0xb1
    db 0x20, 0xe8, 0xfd, 0xb3, 0xbf, 0x68, 0x7f, 0x06
    db 0xbd, 0x00, 0x00, 0x8e, 0xc5, 0xfc, 0xf3, 0xa4
    db 0x07, 0x8b, 0xd7, 0x32, 0xc0, 0xb1, 0x01, 0xba
    db 0x7f, 0x75, 0xbe, 0x26, 0x00, 0xe8, 0x6f, 0x91
    db 0x3c, 0xda, 0x74, 0x06, 0x3c, 0x03, 0x75, 0xeb
    db 0xeb, 0x2f, 0xbf, 0x28, 0x7f, 0xbe, 0x7f, 0x75
    db 0xb9, 0x20, 0x00, 0x06, 0xbd, 0x00, 0x00, 0x8e
    db 0xc5, 0xfc, 0xf3, 0xa4, 0x07, 0x8b, 0xd7, 0xb5
    db 0x20, 0xbe, 0x47, 0x7f, 0x8a, 0x04, 0x3c, 0x20
    db 0x75, 0x05, 0x4e, 0xfe, 0xcd, 0x75, 0xf5, 0x46
    db 0xc6, 0x04, 0x00, 0xe8, 0x5f, 0xb0, 0xe8, 0xb2
    db 0xfe, 0x32, 0xc0, 0xa2, 0x4a, 0x79, 0xc3, 0xf6
    db 0x06, 0x22, 0x7f, 0x80, 0x75, 0x01, 0xc3, 0xb0
    db 0xff, 0xa2, 0x7a, 0x75, 0xe8, 0x9a, 0x21, 0x6e
    db 0x39, 0x6e, 0x1e, 0x6e, 0x20, 0x6e, 0x02, 0x6e
    db 0x04, 0x00, 0xe8, 0xbb, 0xf5, 0xe8, 0x8f, 0xb7
    db 0xe8, 0x86, 0x21, 0x72, 0x04, 0x72, 0x02, 0x72
    db 0x20, 0x72, 0x1e, 0x70, 0x39, 0x00, 0x32, 0xc0
    db 0xa2, 0x7a, 0x75, 0xc3, 0xa0, 0x4a, 0x79, 0xa2
    db 0x35, 0x8e, 0xc6, 0x06, 0x34, 0x8e, 0x00, 0xbe
    db 0x13, 0x8e, 0x89, 0x36, 0x11, 0x8e, 0xbe, 0x3f
    db 0x00, 0xe8, 0xa6, 0x95, 0xbe, 0x40, 0x00, 0xe8
    db 0xa0, 0x95, 0xbe, 0x52, 0x00, 0xe8, 0x9a, 0x95
    db 0xbf, 0x28, 0x7f, 0xbe, 0xba, 0x8d, 0xb9, 0x20
    db 0x00, 0x06, 0xbd, 0x00, 0x00, 0x8e, 0xc5, 0xfc
    db 0xf3, 0xa4, 0x07, 0x8b, 0xd7, 0x80, 0x3e, 0x35
    db 0x8e, 0x39, 0x74, 0x15, 0xb2, 0x13, 0x80, 0x3e
    db 0x35, 0x8e, 0x38, 0x74, 0x02, 0xb2, 0x12, 0xbe
    db 0x28, 0x7f, 0xb4, 0x04, 0xe8, 0x4c, 0xb2, 0xeb
    db 0x20, 0xb2, 0x18, 0xbe, 0xdb, 0x8d, 0xb4, 0x04
    db 0xe8, 0x40, 0xb2, 0xb2, 0x12, 0xbe, 0x28, 0x7f
    db 0xb4, 0x04, 0xe8, 0x36, 0xb2, 0x52, 0xb2, 0x19
    db 0xbe, 0xdb, 0x8d, 0xb4, 0x04, 0xe8, 0x2b, 0xb2
    db 0x5a, 0x8a, 0xc2, 0xa2, 0xb5, 0x8d, 0xa2, 0xb6
    db 0x8d, 0x0a, 0xc0, 0x75, 0x11, 0xbe, 0x3f, 0x00
    db 0xe8, 0x37, 0x95, 0xbe, 0x3b, 0x00, 0xe8, 0x92
    db 0xb5, 0x32, 0xc0, 0xb0, 0x01, 0xc3, 0xb0, 0x10
    db 0xa2, 0xb7, 0x8d, 0xe8, 0xf7, 0xfb, 0x72, 0xe5
    db 0x80, 0x3e, 0x34, 0x8e, 0x00, 0x75, 0x06, 0xa0
    db 0xb8, 0x8d, 0xa2, 0xb9, 0x8d, 0xe8, 0x24, 0xfb
    db 0xbe, 0x3e, 0x00, 0xe8, 0x0c, 0x95, 0xc6, 0x06
    db 0x34, 0x8e, 0x00, 0xb1, 0x01, 0xe8, 0x5e, 0x91
    db 0xe8, 0x55, 0xb1, 0x03, 0x6e, 0xe2, 0x10, 0x9f
    db 0xe1, 0x11, 0xa7, 0xe1, 0x12, 0xc2, 0xe1, 0x13
    db 0xc9, 0xe1, 0xda, 0x28, 0xe2, 0xff, 0x7d, 0xe1
    db 0xe8, 0xc7, 0xb6, 0x75, 0xd0, 0xeb, 0x1c, 0x90
    db 0xe8, 0xcb, 0xb6, 0x73, 0xc8, 0xa0, 0xb6, 0x8d
    db 0x3a, 0x06, 0xb5, 0x8d, 0x74, 0xbf, 0xc6, 0x06
    db 0xb9, 0x8d, 0x01, 0xc6, 0x06, 0x34, 0x8e, 0x01
    db 0xeb, 0x08, 0x90, 0xe8, 0xc5, 0xb6, 0x74, 0xad
    db 0xeb, 0x94, 0xa0, 0xb6, 0x8d, 0x3a, 0x06, 0xb5
    db 0x8d, 0x74, 0xa2, 0xa0, 0xb8, 0x8d, 0xfe, 0xc8
    db 0x74, 0x0a, 0x8a, 0xe8, 0xe8, 0x21, 0x00, 0x75
    db 0x03, 0xe9, 0x69, 0xff, 0xff, 0x0e, 0x11, 0x8e
    db 0x8b, 0x36, 0x11, 0x8e, 0x8a, 0x04, 0x8a, 0xe8
    db 0xfe, 0xc5, 0xe8, 0x0b, 0x00, 0x75, 0x03, 0xe9
    db 0x53, 0xff, 0xe8, 0x1e, 0x00, 0xe9, 0x5e, 0xff
    db 0xbe, 0xdb, 0x8d, 0xb2, 0x11, 0x51, 0xb4, 0x04
    db 0xe8, 0x60, 0xb1, 0x59, 0x8a, 0xc2, 0x3c, 0xff
    db 0x75, 0x01, 0xc3, 0xfe, 0xcd, 0x75, 0xe9, 0x80
    db 0xc5, 0x01, 0xc3, 0x8b, 0x36, 0x11, 0x8e, 0x8a
    db 0x04, 0x02, 0x06, 0xb6, 0x8d, 0xa2, 0xb6, 0x8d
    db 0xc3, 0xbe, 0x00, 0x58, 0xb9, 0x07, 0x00, 0x03
    db 0xf1, 0xba, 0x28, 0x7f, 0x8a, 0x04, 0x3c, 0xf2
    db 0x74, 0x03, 0x46, 0xeb, 0xf7, 0x46, 0x46, 0x8a
    db 0x04, 0x3c, 0xf3, 0x74, 0x07, 0x8b, 0xfa, 0x88
    db 0x05, 0x42, 0xeb, 0xf2, 0x32, 0xc0, 0x8b, 0xfa
    db 0x88, 0x05, 0xbe, 0xba, 0x8d, 0xba, 0x68, 0x7f
    db 0x8a, 0x04, 0x0a, 0xc0, 0x74, 0x08, 0x8b, 0xfa
    db 0x88, 0x05, 0x46, 0x42, 0xeb, 0xf2, 0x32, 0xc0
    db 0x8b, 0xfa, 0x88, 0x05, 0xe8, 0xd4, 0xfc, 0x32
    db 0xc0, 0xa2, 0x4a, 0x79, 0xc3, 0xe8, 0x0e, 0x6d
    db 0x73, 0x03, 0xe9, 0x42, 0x0b, 0xe8, 0x03, 0x00
    db 0xe9, 0x1d, 0x0a, 0xbe, 0xb4, 0x8d, 0x80, 0x24
    db 0x7f, 0xe8, 0x8c, 0xb4, 0xe8, 0x36, 0x62, 0xe8
    db 0xaf, 0xb4, 0xe8, 0x66, 0x4a, 0xe8, 0x79, 0xa3
    db 0xe8, 0x92, 0xf3, 0xe8, 0x43, 0xfb, 0xe8, 0xad
    db 0xf3, 0xe8, 0x21, 0x62, 0xe8, 0x69, 0xf3, 0x75
    db 0x26, 0xbe, 0x28, 0x7f, 0x8a, 0x04, 0x0a, 0xc0
    db 0x74, 0x1d, 0xba, 0xba, 0x8d, 0xe8, 0x64, 0x0e
    db 0xbe, 0xba, 0x8d, 0xe8, 0x3c, 0x0e, 0xbe, 0x76
    db 0x00, 0xe8, 0xc6, 0x93, 0xb1, 0x01, 0xba, 0xa0
    db 0x75, 0xe8, 0xea, 0x8e, 0xe8, 0x1c, 0x00, 0x3c
    db 0x01, 0x75, 0x09, 0xbe, 0x7a, 0x00, 0xe8, 0xb1
    db 0x93, 0xe8, 0x12, 0xb4, 0xe8, 0x32, 0xa3, 0xe8
    db 0x4c, 0xb4, 0xeb, 0x03, 0xe8, 0x6f, 0xf6, 0xe8
    db 0xdb, 0x61, 0xc3, 0xe8, 0x43, 0x02, 0x3c, 0x01
    db 0x75, 0x01, 0xc3, 0xe8, 0xfe, 0x02, 0xe8, 0x4f
    db 0x03, 0xe8, 0x45, 0x0e, 0xb1, 0x01, 0xe8, 0xe5
    db 0x8f, 0xe8, 0xdc, 0xaf, 0x03, 0x9b, 0xe7, 0x12
    db 0x2c, 0xe3, 0x13, 0x4e, 0xe3, 0x31, 0x69, 0xe3
    db 0x32, 0x6d, 0xe3, 0x33, 0x71, 0xe3, 0x34, 0x75
    db 0xe3, 0x35, 0x79, 0xe3, 0x36, 0x7d, 0xe3, 0x37
    db 0x81, 0xe3, 0x38, 0x85, 0xe3, 0x39, 0x89, 0xe3
    db 0xff, 0xf8, 0xe2, 0xeb, 0xfe, 0xa0, 0x39, 0x8e
    db 0x3c, 0x04, 0x75, 0x02, 0xeb, 0xc3, 0xa0, 0xb5
    db 0x8d, 0xb5, 0x06, 0x1a, 0xc5, 0x72, 0xba, 0xbe
    db 0x7e, 0x00, 0xe8, 0x45, 0x93, 0xbe, 0x78, 0x00
    db 0xe8, 0x3f, 0x93, 0xb0, 0x04, 0xeb, 0x0b, 0xa0
    db 0x39, 0x8e, 0x3c, 0x00, 0x75, 0x02, 0xeb, 0xa1
    db 0xb0, 0x00, 0xa2, 0x39, 0x8e, 0xa2, 0xb6, 0x8d
    db 0x32, 0xc0, 0xa2, 0x38, 0x8e, 0xe8, 0x97, 0x02
    db 0xeb, 0x8c, 0xb0, 0x01, 0xeb, 0x1e, 0xb0, 0x02
    db 0xeb, 0x1a, 0xb0, 0x03, 0xeb, 0x16, 0xb0, 0x04
    db 0xeb, 0x12, 0xb0, 0x05, 0xeb, 0x0e, 0xb0, 0x06
    db 0xeb, 0x0a, 0xb0, 0x07, 0xeb, 0x06, 0xb0, 0x08
    db 0xeb, 0x02, 0xb0, 0x09, 0x8a, 0xe8, 0xa0, 0xb5
    db 0x8d, 0x3a, 0xc5, 0x73, 0x03, 0xe9, 0x61, 0xff
    db 0x8a, 0xc5, 0xa2, 0xb6, 0x8d, 0xbe, 0x78, 0x00
    db 0xe8, 0xe7, 0x92, 0xbe, 0x7b, 0x00, 0xe8, 0xe1
    db 0x92, 0xe8, 0x2f, 0x02, 0x56, 0xbe, 0x00, 0x58
    db 0xba, 0x70, 0x03, 0x03, 0xf2, 0x89, 0x36, 0x36
    db 0x8e, 0x87, 0xd6, 0x5e, 0xb9, 0x50, 0x00, 0x8b
    db 0xfa, 0x06, 0xbd, 0x00, 0x00, 0x8e, 0xc5, 0xfc
    db 0xf3, 0xa4, 0x07, 0x8b, 0x36, 0x36, 0x8e, 0xba
    db 0xf7, 0xe7, 0x87, 0xd6, 0xb9, 0x07, 0x00, 0x8b
    db 0xfa, 0xfc, 0x1e, 0x8c, 0xcd, 0x8e, 0xdd, 0x06
    db 0xbd, 0x00, 0x00, 0x8e, 0xc5, 0xfc, 0xf3, 0xa4
    db 0x07, 0x1f, 0x8b, 0x36, 0x36, 0x8e, 0xe8, 0x99
    db 0x92, 0xc6, 0x06, 0xb9, 0x8d, 0x01, 0xbe, 0x00
    db 0x58, 0xba, 0x30, 0x02, 0x03, 0xf2, 0x8a, 0x16
    db 0xb6, 0x8d, 0xb4, 0x05, 0xe8, 0x64, 0xaf, 0xbe
    db 0x79, 0x00, 0xe8, 0x7d, 0x92, 0xbe, 0x7c, 0x00
    db 0xe8, 0x77, 0x92, 0xbe, 0x78, 0x00, 0xe8, 0x71
    db 0x92, 0xe8, 0x57, 0x02, 0xe8, 0x5b, 0x03, 0xe8
    db 0x1f, 0x0d, 0xb1, 0x01, 0xe8, 0xbf, 0x8e, 0xe8
    db 0xb6, 0xae, 0x03, 0x47, 0xe4, 0x11, 0x50, 0xe4
    db 0x10, 0x7d, 0xe4, 0x12, 0x01, 0xe5, 0x13, 0x16
    db 0xe5, 0xda, 0x28, 0xe2, 0xff, 0x1e, 0xe4, 0xc7
    db 0x06, 0x79, 0x6d, 0x1e, 0xe4, 0xe9, 0x6f, 0x1d
    db 0xbe, 0x78, 0x00, 0xe8, 0x3c, 0x92, 0xe9, 0x9a
    db 0xfe, 0x80, 0x26, 0x3c, 0x8e, 0xfe, 0xa0, 0xb9
    db 0x8d, 0x8a, 0xe8, 0xe8, 0x0c, 0xb4, 0xa0, 0xb9
    db 0x8d, 0x3a, 0xc5, 0x74, 0xba, 0xe8, 0x6f, 0x00
    db 0xe8, 0x32, 0x03, 0xf6, 0x06, 0x3c, 0x8e, 0x01
    db 0x74, 0x07, 0xfe, 0x0e, 0x38, 0x8e, 0xe8, 0x24
    db 0x03, 0xe8, 0x19, 0x03, 0xeb, 0xa1, 0x80, 0x26
    db 0x3c, 0x8e, 0xfe, 0xa0, 0xb9, 0x8d, 0x8a, 0xe8
    db 0xe8, 0xeb, 0xb3, 0xa0, 0xb9, 0x8d, 0x3a, 0xc5
    db 0x74, 0x8d, 0xe8, 0x17, 0x00, 0xe8, 0x05, 0x03
    db 0xf6, 0x06, 0x3c, 0x8e, 0x01, 0x74, 0x07, 0xfe
    db 0x06, 0x38, 0x8e, 0xe8, 0xf7, 0x02, 0xe8, 0xec
    db 0x02, 0xe9, 0x73, 0xff, 0x32, 0xc0, 0xbe, 0x00
    db 0x58, 0x46, 0x8a, 0x04, 0x3c, 0xf2, 0x75, 0xf9
    db 0xc6, 0x04, 0xf3, 0xb5, 0x02, 0x46, 0x8a, 0x04
    db 0x3c, 0x0c, 0x74, 0x0c, 0x3c, 0xf3, 0x75, 0xf5
    db 0xfe, 0xcd, 0x75, 0xf1, 0xc6, 0x04, 0xf2, 0xc3
    db 0x80, 0x0e, 0x3c, 0x8e, 0x01, 0xeb, 0xed, 0x32
    db 0xc0, 0xbe, 0x00, 0x58, 0x46, 0x8a, 0x04, 0x3c
    db 0xf2, 0x75, 0xf9, 0xc6, 0x04, 0xf3, 0xb5, 0x02
    db 0x4e, 0x8a, 0x04, 0x3c, 0x0c, 0x74, 0x0c, 0x3c
    db 0xf3, 0x75, 0xf5, 0xfe, 0xcd, 0x75, 0xf1, 0xc6
    db 0x04, 0xf2, 0xc3, 0x80, 0x0e, 0x3c, 0x8e, 0x01
    db 0xeb, 0xed, 0xa0, 0xb6, 0x8d, 0xfe, 0xc0, 0x8a
    db 0xe8, 0xa0, 0x3d, 0x8e, 0x1a, 0xc5, 0x73, 0x03
    db 0xe9, 0x0c, 0xff, 0x8a, 0xc5, 0xeb, 0x0c, 0xa0
    db 0xb6, 0x8d, 0x3c, 0x01, 0x75, 0x03, 0xe9, 0xfe
    db 0xfe, 0xfe, 0xc8, 0xa2, 0x39, 0x8e, 0x50, 0xa0
    db 0x3d, 0x8e, 0xa2, 0xb5, 0x8d, 0x58, 0xe9, 0x5b
    db 0xfe, 0xbe, 0x7b, 0x00, 0xe8, 0x53, 0x91, 0xbf
    db 0x28, 0x7f, 0xbe, 0xba, 0x8d, 0xb9, 0x20, 0x00
    db 0x06, 0xbd, 0x00, 0x00, 0x8e, 0xc5, 0xfc, 0xf3
    db 0xa4, 0x07, 0x8b, 0xd7, 0xb2, 0x0a, 0xbe, 0x28
    db 0x7f, 0xb4, 0x05, 0xe8, 0x15, 0xae, 0x8a, 0xc2
    db 0x3c, 0xff, 0x75, 0x03, 0xe9, 0x0f, 0x01, 0xa2
    db 0xb5, 0x8d, 0xa2, 0x3d, 0x8e, 0xc6, 0x06, 0xb6
    db 0x8d, 0x00, 0xa0, 0xb6, 0x8d, 0xfe, 0xc0, 0xa2
    db 0xb6, 0x8d, 0xa2, 0x38, 0x8e, 0x8a, 0xc8, 0xa0
    db 0xb5, 0x8d, 0xfe, 0xc0, 0x3a, 0xc1, 0x75, 0x03
    db 0xeb, 0x3a, 0x90, 0xb0, 0x20, 0xbe, 0x50, 0x7f
    db 0xb5, 0x50, 0x88, 0x04, 0x46, 0xfe, 0xcd, 0x75
    db 0xf9, 0xc6, 0x04, 0x00, 0xb2, 0x0b, 0xbe, 0x50
    db 0x7f, 0xb4, 0x05, 0xe8, 0xcd, 0xad, 0xe8, 0x3a
    db 0x00, 0xba, 0x07, 0x00, 0x03, 0xf2, 0xba, 0x50
    db 0x7f, 0x87, 0xd6, 0xb9, 0x50, 0x00, 0x8a, 0x04
    db 0x8b, 0xfa, 0x88, 0x05, 0x46, 0x42, 0xfe, 0xcd
    db 0x75, 0xf4, 0xeb, 0xae, 0xbe, 0x78, 0x00, 0xe8
    db 0xc8, 0x90, 0xc3, 0x56, 0x32, 0xc0, 0xa0, 0x38
    db 0x8e, 0x8a, 0xc8, 0xfe, 0xc9, 0xd0, 0xe1, 0xb5
    db 0x00, 0xbe, 0xdf, 0xe7, 0x03, 0xf1, 0x2e, 0x8b
    db 0x14, 0x5e, 0xc3, 0xbe, 0x00, 0x58, 0x81, 0xc6
    db 0x70, 0x03, 0x8a, 0x2e, 0xb6, 0x8d, 0xba, 0x50
    db 0x00, 0x03, 0xf2, 0xfe, 0xcd, 0x75, 0xfa, 0x89
    db 0x36, 0x36, 0x8e, 0xc3, 0xb0, 0x00, 0xa2, 0xb6
    db 0x8d, 0xa2, 0x39, 0x8e, 0xa2, 0x38, 0x8e, 0xfe
    db 0x06, 0x38, 0x8e, 0xfe, 0x06, 0xb6, 0x8d, 0x8a
    db 0x0e, 0xb6, 0x8d, 0xa0, 0xb5, 0x8d, 0xfe, 0xc0
    db 0x3a, 0xc1, 0x75, 0x01, 0xc3, 0x8a, 0x2e, 0x39
    db 0x8e, 0x2a, 0xcd, 0x80, 0xf9, 0x07, 0x75, 0x01
    db 0xc3, 0xe8, 0xb7, 0xff, 0x56, 0xe8, 0x9b, 0xff
    db 0x87, 0xd6, 0xb9, 0x07, 0x00, 0x8b, 0xfa, 0xfc
    db 0x1e, 0x8c, 0xcd, 0x8e, 0xdd, 0x06, 0xbd, 0x00
    db 0x00, 0x8e, 0xc5, 0xfc, 0xf3, 0xa4, 0x07, 0x1f
    db 0x8b, 0xd7, 0x5e, 0xe8, 0x44, 0x90, 0xeb, 0xb7
    db 0xa0, 0xb5, 0x8d, 0xb5, 0x07, 0x2a, 0xc5, 0xbe
    db 0x80, 0x00, 0x72, 0x10, 0xbe, 0x7d, 0x00, 0xa0
    db 0x39, 0x8e, 0x0a, 0xc0, 0x75, 0x03, 0xeb, 0x04
    db 0x90, 0xbe, 0x7e, 0x00, 0xe8, 0x23, 0x90, 0xbe
    db 0x77, 0x00, 0xe8, 0x1d, 0x90, 0xc3, 0x32, 0xc0
    db 0xb0, 0x01, 0xc3, 0xb0, 0x01, 0xa2, 0x38, 0x8e
    db 0xa2, 0xb8, 0x8d, 0xa2, 0xb9, 0x8d, 0xbe, 0x00
    db 0x58, 0xba, 0x30, 0x02, 0x03, 0xf2, 0x87, 0xd6
    db 0x52, 0xe8, 0xb5, 0x00, 0xba, 0x07, 0x00, 0x03
    db 0xf2, 0x5a, 0xa0, 0xb8, 0x8d, 0x3a, 0x06, 0xb9
    db 0x8d, 0x74, 0x05, 0xe8, 0x39, 0x01, 0xeb, 0x03
    db 0xe8, 0x2b, 0x01, 0x8b, 0xfa, 0x8a, 0x05, 0x0a
    db 0xc0, 0x74, 0x2a, 0x3c, 0x2c, 0x74, 0x06, 0x88
    db 0x04, 0x42, 0x46, 0xeb, 0xee, 0x56, 0x8b, 0x0e
    db 0x3a, 0x8e, 0x83, 0xe9, 0x05, 0x2b, 0xf1, 0x5e
    db 0x73, 0x3f, 0xe8, 0x12, 0x01, 0xc6, 0x04, 0x2c
    db 0x46, 0xc6, 0x04, 0x20, 0x42, 0x42, 0x46, 0xfe
    db 0x06, 0xb8, 0x8d, 0xeb, 0xbd, 0x56, 0x8b, 0x0e
    db 0x3a, 0x8e, 0x83, 0xe9, 0x05, 0x2b, 0xf1, 0x5e
    db 0x73, 0x1f, 0xe8, 0xf2, 0x00, 0xc6, 0x04, 0x0c
    db 0x46, 0x56, 0xbe, 0x00, 0x58, 0x81, 0xc6, 0x26
    db 0x02, 0x5a, 0x87, 0xd6, 0x56, 0x2b, 0xf2, 0x5e
    db 0x73, 0x06, 0xc6, 0x04, 0x20, 0x46, 0xeb, 0xf4
    db 0xc3, 0x4e, 0x8a, 0x04, 0x3c, 0x2c, 0x75, 0xf9
    db 0xc6, 0x04, 0x0c, 0x46, 0x52, 0x8b, 0x16, 0x3a
    db 0x8e, 0x56, 0x2b, 0xf2, 0x5e, 0x73, 0x06, 0xc6
    db 0x04, 0x20, 0x46, 0xeb, 0xf4, 0x5a, 0x4a, 0x8b
    db 0xfa, 0x8a, 0x05, 0x3c, 0x2c, 0x75, 0xf7, 0x42
    db 0x42, 0x32, 0xc0, 0xa0, 0x38, 0x8e, 0xfe, 0xc0
    db 0x3c, 0x06, 0x74, 0x06, 0xa2, 0x38, 0x8e, 0xe9
    db 0x4e, 0xff, 0x32, 0xc0, 0xfe, 0x0e, 0xb8, 0x8d
    db 0xc3, 0xbe, 0x00, 0x58, 0xa0, 0x38, 0x8e, 0xfe
    db 0xc8, 0x8a, 0xe8, 0xfe, 0xc5, 0xba, 0x6e, 0x00
    db 0xeb, 0x02, 0x03, 0xf2, 0xfe, 0xcd, 0x75, 0xfa
    db 0x89, 0x36, 0x36, 0x8e, 0x56, 0x83, 0xc6, 0x6e
    db 0x4e, 0x89, 0x36, 0x3a, 0x8e, 0x5e, 0xc3, 0x56
    db 0x8a, 0x0e, 0x38, 0x8e, 0xd0, 0xe1, 0xb5, 0x00
    db 0xbe, 0xeb, 0xe7, 0x03, 0xf1, 0x2e, 0x8b, 0x14
    db 0x5e, 0xc3, 0xc6, 0x06, 0x38, 0x8e, 0x01, 0xe8
    db 0x1b, 0x00, 0xa0, 0x38, 0x8e, 0xfe, 0xc0, 0x3c
    db 0x06, 0x74, 0x05, 0xa2, 0x38, 0x8e, 0xeb, 0xef
    db 0xc6, 0x06, 0x38, 0x8e, 0x01, 0xbe, 0x3e, 0x00
    db 0xe8, 0xef, 0x8e, 0xc3, 0xc3, 0xa0, 0x38, 0x8e
    db 0x50, 0xe8, 0x9d, 0xff, 0x58, 0xe8, 0xbf, 0xff
    db 0x8b, 0x36, 0x36, 0x8e, 0x87, 0xd6, 0xb9, 0x07
    db 0x00, 0x8b, 0xfa, 0xfc, 0x1e, 0x8c, 0xcd, 0x8e
    db 0xdd, 0x06, 0xbd, 0x00, 0x00, 0x8e, 0xc5, 0xfc
    db 0xf3, 0xa4, 0x07, 0x1f, 0x8b, 0xd7, 0x8b, 0x36
    db 0x36, 0x8e, 0xe8, 0xbd, 0x8e, 0xc3, 0xc6, 0x04
    db 0xf2, 0x46, 0xc6, 0x04, 0xe0, 0x46, 0xc3, 0xc6
    db 0x04, 0xf3, 0x46, 0xc6, 0x04, 0xe0, 0x46, 0xc3
    db 0xf7, 0xe7, 0xfe, 0xe7, 0x05, 0xe8, 0x0c, 0xe8
    db 0x13, 0xe8, 0x1a, 0xe8, 0x00, 0x00, 0x21, 0xe8
    db 0x28, 0xe8, 0x2f, 0xe8, 0x36, 0xe8, 0x3d, 0xe8
    db 0x4e, 0x00, 0x40, 0x12, 0x10, 0xdf, 0x11, 0x4e
    db 0x00, 0x40, 0x12, 0x18, 0xdf, 0x19, 0x4e, 0x00
    db 0x40, 0x12, 0x20, 0xdf, 0x21, 0x4e, 0x00, 0x40
    db 0x12, 0x28, 0xdf, 0x29, 0x4e, 0x00, 0x90, 0x12
    db 0x30, 0xdf, 0x31, 0x4e, 0x00, 0x40, 0x12, 0x38
    db 0xdf, 0x39, 0x6d, 0x00, 0x40, 0x1e, 0x18, 0xdf
    db 0x19, 0x6d, 0x00, 0x40, 0x1e, 0x20, 0xdf, 0x21
    db 0x6d, 0x00, 0x40, 0x1e, 0x28, 0xdf, 0x29, 0x6d
    db 0x00, 0x40, 0x1e, 0x30, 0xdf, 0x31, 0x6d, 0x00
    db 0x40, 0x1e, 0x38, 0xdf, 0x39, 0x95, 0x01, 0x40
    db 0x1e, 0x18, 0xdf, 0x39, 0x90, 0x90, 0xf1, 0xf1
    db 0xf1, 0xf1, 0xf1, 0xf1, 0xf1, 0xf1, 0xf1, 0xf1
    db 0xf1, 0xf1, 0xf0, 0xf1, 0xf1, 0xf1, 0xf1, 0xf1
    db 0xf1, 0xf1, 0xf1, 0xf1, 0xf1, 0xf1, 0xf1, 0xf1
    db 0xf1, 0xf1, 0xf1, 0xf1, 0xf1, 0xf1, 0xf6, 0xf3
    db 0xf1, 0xf1, 0xf1, 0xf1, 0xf1, 0xf4, 0xf1, 0xf1
    db 0xf1, 0xf1, 0xf1, 0xf5, 0xf4, 0xf1, 0x01, 0x31
    db 0xf1, 0xf1, 0xf1, 0xf1, 0xf1, 0xf1, 0xf1, 0xf1
    db 0xf1, 0xf1, 0xf1, 0xf1, 0xf1, 0xf3, 0xf1, 0x18
    db 0x19, 0x29, 0x39, 0x28, 0x49, 0x59, 0x38, 0x48
    db 0x69, 0x79, 0x58, 0x68, 0x78, 0x88, 0x89, 0x99
    db 0x98, 0xa8, 0xb8, 0xc8, 0xa9, 0xb9, 0xc9, 0xd9
    db 0xe9, 0xf1, 0xf1, 0xf1, 0x1c, 0xf1, 0x1c, 0x1c
    db 0x1d, 0x2d, 0x3d, 0x2c, 0x4d, 0x5d, 0x3c, 0x4c
    db 0x6d, 0x7d, 0x5c, 0x6c, 0x7c, 0x8c, 0x8d, 0x9d
    db 0x9c, 0xac, 0xbc, 0xcc, 0xad, 0xbd, 0xcd, 0xdd
    db 0xed, 0xf1, 0xf1, 0xf1, 0xfd, 0xfd, 0x1a, 0x2a
    db 0x3a, 0x4a, 0x5a, 0x6a, 0x7a, 0x8a, 0xea, 0x6a
    db 0x7a, 0x8a, 0x9a, 0xaa, 0xba, 0xca, 0x1c, 0x1c
    db 0x1c, 0x1c, 0xfd, 0xfd, 0xfd, 0xfd, 0xfd, 0xfd
    db 0xfd, 0xf1, 0xf1, 0xf1, 0xf1, 0xf1, 0x1e, 0x2e
    db 0x3e, 0xfa, 0x4e, 0x5e, 0xf1, 0xf1, 0xf3, 0xfd
    db 0xf1, 0xf1, 0xf1, 0xf3, 0xf1, 0xf1, 0xf1, 0x1e
    db 0xf1, 0xf1, 0xf1, 0xf1, 0xf1, 0xf1, 0xf1, 0xf1
    db 0xfd, 0xf1, 0xf1, 0xf1, 0xf1, 0xf1, 0xf1, 0xf1
    db 0xf1, 0xf1, 0xf1, 0xf1, 0xf1, 0xf1, 0xf1, 0xf1
    db 0xf1, 0xf1, 0xf1, 0xf1, 0xf1, 0xf1, 0xf1, 0xf1
    db 0xf1, 0xf1, 0xf1, 0xf1, 0xf1, 0xf5, 0xf5, 0xf1
    db 0xf0, 0xf0, 0xf1, 0xf1, 0xf1, 0xf1, 0xf1, 0xf1
    db 0xf1, 0xf1, 0xf1, 0xf1, 0xf1, 0xf1, 0xf7, 0xf7
    db 0xf7, 0xf7, 0xf7, 0xf7, 0xf1, 0xf1, 0xf7, 0xf7
    db 0xf7, 0xf7, 0xf7, 0xf7, 0xf7, 0xf7, 0xf7, 0xf7
    db 0xf2, 0xf2, 0xf2, 0xf2, 0xf7, 0xf7, 0x20, 0x10
    db 0x30, 0x40, 0x30, 0x00, 0x10, 0x00, 0x90, 0x90
    db 0x90, 0x90, 0x90, 0x90, 0x90, 0x90, 0x20, 0x10
    db 0x00, 0x40, 0x10, 0x10, 0x10, 0x10, 0x50, 0x50
    db 0x50, 0x50, 0x70, 0x70, 0x70, 0x70, 0x30, 0x20
    db 0x00, 0x40, 0x10, 0x20, 0x20, 0x20, 0x50, 0x50
    db 0x50, 0x50, 0x70, 0x70, 0x70, 0x70, 0x30, 0x30
    db 0x00, 0x40, 0x10, 0x30, 0x30, 0x30, 0x60, 0x60
    db 0x60, 0x60, 0x70, 0x70, 0x70, 0x70, 0x40, 0x40
    db 0x00, 0x40, 0x10, 0x40, 0x40, 0x40, 0x60, 0x60
    db 0x60, 0x60, 0x80, 0x80, 0x80, 0x80, 0xf0, 0xf0
    db 0xf1, 0xf0, 0xf1, 0xe5, 0xf0, 0x50, 0xa0, 0xa0
    db 0xa0, 0xa0, 0xc0, 0xc0, 0xc0, 0xc0, 0xf3, 0xf3
    db 0xf1, 0xf3, 0xf1, 0xe6, 0xf3, 0x60, 0xa0, 0xa0
    db 0xa0, 0xa0, 0xd0, 0xd0, 0xd0, 0xd0, 0xf0, 0xf0
    db 0xf1, 0xf0, 0xf1, 0xe7, 0xf0, 0x70, 0xb0, 0xb0
    db 0xb0, 0xb0, 0xc0, 0xc0, 0xc0, 0xc0, 0xf3, 0xf3
    db 0xf1, 0xf3, 0xf1, 0xe8, 0xf3, 0x80, 0xb0, 0xb0
    db 0xb0, 0xb0, 0xd0, 0xd0, 0xd0, 0xd0, 0xf1, 0xf1
    db 0xf1, 0xf1, 0xf1, 0xe9, 0xf1, 0x90, 0x90, 0x90
    db 0x90, 0x90, 0x90, 0x90, 0x90, 0x90, 0xf1, 0xf1
    db 0xf1, 0xf1, 0xf1, 0xea, 0xf1, 0xa0, 0xa0, 0xa0
    db 0xa0, 0xa0, 0xb0, 0xb0, 0xb0, 0xb0, 0xf2, 0xf2
    db 0xf2, 0xf2, 0xf2, 0xeb, 0xf2, 0xb0, 0xb0, 0xb0
    db 0xb0, 0xb0, 0xb0, 0xb0, 0xb0, 0xb0, 0xf0, 0xf0
    db 0xf1, 0xf0, 0xf0, 0xec, 0xf0, 0xc0, 0xb0, 0xb0
    db 0xb0, 0xb0, 0xc0, 0xc0, 0xc0, 0xc0, 0xf3, 0xf3
    db 0xf1, 0xf3, 0xf3, 0xed, 0xf3, 0xd0, 0xb0, 0xb0
    db 0xb0, 0xb0, 0xd0, 0xd0, 0xd0, 0xd0, 0x4f, 0x46
    db 0x46, 0x20, 0x20, 0x20, 0x43, 0x48, 0x41, 0x20
    db 0x20, 0x4c, 0x49, 0x4e, 0x20, 0x20, 0x20, 0x20
    db 0x20, 0x20, 0x43, 0x41, 0x50, 0x53, 0x20, 0x53
    db 0x48, 0x49, 0x46, 0x54, 0x43, 0x41, 0x50, 0x53
    db 0x20, 0xff, 0x06, 0x00, 0x00, 0x00, 0x00, 0x10
    db 0x00, 0x20, 0x00, 0x00, 0x00, 0x00, 0x00, 0x00
    db 0xff, 0x06, 0x00, 0x00, 0x1e, 0x00, 0x10, 0x00
    db 0x01, 0x00, 0x00, 0x00, 0x00, 0x00, 0x0f, 0x73
    db 0x2b, 0x6e, 0x2d, 0x68, 0x77, 0x69, 0x61, 0x65
    db 0x30, 0x31, 0x67, 0x12, 0x13, 0x50, 0x53, 0x31
    db 0x30, 0x31, 0x32, 0x31, 0x35, 0xf3, 0xe0, 0x20
    db 0x20, 0x20, 0x20, 0xf2, 0xe0, 0x43, 0x4f, 0x44
    db 0x45, 0xf2, 0xe0, 0x50, 0x52, 0x4e, 0x54, 0xf2
    db 0xe0, 0x46, 0x55, 0x4c, 0x4c, 0xf2, 0xe0, 0x48
    db 0x59, 0x50, 0x48, 0xf2, 0xe0, 0x46, 0x52, 0x4d
    db 0x20, 0xf2, 0xe0, 0x49, 0x4e, 0x53, 0x20, 0xf2
    db 0xe0, 0x69, 0x6e, 0x73, 0x20, 0xf2, 0xe0, 0x42
    db 0x4c, 0x4f, 0x4b, 0xf2, 0xe0, 0x5a, 0x4f, 0x4f
    db 0x4d, 0xf2, 0xe0, 0x4d, 0x41, 0x52, 0x4b, 0xf2
    db 0xe0, 0x52, 0x45, 0x50, 0x4c, 0x4c, 0x45, 0x07
    db 0x00, 0xd4, 0xea, 0x05, 0x01, 0x20, 0x31, 0x82
    db 0x14, 0x00, 0xff, 0x04, 0x00, 0x06, 0xff, 0x02
    db 0x06, 0x00, 0x00, 0x00, 0xe1, 0xf2, 0xe0, 0x57
    db 0x41, 0x49, 0x54, 0xe1, 0xf3, 0xe0, 0xd5, 0x4e
    db 0x41, 0x4d, 0x45, 0x28, 0x09, 0xd5, 0x53, 0x41
    db 0x4c, 0x55, 0x54, 0x41, 0x54, 0x49, 0x4f, 0x4e
    db 0x28, 0x09, 0xd5, 0x54, 0x45, 0x4c, 0x28, 0x09
    db 0xd5, 0x46, 0x41, 0x58, 0x28, 0x09, 0xd5, 0x41
    db 0x44, 0x52, 0x53, 0x28, 0x09, 0x0a, 0xe8, 0x92
    db 0x8c, 0x32, 0xc0, 0xa2, 0x20, 0x75, 0x06, 0x9a
    db 0x07, 0x28, 0x98, 0xdc, 0x07, 0x0a, 0xc0, 0x74
    db 0x03, 0xe9, 0x1a, 0x04, 0xe9, 0x71, 0x01, 0x51
    db 0x52, 0x56, 0x57, 0x55, 0xbd, 0x4f, 0x0a, 0x8e
    db 0xc5, 0xe8, 0x06, 0x90, 0x5d, 0x5f, 0x5e, 0x5a
    db 0x59, 0xa0, 0x4a, 0x79, 0xb4, 0x00, 0xcb, 0x51
    db 0x52, 0x56, 0x57, 0x55, 0xbd, 0x4f, 0x0a, 0x8e
    db 0xc5, 0xe8, 0x24, 0x01, 0x5d, 0x5f, 0x5e, 0x5a
    db 0x59, 0xa0, 0x4a, 0x79, 0xb4, 0x00, 0xcb, 0x51
    db 0x52, 0x56, 0x57, 0x55, 0xbd, 0x4f, 0x0a, 0x8e
    db 0xc5, 0xe8, 0x3b, 0xbf, 0x5d, 0x5f, 0x5e, 0x5a
    db 0x59, 0xa0, 0x4a, 0x79, 0xb4, 0x00, 0xcb, 0x51
    db 0x52, 0x56, 0x57, 0x55, 0xbd, 0x4f, 0x0a, 0x8e
    db 0xc5, 0xe8, 0xb9, 0x03, 0xa2, 0x4a, 0x79, 0x5d
    db 0x5f, 0x5e, 0x5a, 0x59, 0xa0, 0x4a, 0x79, 0xb4
    db 0x00, 0xcb, 0x51, 0x52, 0x56, 0x57, 0x55, 0xbd
    db 0x4f, 0x0a, 0x8e, 0xc5, 0xe8, 0xf5, 0x8d, 0x5d
    db 0x5f, 0x5e, 0x5a, 0x59, 0xa0, 0x4a, 0x79, 0xb4
    db 0x00, 0xcb, 0x51, 0x52, 0x56, 0x57, 0x55, 0xbd
    db 0x4f, 0x0a, 0x8e, 0xc5, 0xe8, 0x58, 0x8d, 0x5d
    db 0x5f, 0x5e, 0x5a, 0x59, 0xa0, 0x4a, 0x79, 0xb4
    db 0x00, 0xcb, 0x51, 0x52, 0x56, 0x57, 0x55, 0xbd
    db 0x4f, 0x0a, 0x8e, 0xc5, 0xe8, 0x4d, 0x8e, 0x5d
    db 0x5f, 0x5e, 0x5a, 0x59, 0xa0, 0x4a, 0x79, 0xb4
    db 0x00, 0xcb, 0x51, 0x52, 0x56, 0x57, 0x55, 0xbd
    db 0x4f, 0x0a, 0x8e, 0xc5, 0xe8, 0x37, 0x90, 0x5d
    db 0x5f, 0x5e, 0x5a, 0x59, 0xa0, 0x4a, 0x79, 0xb4
    db 0x00, 0xcb, 0x51, 0x52, 0x56, 0x57, 0x55, 0xbd
    db 0x4f, 0x0a, 0x8e, 0xc5, 0xe8, 0x40, 0x92, 0x5d
    db 0x5f, 0x5e, 0x5a, 0x59, 0xa0, 0x4a, 0x79, 0xb4
    db 0x00, 0xcb, 0x51, 0x52, 0x56, 0x57, 0x55, 0xbd
    db 0x4f, 0x0a, 0x8e, 0xc5, 0xe8, 0xfd, 0x13, 0xe8
    db 0xec, 0x93, 0x5d, 0x5f, 0x5e, 0x5a, 0x59, 0xa0
    db 0x4a, 0x79, 0xb4, 0x00, 0xcb, 0x51, 0x52, 0x56
    db 0x57, 0x55, 0xbd, 0x4f, 0x0a, 0x8e, 0xc5, 0xe8
    db 0xe2, 0x13, 0xe8, 0x26, 0x93, 0x5d, 0x5f, 0x5e
    db 0x5a, 0x59, 0xa0, 0x4a, 0x79, 0xb4, 0x00, 0xcb
    db 0x51, 0x52, 0x56, 0x57, 0x55, 0xbd, 0x4f, 0x0a
    db 0x8e, 0xc5, 0xe8, 0xc7, 0x13, 0xe8, 0xce, 0x94
    db 0x5d, 0x5f, 0x5e, 0x5a, 0x59, 0xa0, 0x4a, 0x79
    db 0xb4, 0x00, 0xcb, 0x51, 0x52, 0x56, 0x57, 0x55
    db 0xbd, 0x4f, 0x0a, 0x8e, 0xc5, 0xb4, 0x07, 0xe8
    db 0x01, 0xa7, 0xa2, 0x4a, 0x79, 0x5d, 0x5f, 0x5e
    db 0x5a, 0x59, 0xa0, 0x4a, 0x79, 0xb4, 0x00, 0xcb
    db 0xbe, 0x08, 0x00, 0xe8, 0x07, 0x02, 0x3c, 0x03
    db 0x74, 0x1d, 0x0c, 0x20, 0x3c, 0x6e, 0x74, 0x17
    db 0xe8, 0xf7, 0x02, 0x75, 0xeb, 0xe8, 0xd7, 0x8a
    db 0x32, 0xc0, 0xbe, 0x09, 0x00, 0xe8, 0x53, 0xaa
    db 0xbe, 0x00, 0x8e, 0x32, 0xc0, 0x88, 0x04, 0xc3
loc_EC9F:
    db 0xe8, 0x3b, 0x8b, 0xb0, 0xff, 0xa2, 0xe4, 0x75
    db 0xe8, 0xeb, 0x8a, 0xe8, 0x8d, 0x04, 0xe8, 0x90
    db 0xa2, 0xe8, 0x23, 0x26, 0xa2, 0x4a, 0x79, 0xe8
    db 0x0b, 0x58, 0xa0, 0x4a, 0x79, 0x3c, 0xff, 0x75
    db 0x03, 0xe9, 0xc1, 0x00, 0xe8, 0x19, 0xa6, 0x01
    db 0xa7, 0xec, 0x02, 0x4f, 0xef, 0xe8, 0x59, 0xef
    db 0x0b, 0xf6, 0xec, 0x0a, 0x19, 0x83, 0x1d, 0xfb
    db 0x8c, 0x1b, 0x23, 0x8d, 0x1c, 0x0f, 0x8d, 0xf6
    db 0x1f, 0xed, 0xea, 0x15, 0xed, 0xd2, 0x5c, 0xad
    db 0xf7, 0xaf, 0xd8, 0xf5, 0x1a, 0xed, 0xf8, 0x74
    db 0xe2, 0x03, 0xf6, 0xec, 0xff, 0x15, 0xeb, 0xf6
    db 0x06, 0x3f, 0x8e, 0x01, 0x74, 0x07, 0x80, 0x26
    db 0x3f, 0x8e, 0xfe, 0xeb, 0xa3, 0xe8, 0x24, 0x75
    db 0xe8, 0x07, 0x1e, 0xe8, 0xb7, 0x57, 0xb0, 0x02
    db 0xe8, 0x91, 0x8a, 0xe9, 0x00, 0xfe, 0xe8, 0xa4
    db 0xbf, 0xeb, 0x85, 0xe8, 0x93, 0x14, 0xeb, 0x80
    db 0xe8, 0x63, 0x62, 0x73, 0x03, 0xe9, 0x97, 0x00
    db 0xbe, 0xb4, 0x8d, 0x80, 0x24, 0x7f, 0xc6, 0x06
    db 0x3e, 0x8e, 0x01, 0xb2, 0x23, 0xb4, 0x04, 0xe8
    db 0x31, 0xa6, 0x80, 0xfa, 0x01, 0x75, 0x18, 0x80
    db 0x3e, 0x55, 0x6d, 0x00, 0x75, 0x11, 0xc6, 0x06
    db 0x3e, 0x8e, 0x00, 0xe8, 0xd7, 0x01, 0xbe, 0xa8
    db 0x8d, 0x80, 0x0c, 0x01, 0x80, 0x24, 0xfd, 0xbe
    db 0x1d, 0x00, 0x80, 0x3e, 0x3e, 0x8e, 0x00, 0x75
    db 0x03, 0xbe, 0x8c, 0x00, 0xe8, 0x23, 0x89, 0xe8
    db 0x47, 0xec, 0xe8, 0x17, 0xe5, 0x73, 0x0e, 0xe8
    db 0x37, 0x01, 0xe8, 0x41, 0xec, 0xe8, 0x34, 0x02
    db 0xe8, 0x48, 0x01, 0x73, 0xda, 0xc6, 0x06, 0xa8
    db 0x8d, 0x00, 0xe9, 0x1b, 0xff, 0xa0, 0xa6, 0x79
    db 0xe8, 0x58, 0xa5, 0x60, 0x9c, 0xed, 0x62, 0xe8
    db 0xed, 0x66, 0x34, 0xee, 0x6c, 0x2f, 0xee, 0x64
    db 0xbc, 0xed, 0xff, 0xe8, 0xed, 0xb1, 0xf8, 0xe8
    db 0x5d, 0x01, 0x72, 0x28, 0xa0, 0xda, 0x77, 0x0a
    db 0xc0, 0x75, 0x0f, 0xfe, 0xc0, 0xe8, 0xa4, 0x00
    db 0x72, 0x0d, 0xe8, 0x36, 0x01, 0xe8, 0xca, 0x01
    db 0x74, 0x0d, 0xe9, 0xe3, 0xfe, 0xeb, 0x2a, 0xbe
    db 0x42, 0x00, 0xe8, 0x26, 0xa9, 0xeb, 0xf3, 0xe8
    db 0xb8, 0x89, 0xeb, 0xee, 0xa0, 0xda, 0x77, 0x3c
    db 0x02, 0x74, 0x0f, 0xb0, 0x02, 0xe8, 0x7c, 0x00
    db 0x72, 0x08, 0xe8, 0x0e, 0x01, 0xe8, 0xa2, 0x01
    db 0x74, 0xe5, 0xb1, 0xa0, 0xe8, 0x18, 0x01, 0x73
    db 0xd6, 0xe8, 0x25, 0x98, 0xe8, 0xa2, 0x6d, 0xa8
    db 0x10, 0x74, 0x03, 0xe8, 0xab, 0x24, 0x8a, 0x2e
    db 0xc1, 0x79, 0xa0, 0xe4, 0x75, 0x3a, 0xc5, 0x75
    db 0x08, 0xe8, 0xc1, 0x56, 0xe8, 0xf5, 0xaf, 0xeb
    db 0xd9, 0x52, 0xe8, 0x77, 0x6d, 0x5a, 0x8a, 0xc2
    db 0x3c, 0x0c, 0x74, 0x08, 0x3c, 0xdb, 0x74, 0x04
    db 0xb0, 0x08, 0xeb, 0x02, 0xb0, 0x06, 0xa2, 0x94
    db 0x79, 0xe8, 0xa1, 0x56, 0xa0, 0xc1, 0x79, 0xa2
    db 0xe4, 0x75, 0xe8, 0xb1, 0x89, 0xe9, 0x78, 0xfe
    db 0xbe, 0x57, 0x00, 0xeb, 0x8d, 0xe8, 0x61, 0x00
    db 0xbe, 0x58, 0x00, 0xe8, 0x47, 0x00, 0xe8, 0x41
    db 0x01, 0x74, 0x09, 0x3c, 0x6e, 0x75, 0xee, 0xe8
    db 0x19, 0x5b, 0xeb, 0x05, 0xb0, 0x17, 0xa2, 0x94
    db 0x79, 0xe9, 0x66, 0xff, 0xa2, 0xda, 0x77, 0xb0
    db 0x02, 0xe8, 0x09, 0x00, 0x72, 0x01, 0xc3, 0xb0
    db 0x03, 0xe8, 0x01, 0x00, 0xc3, 0xe8, 0x0c, 0x56
    db 0xe8, 0x81, 0x4c, 0x72, 0x05, 0xe8, 0xc0, 0x4c
    db 0xeb, 0x08, 0xe8, 0x99, 0x4c, 0x72, 0x09, 0xe8
    db 0xe9, 0x4c, 0xe8, 0x48, 0x56, 0x32, 0xc0, 0xc3
    db 0xe8, 0x42, 0x56, 0xf9, 0xc3, 0xe8, 0x02, 0x88
    db 0xb1, 0x01, 0xe8, 0x18, 0x83, 0xa0, 0x4a, 0x79
    db 0x3c, 0xff, 0x74, 0x01, 0xc3, 0xa0, 0x12, 0x78
    db 0xc3
loc_EE98:
    db 0xb5, 0x08, 0xe8, 0xc2, 0xa4, 0xc3
loc_EE9E:
    db 0xe8, 0xe8, 0x87, 0x46, 0xfe, 0xcd, 0x75, 0xf8
    db 0x4e, 0xc3, 0x8b, 0x36, 0xd7, 0x78, 0x89, 0x36
    db 0xe6, 0x75, 0x8b, 0x36, 0xd9, 0x78, 0x89, 0x36
    db 0xe8, 0x75, 0xa0, 0x3f, 0x79, 0xa2, 0x09, 0x79
    db 0xe8, 0xbf, 0x4d, 0xc3, 0x9f, 0x50, 0xff, 0x36
    db 0xd7, 0x78, 0xff, 0x36, 0xd9, 0x78, 0x8b, 0x36
    db 0xe6, 0x75, 0x89, 0x36, 0xd7, 0x78, 0x8b, 0x36
    db 0xe8, 0x75, 0x89, 0x36, 0xd9, 0x78, 0xe8, 0xa1
    db 0x4d, 0x8f, 0x06, 0xd9, 0x78, 0x8f, 0x06, 0xd7
    db 0x78, 0x58, 0x9e, 0xc3, 0xe8, 0xab, 0xff, 0xbe
    db 0x43, 0x00, 0xe8, 0x91, 0xff, 0xe8, 0x8b, 0x00
    db 0x75, 0x01, 0xc3, 0x3c, 0x6e, 0x75, 0xed, 0xc3
    db 0xa1, 0xc1, 0x79, 0x8b, 0xf0, 0x0a, 0xe4, 0x74
    db 0x01, 0xc3, 0x3a, 0xc1, 0xc3, 0xe8, 0x0d, 0x11
    db 0x72, 0x13, 0xe8, 0x58, 0x00, 0xbe, 0x99, 0x00
    db 0x72, 0x08, 0xbe, 0x5f, 0x00, 0x75, 0x03, 0xbe
    db 0x5e, 0x00, 0xe8, 0x66, 0x87, 0xc3, 0xe8, 0x0a
    db 0x00, 0xc3, 0xe8, 0x06, 0x00, 0xb2, 0x31, 0xe8
    db 0x0d, 0xe9, 0xc3, 0xb2, 0x28, 0xe8, 0x07, 0xe9
    db 0xc6, 0x06, 0xa8, 0x8d, 0x00, 0xc3, 0xe8, 0x85
    db 0x55, 0xe8, 0xce, 0x96, 0x06, 0x07, 0xc3, 0x06
    db 0x9a, 0xc3, 0x53, 0x98, 0xdc, 0x07, 0xe9, 0xc6
    db 0xfb, 0x06, 0x9a, 0xc3, 0x53, 0x98, 0xdc, 0x07
    db 0xe9, 0x46, 0xfd, 0x06, 0x9a, 0x08, 0x4d, 0x98
    db 0xdc, 0x3d, 0xff, 0xff, 0x74, 0x03, 0xa2, 0x84
    db 0x78, 0x07, 0xe9, 0x34, 0xfd, 0x80, 0x3e, 0x06
    db 0x68, 0x0a, 0x75, 0x02, 0xf9, 0xc3, 0x50, 0xa0
    db 0x05, 0x68, 0x24, 0x0f, 0x3a, 0x06, 0x06, 0x68
    db 0x58, 0xf8, 0xc3, 0x0c, 0x20, 0x3c, 0x79, 0xc3
classify_prompt_field_C688_EF86:
    db 0x8a, 0x04    ; mov al,[si]
    db 0x0a, 0xc0    ; or al,al
    jnz loc_EF8D
    db 0xc3    ; ret
loc_EF8D:
    db 0x3c, 0x20    ; cmp al,0x20
    jz loc_EF99
    db 0x3c, 0x41    ; cmp al,0x41
    jc loc_EFA0
    db 0x3c, 0x5b    ; cmp al,0x5b
    jnc loc_EFA0
loc_EF99:
    db 0xb0, 0x08    ; mov al,0x08
    db 0xa2, 0x20, 0x75    ; mov [0x7520],al
    db 0xf9    ; stc
    db 0xc3    ; ret
loc_EFA0:
    db 0x46    ; inc si
    db 0xfe, 0xcd    ; dec ch
    jnz classify_prompt_field_C688_EF86
    db 0x32, 0xc0    ; xor al,al
    db 0xc3    ; ret

; helper call targets covered by other slices
inline_key_dispatch_C688_92DF equ 0x92DF
loc_0240 equ 0x0240
loc_2A90 equ 0x2A90
loc_2CFA equ 0x2CFA
loc_50FC equ 0x50FC
loc_5102 equ 0x5102
loc_5108 equ 0x5108
loc_71C6 equ 0x71C6
loc_7689 equ 0x7689
loc_F140 equ 0xF140
root_edit_text_shared_loop_C688_EC9F equ 0xEC9F
snapshot_active_editor_state_C688_44C4 equ 0x44C4
