; Generated from disasm: C000:047D-494F
; NOTE: branch target labels are local aliases for readability.

BITS 16
org 0x047D

retained_cleanup_C000_047D:
    call disarm_timer_C000_0B50
    db 0xa1, 0x31, 0x6d    ; mov ax,[0x6d31]
    db 0xa3, 0x0b, 0x68    ; mov [0x680b],ax
    db 0xa0, 0x4f, 0x6d    ; mov al,[0x6d4f]
    db 0xa2, 0x50, 0x6d    ; mov [0x6d50],al
    db 0xf6, 0x06, 0x4f, 0x6d, 0x10    ; test byte [0x6d4f],0x10
    jnz retained_cleanup_done_C000_0499
    call serial_power_down_C000_0D2A
    call serial_delay_countdown_C000_0BEC
    db 0xc3    ; ret
    db 0x50, 0x1e, 0xb8, 0x00, 0x00, 0x8e, 0xd8, 0xb0
    db 0x40, 0xe6, 0x90, 0x80, 0x26, 0xa9, 0x6d, 0xfe
    db 0x1f, 0x58, 0xfb, 0xcf, 0x50, 0x53, 0x1e, 0xb8
    db 0x00, 0x00, 0x8e, 0xd8, 0x80, 0x0e, 0x4f, 0x6d
    db 0x04, 0xa0, 0x4f, 0x6d, 0xe6, 0x60, 0xb0, 0x20
    db 0xe6, 0x90, 0xc6, 0x06, 0x28, 0x6d, 0x00, 0xe8
    db 0xa3, 0x0b, 0x1f, 0x5b, 0x58, 0xfb, 0xcf, 0x50
    db 0x53, 0x1e, 0xb8, 0x00, 0x00, 0x8e, 0xd8, 0xb0
    db 0x10, 0xe6, 0x90, 0x8a, 0x1e, 0x29, 0x6d, 0x32
    db 0xff, 0xe4, 0xb0, 0x0a, 0xc0, 0x74, 0x05, 0x80
    db 0x0e, 0x28, 0x6d, 0x80, 0x88, 0x87, 0x06, 0x6d
    db 0xfe, 0x06, 0x29, 0x6d, 0x80, 0x3e, 0x29, 0x6d
    db 0x0a, 0x75, 0xcf, 0xf6, 0x06, 0x28, 0x6d, 0x80
    db 0x75, 0x20, 0xfe, 0x06, 0x28, 0x6d, 0x80, 0x3e
    db 0x28, 0x6d, 0x0a, 0x75, 0x1a, 0xb0, 0xfe, 0xe6
    db 0x61, 0x80, 0x26, 0x4f, 0x6d, 0xfb, 0x80, 0x0e
    db 0x4f, 0x6d, 0x08, 0xa0, 0x4f, 0x6d, 0xe6, 0x60
    db 0xeb, 0xa8, 0xc6, 0x06, 0x28, 0x6d, 0x00, 0xc6
    db 0x06, 0x29, 0x6d, 0x00, 0x06, 0x51, 0x52, 0x56
    db 0x57, 0x55, 0xa0, 0x4f, 0x6d, 0x0c, 0x01, 0xe6
    db 0x60, 0xfb, 0xe8, 0x06, 0x51, 0xfa, 0xa0, 0x4f
    db 0x6d, 0xe6, 0x60, 0x5d, 0x5f, 0x5e, 0x5a, 0x59
    db 0x07, 0x1f, 0x5b, 0x58, 0xfb, 0xcf, 0x50, 0x53
    db 0x1e, 0x51, 0x52, 0xb8, 0x00, 0x00, 0x8e, 0xd8
    db 0xb0, 0x08, 0xe6, 0x90, 0x80, 0x3e, 0xa3, 0x6d
    db 0x01, 0x74, 0x24, 0x52, 0xba, 0xc1, 0x00, 0xec
    db 0x5a, 0x24, 0x38, 0x74, 0x03, 0xe8, 0x57, 0x00
    db 0x52, 0xba, 0xc0, 0x00, 0xec, 0x5a, 0x80, 0x3e
    db 0x94, 0x82, 0x02, 0x73, 0x12, 0xe8, 0x6b, 0x46
    db 0x5a, 0x59, 0x1f, 0x5b, 0x58, 0xfb, 0xcf, 0x52
    db 0xba, 0xc1, 0x00, 0xec, 0x5a, 0xeb, 0xf1, 0x80
    db 0x3e, 0x2e, 0x6d, 0x01, 0x74, 0x09, 0x80, 0x3e
    db 0x94, 0x82, 0x02, 0x74, 0x16, 0xeb, 0xde, 0xf6
    db 0x06, 0xa5, 0x70, 0x04, 0x75, 0x16, 0x3c, 0x13
    db 0x74, 0x0b, 0x80, 0x3e, 0x94, 0x82, 0x02, 0x74
    db 0x02, 0xeb, 0xca, 0xeb, 0xcb, 0x80, 0x0e, 0xa5
    db 0x70, 0x04, 0xeb, 0xf7, 0x3c, 0x11, 0x75, 0xf3
    db 0x80, 0x26, 0xa5, 0x70, 0xfb, 0xeb, 0xec, 0xf6
    db 0x06, 0x57, 0x6d, 0x01, 0x75, 0x24, 0xa8, 0x08
    db 0x74, 0x05, 0x80, 0x0e, 0x57, 0x6d, 0x08, 0xa8
    db 0x10, 0x74, 0x05, 0x80, 0x0e, 0x57, 0x6d, 0x10
    db 0xa8, 0x20, 0x74, 0x05, 0x80, 0x0e, 0x57, 0x6d
    db 0x20, 0xb0, 0x37, 0x52, 0xba, 0xc1, 0x00, 0xee
    db 0x5a, 0xc3, 0x1e, 0x06, 0x56, 0x57, 0x8c, 0xde
    db 0x8c, 0xcf, 0x8e, 0xdf, 0x8e, 0xc6, 0xbe, 0x3d
    db 0x06, 0xa8, 0x08, 0x75, 0x0a, 0xbe, 0x8a, 0x06
    db 0xa8, 0x10, 0x75, 0x03, 0xbe, 0xd7, 0x06, 0xbf
    db 0x25, 0x1c, 0xbb, 0x74, 0x05, 0xe8, 0x82, 0x03
    db 0xe8, 0x10, 0x00, 0xe8, 0x89, 0x03, 0xb0, 0x37
    db 0x52, 0xba, 0xc1, 0x00, 0xee, 0x5a, 0x5f, 0x5e
    db 0x07, 0x1f, 0xc3, 0xb9, 0x07, 0x00, 0x51, 0xb9
    db 0x0b, 0x00, 0xf3, 0xa4, 0x59, 0x83, 0xc7, 0x35
    db 0xe2, 0xf4, 0xc3, 0xf0, 0x00, 0x08, 0x40, 0x00
    db 0x00, 0x00, 0x00, 0x00, 0x00, 0x00, 0x88, 0x00
    db 0x00, 0x40, 0x00, 0x00, 0x00, 0x00, 0x00, 0x00
    db 0x00, 0x89, 0xcb, 0x18, 0xf2, 0x20, 0x1c, 0xb2
    db 0xc7, 0x2c, 0x00, 0x00, 0xf0, 0x2c, 0x88, 0x42
    db 0x20, 0x22, 0xcb, 0x28, 0xb2, 0x00, 0x00, 0x81
    db 0xe8, 0x08, 0x41, 0x40, 0x3e, 0x82, 0x08, 0xa0
    db 0x00, 0x00, 0x82, 0x28, 0x08, 0x48, 0x80, 0x20
    db 0x82, 0x08, 0xa0, 0x00, 0x00, 0x81, 0xe8, 0x1c
    db 0x33, 0x00, 0x1e, 0x82, 0x07, 0x20, 0x00, 0x00
    db 0x70, 0x00, 0x00, 0x00, 0x00, 0x00, 0x00, 0x00
    db 0x00, 0x00, 0x00, 0x88, 0x00, 0x00, 0x00, 0x00
    db 0x00, 0x00, 0x00, 0x00, 0x00, 0x00, 0x8a, 0x27
    db 0x2c, 0x02, 0xc8, 0xac, 0x01, 0xcb, 0x2c, 0x72
    db 0xc0, 0x8a, 0x28, 0xb2, 0x03, 0x28, 0xb2, 0x02
    db 0x2c, 0xb2, 0x8b, 0x20, 0x8a, 0x2f, 0xa0, 0x02
    db 0x08, 0xa2, 0x03, 0xe8, 0x20, 0x8a, 0x00, 0x89
    db 0x48, 0x20, 0x02, 0x09, 0xa2, 0x02, 0x08, 0x20
    db 0x8a, 0x00, 0x70, 0x87, 0xa0, 0x02, 0x06, 0xa2
    db 0x01, 0xe8, 0x20, 0x72, 0x00, 0xf8, 0x00, 0x00
    db 0x20, 0x00, 0x00, 0x00, 0x00, 0x00, 0x00, 0x00
    db 0x80, 0x00, 0x00, 0x00, 0x00, 0x00, 0x00, 0x00
    db 0x00, 0x00, 0x00, 0x82, 0xc7, 0x34, 0x62, 0xc7
    db 0x80, 0x72, 0xcb, 0x1c, 0xb0, 0x00, 0xf3, 0x20
    db 0xaa, 0x23, 0x28, 0x80, 0x8b, 0x2c, 0xa2, 0xc8
    db 0x00, 0x82, 0x07, 0xaa, 0x22, 0x27, 0x80, 0xfa
    db 0x08, 0x22, 0x80, 0x00, 0x82, 0x08, 0xaa, 0x22
    db 0x20, 0x80, 0x82, 0x08, 0x22, 0x80, 0x00, 0x82
    db 0x07, 0xaa, 0x72, 0x27, 0x00, 0x7a, 0x08, 0x1c
    db 0x80, 0x00, 0x50, 0x1e, 0xb8, 0x00, 0x00, 0x8e
    db 0xd8, 0xb0, 0x04, 0xe6, 0x90, 0x80, 0x26, 0xa5
    db 0x70, 0xf7, 0x1f, 0x58, 0xfb, 0xcf, 0x50, 0x53
    db 0x1e, 0xb8, 0x00, 0x00, 0x8e, 0xd8, 0xb0, 0x02
    db 0xe6, 0x90, 0x80, 0x3e, 0xa4, 0x6d, 0x01, 0x75
    db 0x0f, 0x8b, 0x1e, 0x92, 0x6d, 0x8a, 0x07, 0x43
    db 0x89, 0x1e, 0x92, 0x6d, 0x3c, 0x00, 0x75, 0x0f
    db 0x80, 0x0e, 0x4f, 0x6d, 0x40, 0xa0, 0x4f, 0x6d
    db 0xe6, 0x60, 0x1f, 0x5b, 0x58, 0xfb, 0xcf, 0xe6
    db 0x40, 0xa0, 0x94, 0x6d, 0x0c, 0x20, 0xe6, 0x30
    db 0x90, 0x90, 0x90, 0x90, 0x24, 0xdf, 0xe6, 0x30
    db 0xeb, 0xe8, 0x51, 0x56, 0xe8, 0x95, 0x03, 0x5e
    db 0x59, 0xcb, 0x80, 0x3e, 0x4e, 0x6d, 0x00, 0x75
    db 0x48, 0xe8, 0x02, 0x04, 0x73, 0x1a, 0x8b, 0x1e
    db 0x79, 0x6d, 0x53, 0x06, 0x9a, 0x5e, 0xdb, 0x98
    db 0xdc, 0x07, 0x5b, 0x89, 0x1e, 0x79, 0x6d, 0x0b
    db 0xc0, 0x74, 0x03, 0xe9, 0xc2, 0xfb, 0xf9, 0xc3
    db 0xe8, 0xcf, 0x03, 0x72, 0x2c, 0x06, 0x9a, 0xbb
    db 0xd3, 0x98, 0xdc, 0x07, 0xe8, 0x30, 0x00, 0xbe
    db 0x1e, 0xd0, 0xb9, 0x91, 0x00, 0xba, 0x88, 0xc6
    db 0xe8, 0x11, 0x53, 0xbe, 0xaf, 0xd0, 0xb9, 0x84
    db 0x00, 0xba, 0x88, 0xc6, 0xe8, 0x05, 0x53, 0xf8
    db 0xc3, 0xe8, 0xd9, 0x03, 0x73, 0xde, 0xe9, 0x8f
    db 0xfb, 0xe8, 0x61, 0x02, 0xc6, 0x06, 0x4e, 0x6d
    db 0x01, 0xe8, 0xb7, 0xfb, 0xe9, 0x87, 0xfb, 0xe8
    db 0x4d, 0x44, 0xbe, 0x00, 0x10, 0xbf, 0xf0, 0x94
    db 0xeb, 0x06, 0xbe, 0xf0, 0x94, 0xbf, 0x00, 0x10
    db 0x06, 0x8c, 0xd8, 0x8e, 0xc0, 0xfc, 0xb9, 0x00
    db 0x08, 0xf3, 0xa5, 0x07, 0xc3, 0xe8, 0x7a, 0xff
    db 0x72, 0x12, 0xbb, 0x2f, 0x6d, 0x43, 0x8a, 0x07
    db 0xe8, 0x01, 0x03, 0xe8, 0x6b, 0x00, 0xe8, 0x68
    db 0x00, 0xe8, 0xd6, 0xff, 0xc3, 0xb0, 0x04, 0xe8
    db 0xf2, 0x02, 0xc3, 0xbe, 0x06, 0xd0, 0xb9, 0x18
    db 0x00, 0xba, 0x88, 0xc6, 0xe8, 0xa5, 0x52, 0xbb
    db 0x74, 0x05, 0xb9, 0x64, 0x00, 0xe8, 0x30, 0x01
    db 0xc3, 0xb9, 0x19, 0x00, 0x51, 0xe8, 0x51, 0x02
    db 0x74, 0x06, 0xc7, 0x06, 0x09, 0x68, 0x95, 0x19
    db 0xb9, 0x01, 0x00, 0xe8, 0x36, 0x00, 0x59, 0xe2
    db 0xeb, 0x81, 0x3e, 0x09, 0x68, 0x95, 0x19, 0x74
    db 0x01, 0xc3, 0xc7, 0x06, 0x09, 0x68, 0x95, 0x19
    db 0xe8, 0x77, 0x44, 0xb0, 0x7e, 0xe6, 0x60, 0xfb
    db 0xeb, 0xfe, 0xbb, 0xc4, 0x00, 0xb9, 0x04, 0x00
    db 0xe8, 0xf5, 0x00, 0xbb, 0xdc, 0x00, 0xb9, 0x03
    db 0x00, 0xe8, 0xec, 0x00, 0xc3, 0xe8, 0xe8, 0x00
    db 0xcb, 0xb9, 0x80, 0x00, 0xbe, 0xb0, 0x04, 0x4e
    db 0x75, 0xfd, 0xe2, 0xf8, 0xc3, 0x51, 0x56, 0x57
    db 0xe8, 0x54, 0xff, 0x5f, 0x5e, 0x59, 0xcb, 0x51
    db 0x56, 0x57, 0xe8, 0x55, 0xff, 0x5f, 0x5e, 0x59
    db 0xcb, 0xb4, 0x08, 0xcd, 0x21, 0x3c, 0xeb, 0x75
    db 0x15, 0x53, 0x51, 0x52, 0x56, 0x57, 0x55, 0x06
    db 0x9a, 0x5e, 0xdb, 0x98, 0xdc, 0x07, 0x5d, 0x5f
    db 0x5e, 0x5a, 0x59, 0x5b, 0xeb, 0xe3, 0xc3, 0x53
    db 0x51, 0x52, 0x56, 0x57, 0x55, 0x06, 0x8b, 0xd0
    db 0x80, 0xc2, 0x23, 0xe8, 0xd1, 0x0f, 0x8b, 0xc2
    db 0x07, 0x5d, 0x5f, 0x5e, 0x5a, 0x59, 0x5b, 0xcb
    db 0xe8, 0x63, 0x09, 0x72, 0x01, 0xc3, 0xc7, 0x06
    db 0x81, 0x6d, 0x95, 0x19, 0xc3, 0xb0, 0xff, 0xe6
    db 0x40, 0xcb, 0x8b, 0x1e, 0x92, 0x6d, 0x8a, 0x17
    db 0x43, 0x89, 0x1e, 0x92, 0x6d, 0x80, 0xfa, 0x00
    db 0x74, 0x19, 0xc6, 0x06, 0xa4, 0x6d, 0x00, 0x80
    db 0x26, 0x4f, 0x6d, 0xbf, 0xa0, 0x4f, 0x6d, 0xe6
    db 0x60, 0x90, 0xc6, 0x06, 0xa4, 0x6d, 0x01, 0xe8
    db 0x0c, 0x00, 0xc3, 0xc3, 0x80, 0xfa, 0xda, 0x75
    db 0x05, 0xe8, 0x02, 0x00, 0xb2, 0x0a, 0x8a, 0xc2
    db 0xe6, 0x40, 0xa1, 0x31, 0x6d, 0xa3, 0x0b, 0x68
    db 0xe4, 0xa0, 0xa8, 0x02, 0x75, 0x12, 0xa0, 0x94
    db 0x6d, 0x0c, 0x20, 0xe6, 0x30, 0x90, 0x90, 0x90
    db 0x90, 0x24, 0xdf, 0xe6, 0x30, 0xb0, 0x00, 0xc3
    db 0xe8, 0xb3, 0x40, 0x3c, 0x00, 0x74, 0xdb, 0xb0
    db 0xff, 0xc3, 0xb9, 0x00, 0x02, 0x8a, 0xc1, 0xe6
    db 0x50, 0x8a, 0xc5, 0xe6, 0x51, 0xb0, 0x7f, 0xe6
    db 0x52, 0xb9, 0x00, 0x80, 0xe2, 0xfe, 0xb0, 0xff
    db 0xe6, 0x52, 0xb9, 0x00, 0x50, 0xe2, 0xfe, 0xc3
    db 0x50, 0x53, 0x51, 0x0b, 0xdb, 0x74, 0x05, 0xe8
    db 0x28, 0x00, 0xeb, 0x03, 0xe8, 0x30, 0x00, 0x0b
    db 0xc9, 0x74, 0x1b, 0x8b, 0xd9, 0xb9, 0x64, 0x00
    db 0x51, 0xb9, 0x1e, 0x00, 0xe2, 0xfe, 0x59, 0xe8
    db 0x07, 0x01, 0xf9, 0x75, 0x06, 0xe2, 0xf1, 0x4b
    db 0x75, 0xeb, 0xf8, 0xe8, 0x11, 0x00, 0x59, 0x5b
    db 0x58, 0xc3, 0x8a, 0xc3, 0xe6, 0x50, 0x8a, 0xc7
    db 0xe6, 0x51, 0xb0, 0x7f, 0xe6, 0x52, 0xc3, 0xb0
    db 0xff, 0xe6, 0x52, 0xc3, 0x50, 0x53, 0x52, 0xe8
    db 0x38, 0x00, 0xba, 0xd5, 0x00, 0xbb, 0x9b, 0x6d
    db 0x8a, 0x07, 0x24, 0x0f, 0xee, 0x81, 0xfa, 0xd0
    db 0x00, 0x74, 0x1f, 0x4b, 0x4a, 0xeb, 0xf1, 0x50
    db 0x53, 0x52, 0xe8, 0x1d, 0x00, 0xba, 0xdc, 0x00
    db 0xbb, 0xa2, 0x6d, 0x8a, 0x07, 0x24, 0x0f, 0xee
    db 0x81, 0xfa, 0xd6, 0x00, 0x74, 0x04, 0x4b, 0x4a
    db 0xeb, 0xf1, 0xb0, 0xf8, 0xe6, 0xdd, 0x5a, 0x5b
    db 0x58, 0xc3, 0xb0, 0xf1, 0xe6, 0xdd, 0xb0, 0xff
    db 0xe6, 0xdf, 0xb0, 0xf0, 0xe6, 0xde, 0xb0, 0xf1
    db 0xe6, 0xdd, 0xb0, 0x01, 0xe6, 0xda, 0xb0, 0xf0
    db 0xe6, 0xdd, 0xc3, 0xc7, 0x06, 0x41, 0x6d, 0xff
    db 0xff, 0xc7, 0x06, 0x4a, 0x6d, 0xff, 0xff, 0x50
    db 0x53, 0x52, 0xb0, 0xf9, 0xe6, 0xdd, 0xb0, 0xfd
    db 0xe6, 0xdf, 0xba, 0xd8, 0x00, 0xbb, 0x45, 0x6d
    db 0x8a, 0x07, 0x24, 0x0f, 0x81, 0xfa, 0xd6, 0x00
    db 0x74, 0x01, 0xee, 0x81, 0xfa, 0xd2, 0x00, 0x74
    db 0x04, 0x43, 0x4a, 0xeb, 0xeb, 0xb0, 0xf8, 0xe6
    db 0xdd, 0x5a, 0x5b, 0x58, 0xc3, 0xb0, 0xf9, 0xe6
    db 0xdd, 0xb0, 0xfd, 0xe6, 0xdf, 0xa0, 0x98, 0x6d
    db 0x8a, 0x26, 0x99, 0x6d, 0xfe, 0xc0, 0x3c, 0x0a
    db 0x75, 0x0b, 0xb0, 0x00, 0xfe, 0xc4, 0x80, 0xfc
    db 0x06, 0x75, 0x02, 0xb4, 0x00, 0xe6, 0xd2, 0x8a
    db 0xc4, 0xe6, 0xd3, 0xb0, 0xf8, 0xe6, 0xdd, 0xc3
    db 0xe4, 0xa0, 0xa8, 0x80, 0x74, 0x02, 0x0c, 0x10
    db 0x34, 0x10, 0xa8, 0x1c, 0x74, 0x18, 0xe8, 0x18
    db 0x00, 0x74, 0x03, 0xb0, 0x01, 0xc3, 0xe8, 0x21
    db 0x00, 0x74, 0x03, 0xb0, 0x02, 0xc3, 0xe8, 0x27
    db 0x00, 0x74, 0x03, 0xb0, 0x03, 0xc3, 0x32, 0xc0
    db 0xc3, 0xe4, 0xa0, 0xa8, 0x08, 0x74, 0xf7, 0xe4
    db 0xa0, 0xa8, 0x08, 0x74, 0xf1, 0x32, 0xc0, 0xfe
    db 0xc0, 0xc3, 0xe4, 0xa0, 0xa8, 0x04, 0x74, 0xe6
    db 0xe4, 0xa0, 0xa8, 0x04, 0x74, 0xe0, 0xeb, 0xed
    db 0xe4, 0xa0, 0xa8, 0x80, 0x75, 0xd8, 0xa8, 0x10
    db 0x75, 0xd4, 0xe4, 0xa0, 0xa8, 0x10, 0x75, 0xce
    db 0xeb, 0xdb, 0x50, 0xe4, 0xa0, 0xa8, 0x80, 0x58
    db 0xf8, 0x75, 0x0b, 0xc3, 0x50, 0xe4, 0xa0, 0xa8
    db 0x40, 0x58, 0xf8, 0x75, 0x01, 0xc3, 0xf9, 0xc3
    db 0xe4, 0x0a, 0xee, 0x0a, 0xf2, 0x0a, 0x02, 0x0b
    db 0x06, 0x0b, 0x08, 0x5d, 0x01, 0x02, 0x00, 0x00
    db 0x04, 0x00, 0x01, 0x00, 0x04, 0xba, 0x02, 0x00
    db 0x05, 0x26, 0x01, 0x05, 0x06, 0x01, 0x05, 0xe9
    db 0x00, 0x05, 0xdc, 0x00, 0x05, 0xc4, 0x00, 0x00
    db 0x02, 0x00, 0x00, 0x00, 0x05, 0xc4, 0x00, 0x05
    db 0xdc, 0x00, 0x05, 0xe9, 0x00, 0x05, 0x06, 0x01
    db 0x05, 0x26, 0x01, 0x00, 0x3c, 0x05, 0x73, 0x21
    db 0x8a, 0xd8, 0x32, 0xff, 0xd1, 0xe3, 0x2e, 0x8b
    db 0xb7, 0xda, 0x0a, 0x2e, 0x8a, 0x0c, 0x0a, 0xc9
    db 0x74, 0x0f, 0x32, 0xed, 0x46, 0x2e, 0x8b, 0x1c
    db 0x46, 0x46, 0xe8, 0x33, 0xfe, 0x72, 0x02, 0xeb
    db 0xea, 0xc3, 0x80, 0x0e, 0xa9, 0x6d, 0x01, 0x80
    db 0x26, 0x4f, 0x6d, 0xfd, 0xa0, 0x4f, 0x6d, 0xe6
    db 0x60, 0x8a, 0xc4, 0xe6, 0x53, 0xc3, 0x80, 0x26
    db 0xa9, 0x6d, 0xfe, 0x80, 0x0e, 0x4f, 0x6d, 0x02
    db 0xa0, 0x4f, 0x6d, 0xe6, 0x60, 0xc3, 0x50, 0x53
    db 0x52, 0xba, 0xdc, 0x00, 0xbb, 0xa2, 0x6d, 0xec
    db 0x24, 0x0f, 0x88, 0x07, 0x81, 0xfa, 0xd0, 0x00
    db 0x74, 0x04, 0x4b, 0x4a, 0xeb, 0xf1, 0x5a, 0x5b
    db 0x58, 0xc3, 0xe8, 0xe1, 0xff, 0xa0, 0x47, 0x6d
    db 0xa2, 0x9c, 0x6d, 0xbf, 0x9e, 0x6d, 0xbe, 0x45
    db 0x6d, 0xb9, 0x07, 0x00, 0xeb, 0x12, 0xe8, 0xcd
    db 0xff, 0xa0, 0x47, 0x6d, 0xa2, 0x9c, 0x6d, 0xbf
    db 0xa2, 0x6d, 0xbe, 0x41, 0x6d, 0xb9, 0x0b, 0x00
    db 0xfc, 0xac, 0x3a, 0x05, 0x75, 0x05, 0x4f, 0xe2
    db 0xf8, 0xf9, 0xc3, 0xf8, 0xc3, 0xe8, 0xae, 0xff
    db 0x32, 0xc0, 0x3a, 0x06, 0x96, 0x6d, 0x75, 0xf3
    db 0x3a, 0x06, 0x97, 0x6d, 0x75, 0xed, 0xf9, 0xc3
    db 0xe8, 0x68, 0x3f, 0x8b, 0xd0, 0xe8, 0x4b, 0x4d
    db 0x3c, 0x03, 0x75, 0x03, 0xb0, 0x1b, 0xc3, 0xc3
    db 0xe8, 0xa2, 0x3d, 0x0a, 0xc0, 0x74, 0x05, 0xe8
    db 0xb1, 0x3e, 0xeb, 0xf4, 0xc3, 0x83, 0x3e, 0xa5
    db 0x6d, 0x00, 0x74, 0x15, 0xff, 0x0e, 0xa5, 0x6d
    db 0x75, 0x0f, 0x80, 0x26, 0x94, 0x6d, 0xef, 0x80
    db 0x0e, 0x94, 0x6d, 0x08, 0xa0, 0x94, 0x6d, 0xe6
    db 0x30, 0xc3, 0xb0, 0x4e, 0xf6, 0x06, 0x94, 0x82
    db 0x01, 0x75, 0x26, 0xb0, 0x4a, 0x80, 0x3e, 0x2b
    db 0x6d, 0x00, 0x74, 0x02, 0x0c, 0x0c, 0x80, 0x3e
    db 0x2c, 0x6d, 0x00, 0x74, 0x02, 0x0c, 0xc0, 0x80
    db 0x3e, 0x2d, 0x6d, 0x00, 0x74, 0x0b, 0x0c, 0x10
    db 0x80, 0x3e, 0x2d, 0x6d, 0x01, 0x74, 0x02, 0x0c
    db 0x20, 0x8a, 0x26, 0x2a, 0x6d, 0xc3, 0xa0, 0x94
    db 0x6d, 0x0c, 0x08, 0xe6, 0x30, 0x90, 0x90, 0x90
    db 0x90, 0x24, 0xf7, 0xe6, 0x30, 0x90, 0x90, 0x90
    db 0x90, 0x52, 0x32, 0xc0, 0xba, 0xc1, 0x00, 0xee
    db 0xee, 0xee, 0xb0, 0x40, 0xee, 0xa1, 0xac, 0x6e
    db 0xee, 0xb0, 0x37, 0xee, 0x5a, 0xc3, 0xe8, 0xa1
    db 0xff, 0x33, 0xc9, 0x89, 0x0e, 0xa5, 0x6d, 0xa3
    db 0xac, 0x6e, 0xa0, 0x94, 0x6d, 0x0c, 0x10, 0x24
    db 0xf8, 0x8a, 0x26, 0x2a, 0x6d, 0xf6, 0xd4, 0x80
    db 0xe4, 0x07, 0x0a, 0xc4, 0xe6, 0x30, 0xa2, 0x94
    db 0x6d, 0x90, 0x90, 0x90, 0x90, 0xe8, 0xae, 0xff
    db 0x80, 0x26, 0xa5, 0x70, 0xf3, 0x80, 0x26, 0x4f
    db 0x6d, 0xcf, 0xb4, 0x00, 0x88, 0x26, 0xe4, 0x70
    db 0x88, 0x26, 0xe5, 0x70, 0x88, 0x26, 0xe6, 0x70
    db 0x88, 0x26, 0x57, 0x6d, 0xc6, 0x06, 0xa3, 0x6d
    db 0x01, 0xa0, 0x4f, 0x6d, 0xe6, 0x60, 0xfb, 0xb9
    db 0x30, 0x75, 0xe2, 0xfe, 0xc6, 0x06, 0xa3, 0x6d
    db 0x00, 0xb0, 0x37, 0x52, 0xba, 0xc1, 0x00, 0xee
    db 0x5a, 0xc3, 0xfa, 0xe8, 0x15, 0x3c, 0xe8, 0x95
    db 0xff, 0xc3, 0xe8, 0xf5, 0xff, 0xcb, 0xe8, 0xf1
    db 0xff, 0xc6, 0x06, 0x57, 0x6d, 0x01, 0xe8, 0xff
    db 0xfe, 0xc3, 0x52, 0xba, 0xc1, 0x00, 0x32, 0xc0
    db 0x5a, 0xa8, 0x80, 0x75, 0x0b, 0xe8, 0x3b, 0x00
    db 0x52, 0xba, 0xc0, 0x00, 0x32, 0xc0, 0x5a, 0xc3
    db 0xb2, 0x07, 0xb4, 0x02, 0xc3, 0x9a, 0x6e, 0x0d
    db 0x98, 0xdc, 0xa1, 0xe3, 0x72, 0x50, 0xe8, 0x23
    db 0x01, 0x58, 0x74, 0xf1, 0x50, 0x9a, 0x6e, 0x0d
    db 0x98, 0xdc, 0x8b, 0x1e, 0xe3, 0x72, 0x58, 0x0b
    db 0xdb, 0x75, 0x07, 0x3b, 0xc3, 0x7c, 0x03, 0x2d
    db 0x3c, 0x00, 0x50, 0x4b, 0x4b, 0x3b, 0xd8, 0x7c
    db 0xdd, 0x58, 0xc3, 0x52, 0xba, 0xc1, 0x00, 0x32
    db 0xc0, 0x5a, 0xc3, 0xb9, 0x10, 0x27, 0xe2, 0xfe
    db 0x80, 0x0e, 0x4f, 0x6d, 0x30, 0xa0, 0x4f, 0x6d
    db 0xe6, 0x60, 0x52, 0xba, 0xc1, 0x00, 0x32, 0xc0
    db 0x5a, 0xc7, 0x06, 0xa5, 0x6d, 0x58, 0x02, 0xc3
    db 0xe8, 0xe0, 0xff, 0xcb, 0xba, 0xc1, 0x00, 0xec
    db 0xa8, 0x80, 0x72, 0xf8, 0xc3, 0x52, 0xba, 0xc1
    db 0x00, 0xec, 0x5a, 0xa8, 0x01, 0x74, 0x16, 0xa1
    db 0x31, 0x6d, 0xa3, 0x0b, 0x68, 0x52, 0xe8, 0xe3
    db 0xff, 0x5a, 0x74, 0x09, 0xf6, 0x06, 0xa5, 0x70
    db 0x0c, 0x75, 0x02, 0xf8, 0xc3, 0xf9, 0xc3, 0xe8
    db 0xdb, 0xff, 0x73, 0x0d, 0x52, 0xe8, 0x7e, 0x3c
    db 0x5a, 0x0a, 0xc0, 0x74, 0xf2, 0xb0, 0xff, 0xeb
    db 0x07, 0x8a, 0xc2, 0xe8, 0x0e, 0x00, 0x32, 0xc0
    db 0x8b, 0x5e, 0x02, 0x8a, 0xd8, 0x89, 0x5e, 0x02
    db 0x89, 0x46, 0x00, 0xc3, 0x80, 0x0e, 0xa5, 0x70
    db 0x08, 0x52, 0xba, 0xc0, 0x00, 0xee, 0x5a, 0xc3
    db 0xe8, 0xaa, 0xff, 0x72, 0x09, 0x8a, 0xc2, 0xe8
    db 0xef, 0xff, 0x33, 0xc0, 0xf8, 0xc3, 0x52, 0xe8
    db 0x44, 0x3c, 0x5a, 0x0a, 0xc0, 0x75, 0x04, 0x32
    db 0xc0, 0xf9, 0xc3, 0x52, 0xe8, 0x01, 0xfe, 0x5a
    db 0xf9, 0xc3, 0xe8, 0xdb, 0xff, 0x72, 0x01, 0xc3
    db 0x3c, 0x1b, 0x74, 0x06, 0x3c, 0x09, 0x74, 0x02
    db 0xeb, 0xf0, 0xf9, 0xc3, 0x9a, 0x6e, 0x0d, 0x98
    db 0xdc, 0xff, 0x36, 0xe3, 0x72, 0xe8, 0xc0, 0xff
    db 0x72, 0x03, 0x44, 0x44, 0xc3, 0x0a, 0xc0, 0x74
    db 0x0f, 0x3c, 0x1b, 0x74, 0x07, 0x3c, 0x09, 0x74
    db 0x03, 0xeb, 0x05, 0x90, 0x44, 0x44, 0xf9, 0xc3
    db 0x9a, 0x6e, 0x0d, 0x98, 0xdc, 0x8b, 0x1e, 0xe3
    db 0x72, 0x58, 0x0b, 0xdb, 0x75, 0x07, 0x3b, 0xc3
    db 0x7e, 0x03, 0x2d, 0x3c, 0x00, 0x2b, 0x1e, 0xab
    db 0x6d, 0x3b, 0xd8, 0x7f, 0x03, 0x50, 0xeb, 0xc5
    db 0x33, 0xc0, 0xf9, 0xc3, 0xe8, 0x6c, 0x3d, 0xf6
    db 0x06, 0xa5, 0x70, 0x02, 0xc3, 0xe8, 0xf4, 0xff
    db 0x75, 0x02, 0xf8, 0xc3, 0xe8, 0xc7, 0x3b, 0x0a
    db 0xc0, 0x75, 0x04, 0x32, 0xc0, 0xf9, 0xc3, 0xe8
    db 0x86, 0xfd, 0xf9, 0xc3, 0xe8, 0xe6, 0xff, 0x72
    db 0x01, 0xc3, 0x3c, 0x1b, 0x74, 0x06, 0x3c, 0x09
    db 0x74, 0x02, 0xeb, 0xf0, 0xf9, 0xc3, 0x9a, 0x6e
    db 0x0d, 0x98, 0xdc, 0xff, 0x36, 0xe3, 0x72, 0xe8
    db 0xcb, 0xff, 0x72, 0x03, 0x44, 0x44, 0xc3, 0x0a
    db 0xc0, 0x74, 0x0f, 0x3c, 0x1b, 0x74, 0x07, 0x3c
    db 0x09, 0x74, 0x03, 0xeb, 0x05, 0x90, 0x44, 0x44
    db 0xf9, 0xc3, 0x9a, 0x6e, 0x0d, 0x98, 0xdc, 0x8b
    db 0x1e, 0xe3, 0x72, 0x58, 0x0b, 0xdb, 0x75, 0x07
    db 0x3b, 0xc3, 0x7e, 0x03, 0x2d, 0x3c, 0x00, 0x2b
    db 0x1e, 0xab, 0x6d, 0x3b, 0xd8, 0x7f, 0x03, 0x50
    db 0xeb, 0xc5, 0x33, 0xc0, 0xf9, 0xc3, 0x2e, 0x8a
    db 0x04, 0x0a, 0xc0, 0x74, 0x16, 0xb4, 0x00, 0x8b
    db 0xc8, 0x46, 0x2e, 0x8a, 0x14, 0x51, 0x56, 0xe8
    db 0x18, 0xff, 0x5e, 0x59, 0x72, 0x05, 0x46, 0xe2
    db 0xf1, 0xf8, 0xc3, 0xf9, 0xc3, 0x2e, 0x8a, 0x04
    db 0x0a, 0xc0, 0x74, 0x16, 0xb4, 0x00, 0x8b, 0xc8
    db 0x46, 0x2e, 0x8a, 0x14, 0x51, 0x56, 0xe8, 0x0b
    db 0xff, 0x5e, 0x59, 0x72, 0x05, 0x46, 0xe2, 0xf1
    db 0xf8, 0xc3, 0xf9, 0xc3, 0xfc, 0x06, 0xbd, 0x00
    db 0x00, 0x8e, 0xc5, 0xbb, 0x00, 0xc0, 0xba, 0x8b
    db 0x11, 0xbf, 0x00, 0x00, 0xb9, 0x03, 0x00, 0x8b
    db 0xc2, 0xab, 0x8b, 0xc3, 0xab, 0xe2, 0xf8, 0x8b
    db 0xc2, 0xab, 0x8b, 0xc3, 0xab, 0xb9, 0x03, 0x00
    db 0x8b, 0xc2, 0xab, 0x8b, 0xc3, 0xab, 0xe2, 0xf8
    db 0xb9, 0x05, 0x00, 0x8b, 0xc2, 0xab, 0x8b, 0xc3
    db 0xab, 0xe2, 0xf8, 0x8b, 0xc2, 0xab, 0x8b, 0xc3
    db 0xab, 0xb9, 0x03, 0x00, 0x8b, 0xc2, 0xab, 0x8b
    db 0xc3, 0xab, 0xe2, 0xf8, 0x8b, 0xc2, 0xab, 0x8b
    db 0xc3, 0xab, 0xb9, 0xe7, 0x00, 0x8b, 0xc2, 0xab
    db 0x8b, 0xc3, 0xab, 0xe2, 0xf8, 0xbb, 0x00, 0xc0
    db 0xb9, 0x04, 0x00, 0xbf, 0xe0, 0x03, 0xba, 0x09
    db 0x00, 0x8b, 0xc2, 0xab, 0x8b, 0xc3, 0xab, 0x83
    db 0xc2, 0x03, 0xe2, 0xf5, 0x8b, 0xc2, 0xab, 0x8b
    db 0xc3, 0xab, 0x83, 0xc2, 0x03, 0x8b, 0xc2, 0xab
    db 0x8b, 0xc3, 0xab, 0x83, 0xc2, 0x03, 0xb9, 0x02
    db 0x00, 0x8b, 0xc2, 0xab, 0x8b, 0xc3, 0xab, 0x83
    db 0xc2, 0x03, 0xe2, 0xf5, 0xb8, 0x06, 0x00, 0xbf
    db 0x84, 0x00, 0xab, 0x8b, 0xc3, 0xab, 0xb8, 0x7d
    db 0x15, 0xbf, 0x04, 0x00, 0xab, 0xb8, 0x00, 0xc0
    db 0xab, 0x1e, 0xbf, 0x00, 0x02, 0x8c, 0xd8, 0x8e
    db 0xc0, 0xbe, 0x94, 0x0f, 0xb8, 0x00, 0xc0, 0x8e
    db 0xd8, 0xb9, 0x52, 0x00, 0x90, 0xf3, 0xa5, 0x1f
    db 0x07, 0xc3, 0xad, 0x67, 0x00, 0xc0, 0x81, 0x0e
    db 0x98, 0xdc, 0xe5, 0x0e, 0x98, 0xdc, 0x4c, 0x12
    db 0x98, 0xdc, 0x55, 0x15, 0x98, 0xdc, 0xea, 0x18
    db 0x98, 0xdc, 0xb7, 0x1b, 0x98, 0xdc, 0x4e, 0x21
    db 0x98, 0xdc, 0x70, 0x0e, 0x98, 0xdc, 0x77, 0x10
    db 0x98, 0xdc, 0xd4, 0x10, 0x98, 0xdc, 0x59, 0x18
    db 0x98, 0xdc, 0xf9, 0x0c, 0x98, 0xdc, 0x19, 0x0d
    db 0x98, 0xdc, 0xaf, 0x0d, 0x98, 0xdc, 0xbf, 0x67
    db 0x00, 0xc0, 0xd5, 0xe8, 0x98, 0xdc, 0x46, 0xe9
    db 0x98, 0xdc, 0x08, 0xee, 0x98, 0xdc, 0x54, 0xea
    db 0x98, 0xdc, 0x2e, 0xee, 0x98, 0xdc, 0x40, 0xee
    db 0x98, 0xdc, 0x40, 0xee, 0x98, 0xdc, 0x56, 0xee
    db 0x98, 0xdc, 0x72, 0xee, 0x98, 0xdc, 0x8a, 0xee
    db 0x98, 0xdc, 0x98, 0xea, 0x98, 0xdc, 0x1d, 0xeb
    db 0x98, 0xdc, 0x2a, 0xec, 0x98, 0xdc, 0xa6, 0xee
    db 0x98, 0xdc, 0x86, 0xec, 0x98, 0xdc, 0x12, 0xed
    db 0x98, 0xdc, 0xd6, 0xef, 0x98, 0xdc, 0x7b, 0xef
    db 0x98, 0xdc, 0x9a, 0xef, 0x98, 0xdc, 0x00, 0xf0
    db 0x98, 0xdc, 0x18, 0xf0, 0x98, 0xdc, 0x3a, 0xf0
    db 0x98, 0xdc, 0x52, 0xf0, 0x98, 0xdc, 0xe5, 0x52
    db 0x98, 0xdc, 0x87, 0x28, 0x98, 0xdc, 0xbb, 0x10
    db 0x6d, 0xb9, 0x14, 0x00, 0xc6, 0x07, 0x00, 0x43
    db 0xe2, 0xfa, 0xb8, 0x00, 0x00, 0xa2, 0xae, 0x6e
    db 0xa2, 0xaf, 0x6e, 0x80, 0x26, 0x73, 0x76, 0x40
    db 0xa3, 0xb0, 0x6e, 0xa2, 0xb2, 0x6e, 0xa2, 0xb3
    db 0x6e, 0xa2, 0xe2, 0x70, 0xa2, 0xe3, 0x70, 0xa2
    db 0x25, 0x6d, 0xa2, 0x26, 0x6d, 0xa2, 0x27, 0x6d
    db 0x80, 0x26, 0x4f, 0x6d, 0x7e, 0x80, 0x26, 0x4f
    db 0x6d, 0xf7, 0xa0, 0x4f, 0x6d, 0xe6, 0x60, 0xe4
    db 0xb0, 0xb0, 0xfe, 0xe6, 0x61, 0xb0, 0xff, 0xe6
    db 0x61, 0xc6, 0x06, 0x29, 0x6d, 0x00, 0xc3, 0xc6
    db 0x06, 0xb4, 0x6e, 0x01, 0xe8, 0xd0, 0x00, 0xeb
    db 0x1a, 0x80, 0x0e, 0x58, 0x6d, 0x01, 0xeb, 0x13
    db 0x80, 0x26, 0x58, 0x6d, 0xfe, 0xeb, 0x0c, 0x80
    db 0x0e, 0x58, 0x6d, 0x02, 0xeb, 0x05, 0x80, 0x26
    db 0x58, 0x6d, 0xfd, 0xe8, 0x48, 0x39, 0x0a, 0xc0
    db 0x74, 0x5a, 0xe8, 0xec, 0xf7, 0x3c, 0x0b, 0x74
    db 0x76, 0x3c, 0x03, 0x74, 0x72, 0x3c, 0x14, 0x74
    db 0xd0, 0x3c, 0x15, 0x74, 0xd3, 0x3c, 0x17, 0x74
    db 0xd6, 0x3c, 0x16, 0x74, 0xd9, 0xbe, 0xe4, 0x10
    db 0x2e, 0x8b, 0x14, 0x80, 0xfa, 0x00, 0x74, 0x1a
    db 0x46, 0x46, 0x3a, 0xc2, 0x75, 0xf2, 0x8a, 0xc6
    db 0xeb, 0x21, 0x08, 0x08, 0x11, 0x08, 0x09, 0x09
    db 0x12, 0x0a, 0x13, 0x0b, 0x10, 0x0c, 0xda, 0x0d
    db 0x00, 0x00, 0x3c, 0xec, 0x74, 0x0a, 0x3c, 0x20
    db 0x72, 0x12, 0x3c, 0xc0, 0x73, 0x0e, 0xeb, 0x03
    db 0xa0, 0xaa, 0x6d, 0xe8, 0x34, 0x00, 0x8a, 0xd0
    db 0xb4, 0x04, 0xcd, 0x21, 0xe8, 0x7c, 0x3a, 0xf6
    db 0x06, 0xa5, 0x70, 0x02, 0x75, 0x95, 0xe8, 0x2e
    db 0x00, 0x81, 0x3e, 0x09, 0x68, 0x92, 0x19, 0x74
    db 0x8a, 0xfa, 0xa0, 0xe2, 0x70, 0x3a, 0x06, 0xe3
    db 0x70, 0xfb, 0x74, 0xe0, 0xe9, 0x7c, 0xff, 0x50
    db 0xe8, 0xf0, 0xfb, 0x58, 0xc6, 0x06, 0xb4, 0x6e
    db 0x00, 0xc3, 0xf6, 0x06, 0x58, 0x6d, 0x01, 0x74
    db 0x05, 0x50, 0xe8, 0x02, 0x00, 0x58, 0xc3, 0xf6
    db 0x06, 0x58, 0x6d, 0x02, 0x74, 0x09, 0x3c, 0x0d
    db 0x75, 0x05, 0xe8, 0x02, 0x00, 0xb0, 0x0a, 0xb4
    db 0x00, 0x9a, 0x38, 0x00, 0x98, 0xdc, 0xc3, 0x9a
    db 0x0e, 0x00, 0x98, 0xdc, 0xe8, 0x53, 0xfb, 0xc6
    db 0x06, 0x57, 0x6d, 0x01, 0xbe, 0xd7, 0x67, 0xb9
    db 0x2f, 0x00, 0xe8, 0x52, 0x05, 0xb8, 0x00, 0x00
    db 0xbb, 0x01, 0x00, 0x9a, 0x2a, 0x00, 0x98, 0xdc
    db 0xb8, 0x01, 0x00, 0x9a, 0x1c, 0x00, 0x98, 0xdc
    db 0xc3, 0xcf, 0x8c, 0xc8, 0xa3, 0x7b, 0x6d, 0xa3
    db 0x8b, 0x6d, 0xa1, 0x79, 0x6d, 0xa3, 0x89, 0x6d
    db 0xc7, 0x06, 0x09, 0x68, 0x99, 0x19, 0xe8, 0xa8
    db 0xf2, 0xbe, 0xbc, 0x11, 0xba, 0x00, 0xc0, 0xb9
    db 0x5f, 0x00, 0x90, 0xe8, 0x26, 0x49, 0x80, 0x0e
    db 0x51, 0x6d, 0x01, 0xb0, 0x7e, 0xe6, 0x60, 0xfb
    db 0xeb, 0xfe, 0xff, 0x44, 0x1d, 0x00, 0x14, 0x00
    db 0x0d, 0x00, 0x2e, 0x00, 0x00, 0x00, 0x00, 0x00
    db 0x0f, 0xff, 0x04, 0x00, 0x06, 0xff, 0x02, 0x08
    db 0x00, 0x14, 0x00, 0xf2, 0x49, 0x6e, 0x74, 0x65
    db 0x72, 0x6e, 0x61, 0x6c, 0x20, 0x73, 0x6f, 0x66
    db 0x74, 0x77, 0x61, 0x72, 0x65, 0x20, 0x65, 0x72
    db 0x72, 0x6f, 0x72, 0x2e, 0x20, 0x50, 0x6c, 0x65
    db 0x61, 0x73, 0x65, 0x20, 0x72, 0x65, 0x73, 0x65
    db 0x74, 0x20, 0x74, 0x68, 0x69, 0x73, 0x20, 0x63
    db 0x6f, 0x6d, 0x70, 0x75, 0x74, 0x65, 0x72, 0x20
    db 0x61, 0x6e, 0x64, 0x20, 0x63, 0x6f, 0x6e, 0x74
    db 0x61, 0x63, 0x74, 0x20, 0x4e, 0x54, 0x53, 0x2e
    db 0xf3, 0xff, 0x44, 0x1d, 0x00, 0xd8, 0x00, 0x0d
    db 0x00, 0x2a, 0x00, 0x00, 0x00, 0x00, 0x00, 0x0f
    db 0xff, 0x04, 0x00, 0x06, 0xff, 0x02, 0x08, 0x00
    db 0xdc, 0x00, 0xf2, 0x20, 0x49, 0x4e, 0x54, 0x21
    db 0x20, 0xf3, 0xe8, 0x08, 0x00, 0xcb, 0xe8, 0x0f
    db 0x00, 0x74, 0x02, 0xf8, 0xc3, 0xe8, 0x28, 0x00
    db 0xe8, 0x42, 0x00, 0x72, 0x02, 0xeb, 0xf6, 0xc3
    db 0x06, 0xbf, 0x00, 0xc0, 0x8e, 0xc7, 0xbf, 0x68
    db 0x12, 0xbe, 0x06, 0x6d, 0xb9, 0x0a, 0x00, 0xfc
    db 0xf3, 0xa6, 0x07, 0x0b, 0xc9, 0xc3, 0x00, 0x08
    db 0x00, 0x00, 0x80, 0x00, 0x00, 0x00, 0x40, 0x00
    db 0x9a, 0x0e, 0x00, 0x98, 0xdc, 0xbe, 0x86, 0x00
    db 0xba, 0x88, 0xc6, 0xb9, 0x42, 0x00, 0xe8, 0x53
    db 0x48, 0xb8, 0x00, 0x00, 0xbb, 0x02, 0x00, 0x9a
    db 0x2a, 0x00, 0x98, 0xdc, 0xc3, 0x80, 0x26, 0x51
    db 0x6d, 0xf7, 0xe8, 0x67, 0x03, 0xb8, 0x01, 0x00
    db 0x9a, 0x1c, 0x00, 0x98, 0xdc, 0xe8, 0x01, 0xf6
    db 0xe8, 0x72, 0x03, 0x3c, 0x01, 0x74, 0x34, 0x0a
    db 0xc0, 0x74, 0xea, 0x3c, 0x0b, 0x74, 0x1d, 0x3c
    db 0x02, 0x74, 0x19, 0x3c, 0x03, 0x74, 0x15, 0x3c
    db 0x3f, 0x74, 0x13, 0x3c, 0x4b, 0x74, 0x14, 0x3c
    db 0x6b, 0x74, 0x10, 0x3c, 0xda, 0x74, 0x66, 0xe8
    db 0xa8, 0x03, 0xeb, 0xc9, 0xf9, 0xc3, 0xe8, 0x18
    db 0x04, 0xeb, 0xc2, 0xe8, 0xce, 0x03, 0xe8, 0x97
    db 0xff, 0xeb, 0xb2, 0xe8, 0x6b, 0xf1, 0xc6, 0x06
    db 0x59, 0x6d, 0x55, 0xe9, 0x41, 0xed, 0xb0, 0x0b
    db 0xf8, 0xc3, 0xb0, 0xf9, 0xe6, 0xdd, 0xb0, 0x4c
    db 0xa2, 0xbb, 0x6e, 0xe9, 0xa9, 0x00, 0xb2, 0x58
    db 0x53, 0xe8, 0xa3, 0x05, 0x5b, 0xeb, 0x05, 0xb2
    db 0x59, 0xe8, 0xea, 0x02, 0xc6, 0x06, 0xbb, 0x6e
    db 0x50, 0xba, 0x00, 0x30, 0x89, 0x16, 0xb9, 0x6e
    db 0xba, 0x00, 0x00, 0x89, 0x16, 0xb7, 0x6e, 0xe9
    db 0x85, 0x00, 0xa0, 0x94, 0x6d, 0x24, 0x7f, 0xeb
    db 0x05, 0xa0, 0x94, 0x6d, 0x0c, 0x80, 0xe6, 0x30
    db 0xa0, 0x94, 0x6d, 0xeb, 0x72, 0xe8, 0x86, 0x03
    db 0xb8, 0x00, 0x00, 0x9a, 0x1c, 0x00, 0x98, 0xdc
    db 0xbb, 0x06, 0x6c, 0x8a, 0x07, 0x3c, 0xda, 0x74
    db 0xa5, 0xba, 0x00, 0x00, 0xb1, 0x04, 0x24, 0xdf
    db 0x3c, 0x4d, 0x74, 0xa4, 0x3c, 0x49, 0x74, 0xa0
    db 0x3c, 0x4c, 0x74, 0x96, 0x3c, 0x53, 0x74, 0x98
    db 0x3c, 0x50, 0x74, 0xa8, 0x3c, 0x51, 0x74, 0x96
    db 0x3c, 0x52, 0x74, 0x9b, 0x3c, 0x59, 0x74, 0x88
    db 0x3c, 0x5a, 0x74, 0x84, 0x3c, 0x54, 0x74, 0xb1
    db 0x3c, 0x4e, 0x74, 0xa6, 0x43, 0x25, 0x5f, 0x00
    db 0x3c, 0x41, 0x72, 0x04, 0x2c, 0x37, 0xeb, 0x02
    db 0x24, 0x0f, 0xd3, 0xe2, 0x0b, 0xd0, 0x8a, 0x07
    db 0x3c, 0xda, 0x74, 0x22, 0x3c, 0x3a, 0x74, 0x0b
    db 0x3c, 0x2c, 0x75, 0xe0, 0x89, 0x16, 0xb9, 0x6e
    db 0xeb, 0x05, 0x90, 0x89, 0x16, 0xb7, 0x6e, 0xba
    db 0x00, 0x00, 0x43, 0xeb, 0xe1, 0xc6, 0x06, 0xbb
    db 0x6e, 0x4d, 0x8b, 0x16, 0xb9, 0x6e, 0xc6, 0x06
    db 0xc0, 0x6e, 0x00, 0x80, 0x3e, 0xbb, 0x6e, 0x50
    db 0x74, 0xeb, 0x80, 0x3e, 0xbb, 0x6e, 0x5a, 0x74
    db 0x0c, 0x80, 0x3e, 0xbb, 0x6e, 0x59, 0x75, 0x08
    db 0xc6, 0x06, 0xc0, 0x6e, 0x01, 0xe9, 0x28, 0x01
    db 0x80, 0x3e, 0xbb, 0x6e, 0x53, 0x74, 0x0d, 0x80
    db 0x3e, 0xbb, 0x6e, 0x4c, 0x74, 0x1e, 0x89, 0x16
    db 0xb9, 0x6e, 0xeb, 0x23, 0x8b, 0x3e, 0xb9, 0x6e
    db 0x8b, 0x36, 0xb7, 0x6e, 0x1e, 0x8e, 0xde, 0x88
    db 0x15, 0x1f, 0xc6, 0x06, 0xbb, 0x6e, 0x4d, 0xba
    db 0x01, 0x00, 0xeb, 0x0e, 0xc7, 0x06, 0xb9, 0x6e
    db 0xd0, 0x00, 0xba, 0x01, 0x00, 0xeb, 0x03, 0xba
    db 0x07, 0x00, 0x52, 0x80, 0x3e, 0xbb, 0x6e, 0x49
    db 0x74, 0x13, 0x80, 0x3e, 0xbb, 0x6e, 0x4c, 0x74
    db 0x0c, 0x8b, 0x1e, 0xb7, 0x6e, 0xe8, 0x23, 0x02
    db 0xb0, 0x3a, 0xe8, 0x4d, 0x02, 0x8b, 0x1e, 0xb9
    db 0x6e, 0xe8, 0x17, 0x02, 0xb0, 0x20, 0xe8, 0x41
    db 0x02, 0xb0, 0x20, 0xe8, 0x3c, 0x02, 0x5a, 0xb9
    db 0x10, 0x00, 0x52, 0x51, 0xe8, 0x73, 0x00, 0x46
    db 0x89, 0x36, 0xb9, 0x6e, 0x53, 0xe8, 0x06, 0x02
    db 0x5b, 0x59, 0x8a, 0xc3, 0x8b, 0xd9, 0x81, 0xc3
    db 0x56, 0x6c, 0x88, 0x07, 0x51, 0x80, 0xf9, 0x09
    db 0xb0, 0x2d, 0x74, 0x02, 0xb0, 0x20, 0xe8, 0x11
    db 0x02, 0x59, 0x5a, 0xe2, 0xd5, 0xe8, 0x70, 0x00
    db 0xe8, 0x4b, 0x02, 0x4a, 0x75, 0x9c, 0x80, 0x3e
    db 0xbb, 0x6e, 0x4c, 0x75, 0x04, 0xb0, 0xf8, 0xe6
    db 0xdd, 0xb8, 0x01, 0x00, 0x9a, 0x1c, 0x00, 0x98
    db 0xdc, 0xe8, 0x1d, 0xf4, 0x3c, 0x12, 0x74, 0x1c
    db 0x8b, 0x1e, 0xb9, 0x6e, 0x81, 0xeb, 0xe0, 0x00
    db 0x89, 0x1e, 0xb9, 0x6e, 0x3c, 0x13, 0x74, 0x0c
    db 0x3c, 0x0b, 0x74, 0x06, 0x3c, 0x03, 0x74, 0x02
    db 0xf8, 0xc3, 0xf9, 0xc3, 0xb8, 0x00, 0x00, 0x9a
    db 0x1c, 0x00, 0x98, 0xdc, 0xe8, 0x07, 0x02, 0xe9
    db 0x55, 0xff, 0x8c, 0xd9, 0x8b, 0x36, 0xb9, 0x6e
    db 0x80, 0x3e, 0xbb, 0x6e, 0x49, 0x74, 0x13, 0x80
    db 0x3e, 0xbb, 0x6e, 0x4c, 0x74, 0x0c, 0x8b, 0x16
    db 0xb7, 0x6e, 0x8e, 0xda, 0x8a, 0x1c, 0x8e, 0xd9
    db 0xeb, 0x05, 0x8b, 0xd6, 0xec, 0x8a, 0xd8, 0xc3
    db 0xb0, 0x20, 0xe8, 0x95, 0x01, 0xb9, 0x10, 0x00
    db 0x8b, 0xd9, 0x81, 0xc3, 0x56, 0x6c, 0x8a, 0x07
    db 0x3c, 0xc0, 0x73, 0x04, 0x3c, 0x20, 0x73, 0x02
    db 0xb0, 0x2e, 0xe8, 0x7d, 0x01, 0xe2, 0xe9, 0xc3
    db 0x89, 0x16, 0xb9, 0x6e, 0x8b, 0x1e, 0xb9, 0x6e
    db 0x89, 0x1e, 0xbc, 0x6e, 0x8b, 0x1e, 0xb7, 0x6e
    db 0x89, 0x1e, 0xbe, 0x6e, 0xb8, 0x00, 0x00, 0x9a
    db 0x1c, 0x00, 0x98, 0xdc, 0x9c, 0x8b, 0xec, 0x81
    db 0x76, 0x00, 0x00, 0x01, 0xf7, 0x46, 0x00, 0x00
    db 0x01, 0x74, 0x25, 0xbe, 0x5e, 0x15, 0xba, 0x00
    db 0xc0, 0xb9, 0x0f, 0x00, 0x90, 0xe8, 0xa4, 0x45
    db 0xe8, 0x83, 0x01, 0x8b, 0x1e, 0xb7, 0x6e, 0xe8
    db 0x09, 0x01, 0xb0, 0x3a, 0xe8, 0x33, 0x01, 0x8b
    db 0x1e, 0xb9, 0x6e, 0xe8, 0xfd, 0x00, 0xeb, 0x0d
    db 0xbe, 0x6d, 0x15, 0xba, 0x00, 0xc0, 0xb9, 0x10
    db 0x00, 0x90, 0xe8, 0x7f, 0x45, 0xe8, 0x5e, 0x01
    db 0x9d, 0xe9, 0x1d, 0xff, 0x54, 0x52, 0x41, 0x50
    db 0x20, 0x57, 0x41, 0x53, 0x20, 0x53, 0x45, 0x54
    db 0x20, 0x41, 0x54, 0x54, 0x52, 0x41, 0x50, 0x20
    db 0x57, 0x41, 0x53, 0x20, 0x52, 0x45, 0x4d, 0x4f
    db 0x56, 0x45, 0x44, 0x1e, 0x55, 0x53, 0x8b, 0xec
    db 0xbb, 0x00, 0x00, 0x8e, 0xdb, 0xf6, 0x06, 0xc0
    db 0x6e, 0x80, 0x75, 0x3d, 0x8b, 0x1e, 0xbc, 0x6e
    db 0x3b, 0x5e, 0x06, 0x75, 0x30, 0x8b, 0x1e, 0xbe
    db 0x6e, 0x3b, 0x5e, 0x08, 0x75, 0x27, 0x80, 0x3e
    db 0xc0, 0x6e, 0x01, 0x75, 0x07, 0x80, 0x0e, 0xc0
    db 0x6e, 0x80, 0xeb, 0x1d, 0x81, 0x66, 0x0a, 0xff
    db 0xfe, 0x50, 0xbb, 0x28, 0x00, 0xe8, 0xe2, 0xf3
    db 0x58, 0x5b, 0x5d, 0x1f, 0xff, 0x2e, 0xe0, 0x03
    db 0x81, 0x66, 0x0a, 0xff, 0xfe, 0x5b, 0x5d, 0x1f
    db 0xcf, 0xfe, 0x06, 0xc0, 0x6e, 0x74, 0xf1, 0x50
    db 0xbb, 0x28, 0x00, 0xe8, 0xc4, 0xf3, 0xb8, 0x88
    db 0x13, 0x48, 0x75, 0xfd, 0xe8, 0xc8, 0xf3, 0xbb
    db 0x80, 0x00, 0xb8, 0xb0, 0x04, 0x48, 0x75, 0xfd
    db 0x4b, 0x75, 0xf7, 0x58, 0xeb, 0xd7, 0x53, 0xe8
    db 0xad, 0x02, 0xb0, 0x03, 0xe6, 0x13, 0xb0, 0x02
    db 0xe6, 0x14, 0x5b, 0xc3, 0xc7, 0x06, 0xb7, 0x6e
    db 0x00, 0x00, 0xc7, 0x06, 0xb5, 0x6e, 0x06, 0x6c
    db 0x8b, 0x1e, 0xb5, 0x6e, 0xc6, 0x07, 0x00, 0xc6
    db 0x06, 0xbb, 0x6e, 0x4d, 0xc3, 0x8b, 0x1e, 0xb5
    db 0x6e, 0x3c, 0x11, 0x74, 0x04, 0x3c, 0x08, 0x75
    db 0x0e, 0xb0, 0x08, 0x81, 0xfb, 0x06, 0x6c, 0x74
    db 0x03, 0x4b, 0xeb, 0x12, 0xb0, 0x00, 0xc3, 0x88
    db 0x07, 0x43, 0xc6, 0x07, 0x00, 0x81, 0xfb, 0x86
    db 0x6c, 0x75, 0x03, 0xbb, 0x06, 0x6c, 0x89, 0x1e
    db 0xb5, 0x6e, 0xc3, 0x53, 0x8a, 0xdf, 0xe8, 0x05
    db 0x00, 0x5b, 0xe8, 0x01, 0x00, 0xc3, 0x53, 0xb1
    db 0x04, 0xd2, 0xeb, 0xe8, 0x0c, 0x00, 0x5b, 0x80
    db 0xe3, 0x0f, 0xe8, 0x05, 0x00, 0xc3, 0xe8, 0xed
    db 0xff, 0xcb, 0x80, 0xe3, 0x0f, 0x80, 0xfb, 0x0a
    db 0x72, 0x03, 0x80, 0xc3, 0x07, 0x80, 0xc3, 0x30
    db 0x8a, 0xc3, 0x3c, 0x08, 0x74, 0x10, 0x3c, 0x20
    db 0x72, 0x0b, 0x3c, 0xd0, 0x73, 0x07, 0xb4, 0x00
    db 0x9a, 0x38, 0x00, 0x98, 0xdc, 0xc3, 0xe8, 0xf5
    db 0xff, 0xb0, 0x20, 0xe8, 0xf0, 0xff, 0xb0, 0x08
    db 0xe8, 0xeb, 0xff, 0xc3, 0x51, 0x52, 0x56, 0x57
    db 0x55, 0xe8, 0x05, 0xf2, 0x32, 0xe4, 0x5d, 0x5f
    db 0x5e, 0x5a, 0x59, 0xcb, 0x80, 0x0e, 0x51, 0x6d
    db 0x01, 0x06, 0x9a, 0xa2, 0x0c, 0x98, 0xdc, 0x07
    db 0x80, 0x26, 0x51, 0x6d, 0xfe, 0xc3, 0xb8, 0x0d
    db 0x00, 0x9a, 0x38, 0x00, 0x98, 0xdc, 0xb8, 0x0a
    db 0x00, 0x9a, 0x38, 0x00, 0x98, 0xdc, 0xc3, 0xbf
    db 0xc3, 0x6e, 0x51, 0x1e, 0x8c, 0xcd, 0x8e, 0xdd
    db 0x06, 0xbd, 0x00, 0x00, 0x8e, 0xc5, 0xfc, 0xf3
    db 0xa4, 0x07, 0x1f, 0x59, 0xbe, 0xc3, 0x6e, 0x8c
    db 0xda, 0xe8, 0xf0, 0x43, 0xc3, 0xe8, 0xec, 0x43
    db 0xcb, 0xb8, 0x00, 0x00, 0x9a, 0x1c, 0x00, 0x98
    db 0xdc, 0xbe, 0x86, 0x00, 0xba, 0x88, 0xc6, 0xb9
    db 0xf9, 0x00, 0xe8, 0xd7, 0x43, 0xe8, 0xfc, 0xfe
    db 0xb8, 0x00, 0x00, 0xbb, 0x07, 0x00, 0x9a, 0x2a
    db 0x00, 0x98, 0xdc, 0xc3, 0xe8, 0x05, 0x00, 0xcb
    db 0xe8, 0x5e, 0x01, 0xcb, 0x50, 0x51, 0x52, 0x56
    db 0xff, 0x36, 0xed, 0x75, 0xff, 0x36, 0xef, 0x75
    db 0xe8, 0x16, 0x00, 0x8f, 0x06, 0xef, 0x75, 0x8f
    db 0x06, 0xed, 0x75, 0x5e, 0x5a, 0x59, 0x58, 0xc3
    db 0xc7, 0x06, 0x79, 0x6d, 0x32, 0x17, 0xe9, 0x51
    db 0xfa, 0x86, 0xc4, 0xb4, 0x00, 0x03, 0xc0, 0xbf
    db 0x4b, 0x17, 0x03, 0xf8, 0x2e, 0x8b, 0x05, 0xff
    db 0xe0, 0xed, 0x17, 0xe8, 0x17, 0x63, 0x17, 0xe0
    db 0x17, 0xa0, 0x17, 0x63, 0x17, 0xed, 0x17, 0x63
    db 0x17, 0x32, 0x17, 0x32, 0x17, 0x32, 0x17, 0xe8
    db 0x17, 0x8b, 0x3e, 0xef, 0x75, 0x8b, 0xc6, 0x3c
    db 0x0b, 0x74, 0x0a, 0x3c, 0x0a, 0x74, 0x0e, 0x3c
    db 0x02, 0x74, 0x0e, 0xeb, 0xbb, 0xc6, 0x05, 0x0b
    db 0xc6, 0x45, 0x04, 0x00, 0xc3, 0xc6, 0x05, 0xff
    db 0xc3, 0x57, 0xe8, 0x76, 0x32, 0x5f, 0x0a, 0xc0
    db 0x74, 0x0c, 0xc6, 0x05, 0x00, 0x57, 0xe8, 0x10
    db 0xf1, 0x5f, 0x88, 0x45, 0x04, 0xc3, 0xc6, 0x05
    db 0xff, 0xc6, 0x45, 0x04, 0x00, 0xc3, 0x8c, 0xc5
    db 0x8e, 0xc3, 0x26, 0x8a, 0x04, 0x8e, 0xc5, 0x8b
    db 0x3e, 0xef, 0x75, 0x3c, 0x02, 0x74, 0x07, 0x3c
    db 0x0a, 0x74, 0x23, 0xe9, 0x7a, 0xff, 0x57, 0x9a
    db 0xc8, 0xca, 0x88, 0xc6, 0x5f, 0x80, 0xfc, 0x00
    db 0x74, 0x0c, 0x57, 0xe8, 0xdb, 0xf0, 0x5f, 0xc6
    db 0x05, 0x02, 0x88, 0x45, 0x04, 0xc3, 0xc6, 0x05
    db 0x0b, 0xc6, 0x45, 0x04, 0x00, 0xc3, 0xc6, 0x05
    db 0x00, 0xc6, 0x45, 0x05, 0x00, 0xc3, 0x8b, 0x3e
    db 0xef, 0x75, 0xc6, 0x05, 0x00, 0xc3, 0x8b, 0x3e
    db 0xef, 0x75, 0xc3, 0x8c, 0xc5, 0x8e, 0xc3, 0x26
    db 0x8a, 0x04, 0x8e, 0xc5, 0x8b, 0x3e, 0xef, 0x75
    db 0x3c, 0x05, 0x74, 0x23, 0x3c, 0x07, 0x74, 0x2f
    db 0x3c, 0x03, 0x74, 0x1f, 0x3c, 0x08, 0x74, 0x1f
    db 0x3c, 0x09, 0x74, 0x1f, 0x3c, 0x0d, 0x74, 0x08
    db 0xc6, 0x05, 0x00, 0xc6, 0x45, 0x05, 0x00, 0xc3
    db 0xe8, 0xbc, 0x05, 0xe8, 0x05, 0xf5, 0xc3, 0xe8
    db 0xb5, 0x05, 0xc3, 0xe8, 0x40, 0x01, 0xc3, 0xe8
    db 0x70, 0x04, 0xc3, 0xe8, 0x92, 0x04, 0xc3, 0x81
    db 0xfe, 0x19, 0x77, 0x74, 0x19, 0x8c, 0xc5, 0x8e
    db 0xc3, 0x26, 0x8b, 0x74, 0x02, 0x26, 0x8b, 0x4c
    db 0x03, 0x26, 0x8b, 0x74, 0x01, 0x8e, 0xc5, 0x8c
    db 0xda, 0xe8, 0x88, 0x42, 0xeb, 0x22, 0x8a, 0x44
    db 0x04, 0xb4, 0x00, 0x8b, 0x74, 0x02, 0x0b, 0xc0
    db 0x74, 0x16, 0x50, 0x56, 0x8b, 0x4c, 0x03, 0x8b
    db 0x74, 0x01, 0x8c, 0xda, 0xe8, 0x6d, 0x42, 0x5e
    db 0x58, 0x83, 0xc6, 0x05, 0x2c, 0x05, 0x7f, 0xea
    db 0xc3, 0x86, 0xc4, 0xb4, 0x00, 0x03, 0xc0, 0xbf
    db 0x83, 0x18, 0x03, 0xf8, 0x2e, 0x8b, 0x05, 0xff
    db 0xe0, 0x97, 0x18, 0xee, 0x18, 0x97, 0x18, 0xe7
    db 0x18, 0xa1, 0x18, 0x9e, 0x18, 0x47, 0x12, 0x89
    db 0x10, 0x2e, 0x19, 0x32, 0x17, 0xe9, 0x98, 0xfe
    db 0x00, 0x00, 0x00, 0x30, 0x80, 0xc2, 0x3c, 0x32
    db 0xf6, 0xe8, 0xa3, 0x00, 0xfa, 0xb0, 0x02, 0xe6
    db 0x11, 0x8a, 0xe0, 0xb0, 0x17, 0xe6, 0x12, 0xa3
    db 0x8d, 0x6d, 0xb0, 0x03, 0xe6, 0x13, 0x8a, 0xe0
    db 0xb0, 0x02, 0xe6, 0x14, 0xa3, 0x8f, 0x6d, 0x2e
    db 0xff, 0x1e, 0x9a, 0x18, 0x50, 0xb0, 0x0e, 0xe6
    db 0x11, 0x8a, 0xe0, 0xb0, 0x1f, 0xe6, 0x12, 0xa3
    db 0x8d, 0x6d, 0xb0, 0x1e, 0xe6, 0x13, 0x8a, 0xe0
    db 0xb0, 0x1d, 0xe6, 0x14, 0xa3, 0x8f, 0x6d, 0x58
    db 0xfb, 0xa2, 0xa7, 0x8d, 0xc3, 0xbb, 0x01, 0x00
    db 0xe8, 0x5f, 0xf0, 0xc3, 0x80, 0xfe, 0x00, 0x75
    db 0xa4, 0x8b, 0x1e, 0xed, 0x75, 0x8b, 0xfe, 0x1e
    db 0xbe, 0x9c, 0xd5, 0x8e, 0xde, 0xb6, 0x00, 0x03
    db 0xd2, 0xbe, 0x04, 0x00, 0x03, 0xf2, 0x8b, 0x34
    db 0x8b, 0x14, 0x83, 0xc6, 0x02, 0x03, 0xf3, 0x8b
    db 0xc2, 0x2b, 0xc3, 0x73, 0x03, 0xb8, 0x00, 0x00
    db 0x3b, 0xc8, 0x72, 0x02, 0x8b, 0xc8, 0x51, 0x06
    db 0xbd, 0x00, 0x00, 0x8e, 0xc5, 0xfc, 0xf3, 0xa4
    db 0x07, 0x59, 0x1f, 0xc3, 0x80, 0xfa, 0x01, 0x74
    db 0x0d, 0x80, 0xfa, 0x02, 0x74, 0x0b, 0x80, 0xfa
    db 0x03, 0x74, 0x09, 0xe9, 0x2a, 0xf1, 0xe9, 0x50
    db 0xf1, 0xe9, 0x5e, 0xf1, 0xe9, 0x69, 0xf1, 0x80
    db 0xfa, 0x59, 0x75, 0x19, 0x06, 0x50, 0x51, 0x57
    db 0xb8, 0x00, 0x00, 0x8e, 0xc0, 0xb9, 0x00, 0x08
    db 0xbf, 0x00, 0x58, 0xb8, 0x00, 0x00, 0xfc, 0xf3
    db 0xab, 0x5f, 0x59, 0x58, 0x07, 0xc3, 0x80, 0x3e
    db 0x85, 0x78, 0x00, 0x74, 0x6c, 0x80, 0x3e, 0x85
    db 0x78, 0x02, 0x74, 0x65, 0xe8, 0x65, 0x00, 0x80
    db 0x3e, 0x85, 0x78, 0x03, 0x7d, 0x23, 0x8b, 0x36
    db 0x8a, 0x78, 0x88, 0xa4, 0x2c, 0x81, 0x46, 0x89
    db 0x36, 0x8a, 0x78, 0xe8, 0xc1, 0x02, 0x73, 0x11
    db 0xb9, 0x00, 0x01, 0x83, 0xe9, 0x06, 0x3b, 0xf1
    db 0x72, 0xcc, 0xf6, 0x06, 0x8c, 0x78, 0x02, 0x75
    db 0xc5, 0xb9, 0x00, 0x00, 0x88, 0x0e, 0xad, 0x78
    db 0x88, 0x0e, 0xae, 0x78, 0xbe, 0x29, 0x81, 0xa0
    db 0x85, 0x78, 0x3c, 0x03, 0x75, 0x04, 0x88, 0x0e
    db 0x8c, 0x78, 0x88, 0x04, 0xb4, 0x01, 0xfe, 0xc8
    db 0x3c, 0x01, 0x7e, 0x02, 0x8a, 0xe1, 0x88, 0x26
    db 0x85, 0x78, 0x8b, 0x16, 0x8a, 0x78, 0x89, 0x54
    db 0x01, 0x89, 0x0e, 0x8a, 0x78, 0xbb, 0x29, 0x81
    db 0xc3, 0xe9, 0x09, 0x02, 0xf6, 0x06, 0x8c, 0x78
    db 0x40, 0x75, 0x56, 0x80, 0x3e, 0xad, 0x78, 0x00
    db 0x74, 0x05, 0xe8, 0x4f, 0x00, 0xeb, 0x03, 0xe8
    db 0x6a, 0x00, 0xf6, 0x06, 0x8c, 0x78, 0x80, 0x75
    db 0x01, 0xc3, 0x80, 0xfc, 0xd5, 0x74, 0x0c, 0xf6
    db 0x06, 0x8c, 0x78, 0x08, 0x75, 0x01, 0xc3, 0xe8
    db 0xa8, 0x01, 0xc3, 0xe8, 0x4e, 0x00, 0xf6, 0x06
    db 0x8c, 0x78, 0x08, 0x75, 0x1f, 0x80, 0x3e, 0x85
    db 0x78, 0x03, 0x7d, 0x18, 0xb7, 0x00, 0x8a, 0x1e
    db 0xad, 0x78, 0x88, 0xa7, 0x8d, 0x78, 0xfe, 0x06
    db 0xad, 0x78, 0x80, 0xfb, 0x20, 0x74, 0x05, 0xe8
    db 0x0d, 0x03, 0x75, 0xd7, 0xe8, 0xb7, 0x00, 0x73
    db 0xa3, 0xe9, 0x41, 0x01, 0xb7, 0x00, 0x8a, 0x1e
    db 0xae, 0x78, 0x8a, 0xa7, 0x8d, 0x78, 0xfe, 0xc3
    db 0x88, 0x1e, 0xae, 0x78, 0x3a, 0x1e, 0xad, 0x78
    db 0x74, 0x01, 0xc3, 0x88, 0x3e, 0xad, 0x78, 0x88
    db 0x3e, 0xae, 0x78, 0xc3, 0xb6, 0x00, 0x8a, 0x16
    db 0x88, 0x78, 0x8b, 0x36, 0x86, 0x78, 0xfe, 0xc2
    db 0xe8, 0x0e, 0x00, 0x88, 0x16, 0x88, 0x78, 0x89
    db 0x36, 0x86, 0x78, 0x03, 0xf2, 0x26, 0x8a, 0x24
    db 0xc3, 0xf6, 0x06, 0x8c, 0x78, 0x01, 0x74, 0x3e
    db 0x80, 0xfa, 0x7c, 0x75, 0x06, 0xb2, 0x00, 0x26
    db 0x8b, 0x74, 0x7c, 0x3b, 0x36, 0xeb, 0x78, 0x74
    db 0x01, 0xc3, 0x3a, 0x16, 0xef, 0x78, 0x74, 0x01
    db 0xc3, 0x80, 0x26, 0x8c, 0x78, 0xfe, 0x8b, 0x36
    db 0xed, 0x78, 0x8a, 0x16, 0xf1, 0x78, 0x80, 0xfa
    db 0xfe, 0x74, 0x2b, 0xfe, 0xc2, 0x80, 0xfa, 0x7c
    db 0x75, 0x0b, 0x26, 0x8b, 0x74, 0x7c, 0x8b, 0xce
    db 0x80, 0xf9, 0xff, 0x74, 0x19, 0xc3, 0x88, 0x16
    db 0x88, 0x78, 0x80, 0xfa, 0x7c, 0x74, 0x01, 0xc3
    db 0xb2, 0x00, 0x26, 0x8b, 0x74, 0x7c, 0x8b, 0xce
    db 0x80, 0xf9, 0xff, 0x74, 0x01, 0xc3, 0xf6, 0x06
    db 0x8c, 0x78, 0x80, 0x75, 0x0b, 0xc6, 0x06, 0x85
    db 0x78, 0x03, 0xc6, 0x06, 0x8c, 0x78, 0x00, 0xc3
    db 0x80, 0x0e, 0x8c, 0x78, 0x08, 0xc3, 0x8b, 0x36
    db 0xb8, 0x78, 0x8a, 0x1e, 0xba, 0x78, 0xb7, 0x00
    db 0x80, 0xfb, 0x7c, 0x75, 0x01, 0xc3, 0x26, 0x80
    db 0x38, 0xd5, 0x74, 0x06, 0xe8, 0x18, 0x02, 0x75
    db 0xf5, 0xc3, 0x8a, 0x0e, 0xad, 0x78, 0xf6, 0x06
    db 0x8c, 0x78, 0x08, 0x75, 0x02, 0xfe, 0xc9, 0xe8
    db 0x05, 0x02, 0x75, 0x01, 0xc3, 0xb6, 0x00, 0x8a
    db 0x16, 0xae, 0x78, 0x87, 0xf2, 0x8a, 0x84, 0x8d
    db 0x78, 0x87, 0xf2, 0x26, 0x3a, 0x00, 0x74, 0x07
    db 0xc6, 0x06, 0xae, 0x78, 0x00, 0xeb, 0xc7, 0xfe
    db 0x06, 0xae, 0x78, 0x80, 0xe9, 0x01, 0x75, 0xd7
    db 0xe8, 0xdc, 0x01, 0x75, 0x01, 0xc3, 0x26, 0x8a
    db 0x20, 0x50, 0xe8, 0xf2, 0x01, 0x58, 0x75, 0xe7
    db 0x80, 0xfc, 0x28, 0x74, 0x0c, 0xe8, 0xc7, 0x01
    db 0x75, 0x01, 0xc3, 0x26, 0x80, 0x38, 0x28, 0x75
    db 0xf4, 0xe8, 0xbb, 0x01, 0x75, 0x01, 0xc3, 0x26
    db 0x80, 0x38, 0x29, 0x75, 0x01, 0xc3, 0x89, 0x36
    db 0xb5, 0x78, 0x88, 0x1e, 0xb7, 0x78, 0x80, 0x0e
    db 0x8c, 0x78, 0x40, 0xf9, 0xc3, 0x8b, 0x36, 0xb5
    db 0x78, 0x8a, 0x1e, 0xb7, 0x78, 0xb7, 0x00, 0x26
    db 0x8a, 0x20, 0x50, 0xe8, 0x91, 0x01, 0x58, 0x89
    db 0x36, 0xb5, 0x78, 0x88, 0x1e, 0xb7, 0x78, 0x74
    db 0x06, 0x80, 0xfc, 0x29, 0x74, 0x01, 0xc3, 0x80
    db 0x26, 0x8c, 0x78, 0xbf, 0xf6, 0x06, 0x8c, 0x78
    db 0x08, 0x74, 0x04, 0xe8, 0x04, 0x00, 0xc3, 0xe9
    db 0x2a, 0xfe, 0x80, 0x26, 0x8c, 0x78, 0xf7, 0xc6
    db 0x06, 0x85, 0x78, 0x03, 0x8b, 0x1e, 0xbb, 0x78
    db 0x8a, 0x2e, 0xbd, 0x78, 0x80, 0xfb, 0xff, 0x75
    db 0x06, 0x80, 0xfd, 0x7c, 0x75, 0x01, 0xc3, 0x50
    db 0x89, 0x1e, 0xb8, 0x78, 0x88, 0x2e, 0xba, 0x78
    db 0xe8, 0x7d, 0x01, 0x58, 0x73, 0x01, 0xc3, 0xc6
    db 0x06, 0x85, 0x78, 0x04, 0xc3, 0x80, 0x26, 0x8c
    db 0x78, 0x80, 0xc6, 0x06, 0x85, 0x78, 0x01, 0x8b
    db 0x36, 0xeb, 0x78, 0x80, 0x3e, 0xef, 0x78, 0xfe
    db 0x74, 0x22, 0x80, 0x3e, 0xef, 0x78, 0x00, 0x74
    db 0x1b, 0x80, 0x0e, 0x8c, 0x78, 0x01, 0x26, 0x8b
    db 0x54, 0x7e, 0x80, 0xfa, 0xff, 0x74, 0x21, 0x8b
    db 0xf2, 0x26, 0x8b, 0x54, 0x7e, 0x80, 0xfa, 0xff
    db 0x74, 0x16, 0xeb, 0xf3, 0x80, 0x3e, 0xf1, 0x78
    db 0xfe, 0x75, 0x09, 0xc7, 0x06, 0x79, 0x6d, 0x1e
    db 0x1c, 0xe9, 0x5e, 0xf5, 0x8b, 0x36, 0xed, 0x78
    db 0x89, 0x36, 0x86, 0x78, 0xc6, 0x06, 0x88, 0x78
    db 0xff, 0xf6, 0x06, 0x8c, 0x78, 0x01, 0x75, 0x06
    db 0xa0, 0xf1, 0x78, 0xa2, 0x88, 0x78, 0xc7, 0x06
    db 0x8a, 0x78, 0x00, 0x00, 0xe9, 0x17, 0xfd, 0xf6
    db 0x06, 0x8c, 0x78, 0x02, 0x75, 0x29, 0x80, 0xfc
    db 0x0c, 0x74, 0x39, 0x80, 0xfc, 0xdb, 0x74, 0x34
    db 0x80, 0xfc, 0xe8, 0x72, 0x18, 0x80, 0xfc, 0xf0
    db 0x73, 0x13, 0x80, 0xfc, 0xea, 0x74, 0x0e, 0x80
    db 0xfc, 0xeb, 0x74, 0x09, 0x80, 0x0e, 0x8c, 0x78
    db 0x02, 0x88, 0x26, 0x89, 0x78, 0xf9, 0xc3, 0x3a
    db 0x26, 0x89, 0x78, 0x75, 0xf8, 0x80, 0x26, 0x8c
    db 0x78, 0xfd, 0x80, 0xfc, 0xe9, 0x74, 0x05, 0x80
    db 0xfc, 0xef, 0x75, 0xe9, 0xc6, 0x06, 0x85, 0x78
    db 0x02, 0xc3, 0xc6, 0x06, 0x85, 0x78, 0x00, 0xbe
    db 0x29, 0x81, 0x8b, 0x16, 0x16, 0x79, 0x89, 0x14
    db 0x8b, 0x16, 0x01, 0x79, 0x89, 0x54, 0x02, 0x8b
    db 0x16, 0x03, 0x79, 0x89, 0x54, 0x04, 0x8b, 0x16
    db 0xfd, 0x78, 0x89, 0x54, 0x06, 0x8b, 0xde, 0xc3
    db 0xa0, 0xef, 0x78, 0xa2, 0xaf, 0x78, 0xa0, 0xf1
    db 0x78, 0xa2, 0xb0, 0x78, 0xa1, 0xeb, 0x78, 0xa3
    db 0xb1, 0x78, 0xa1, 0xed, 0x78, 0xa3, 0xb3, 0x78
    db 0xc6, 0x06, 0x8c, 0x78, 0x00, 0x80, 0x0e, 0x8c
    db 0x78, 0x80, 0x80, 0x3e, 0xaf, 0x78, 0xfe, 0x75
    db 0x1a, 0xa0, 0xb0, 0x78, 0x3c, 0xfe, 0x74, 0x13
    db 0x8b, 0x36, 0xb3, 0x78, 0x89, 0x36, 0xb8, 0x78
    db 0xfe, 0xc0, 0xa2, 0xba, 0x78, 0xe8, 0x58, 0x00
    db 0x72, 0x01, 0xc3, 0x80, 0x26, 0x8c, 0x78, 0x7f
    db 0xc3, 0xfe, 0xc3, 0x80, 0xfb, 0x7c, 0x74, 0x01
    db 0xc3, 0x26, 0x8b, 0x74, 0x7c, 0x8b, 0xc6, 0x3c
    db 0xff, 0x75, 0x01, 0xc3, 0xb3, 0x00, 0xc3, 0xfe
    db 0xc3, 0x80, 0xfb, 0x7c, 0x75, 0x0d, 0x26, 0x8b
    db 0x74, 0x7c, 0x8b, 0xc6, 0x3c, 0xff, 0x75, 0x01
    db 0xc3, 0xb3, 0x00, 0x3b, 0x36, 0xbb, 0x78, 0x74
    db 0x01, 0xc3, 0x3a, 0x1e, 0xbd, 0x78, 0xc3, 0x56
    db 0xb0, 0x00, 0x86, 0xe0, 0xbe, 0x88, 0xc6, 0x8e
    db 0xde, 0xbe, 0xc3, 0x6d, 0x03, 0xf0, 0xf6, 0x04
    db 0x80, 0xbe, 0x00, 0x00, 0x8e, 0xde, 0x5e, 0xc3
    db 0xb7, 0x00, 0x8a, 0x1e, 0xba, 0x78, 0x8b, 0x36
    db 0xb8, 0x78, 0x26, 0x8a, 0x00, 0xf6, 0x06, 0x8c
    db 0x78, 0x20, 0x75, 0x4c, 0x3c, 0x25, 0x75, 0x3f
    db 0xf6, 0x06, 0x8c, 0x78, 0x10, 0x75, 0x1c, 0xe8
    db 0x8f, 0xff, 0x74, 0x51, 0x26, 0x8a, 0x20, 0xe8
    db 0xbd, 0xff, 0x75, 0xf3, 0x89, 0x36, 0xb8, 0x78
    db 0x88, 0x1e, 0xba, 0x78, 0x80, 0x0e, 0x8c, 0x78
    db 0x10, 0xeb, 0xcf, 0xe8, 0x73, 0xff, 0x74, 0x08
    db 0x26, 0x8a, 0x20, 0xe8, 0xa1, 0xff, 0x75, 0xf3
    db 0x80, 0x26, 0x8c, 0x78, 0xef, 0xf8, 0x89, 0x36
    db 0xbb, 0x78, 0x88, 0x1e, 0xbd, 0x78, 0xc3, 0x3c
    db 0x28, 0x75, 0x05, 0x80, 0x0e, 0x8c, 0x78, 0x20
    db 0x3c, 0x29, 0x75, 0x05, 0x80, 0x26, 0x8c, 0x78
    db 0xdf, 0xe8, 0x45, 0xff, 0x75, 0x9c, 0xf6, 0x06
    db 0x8c, 0x78, 0x10, 0x75, 0xd3, 0xf9, 0x89, 0x36
    db 0xbb, 0x78, 0x88, 0x1e, 0xbd, 0x78, 0xc3, 0x8c
    db 0xc5, 0x8e, 0xc3, 0x26, 0x8b, 0x74, 0x02, 0x8e
    db 0xc5, 0x8b, 0x74, 0x01, 0x8a, 0x04, 0x3c, 0x0d
    db 0x90, 0x90, 0x72, 0x05, 0xb0, 0x09, 0xeb, 0x36
    db 0x90, 0xa2, 0x1c, 0x6f, 0x02, 0xc0, 0x8a, 0xd8
    db 0xb7, 0x00, 0x2e, 0x8b, 0x97, 0x33, 0x1e, 0x57
    db 0x55, 0xff, 0xd2, 0x5d, 0x5f, 0x72, 0x17, 0x80
    db 0x3e, 0x1c, 0x6f, 0x04, 0x74, 0x18, 0x80, 0x3e
    db 0x1c, 0x6f, 0x05, 0x74, 0x11, 0x80, 0x3e, 0x1c
    db 0x6f, 0x0a, 0x74, 0x0a, 0x0a, 0xc0, 0x8b, 0x36
    db 0x06, 0x6c, 0x72, 0x02, 0x32, 0xc0, 0x89, 0x75
    db 0x04, 0x8a, 0xe0, 0xb0, 0x00, 0x89, 0x45, 0x06
    db 0xc3, 0x4d, 0x1e, 0x95, 0x1e, 0xe9, 0x1e, 0x17
    db 0x1f, 0x8d, 0x1f, 0x34, 0x20, 0x47, 0x21, 0xf3
    db 0x22, 0x22, 0x24, 0xff, 0x25, 0x5e, 0x1f, 0x0d
    db 0x26, 0x02, 0x27, 0xc6, 0x06, 0x28, 0x7f, 0x01
    db 0xe8, 0xed, 0x00, 0x72, 0x03, 0x0a, 0xc0, 0xc3
    db 0xc6, 0x06, 0x28, 0x7f, 0x00, 0x3c, 0x02, 0xb4
    db 0x07, 0x74, 0x14, 0xc6, 0x06, 0x28, 0x7f, 0x00
    db 0x3c, 0x05, 0xb4, 0x0b, 0x74, 0x09, 0x3c, 0x12
    db 0xb4, 0x07, 0x74, 0x03, 0xe9, 0x9e, 0x02, 0x8a
    db 0xc4, 0xf9, 0xc3, 0x8b, 0xef, 0x57, 0xe8, 0x4f
    db 0x03, 0x5f, 0xb9, 0x04, 0x00, 0x80, 0x3d, 0x30
    db 0x75, 0x06, 0xc6, 0x05, 0x20, 0x47, 0xe2, 0xf5
    db 0x0a, 0xc0, 0xc3, 0xe8, 0x6b, 0x07, 0xbe, 0x2c
    db 0x7f, 0xbf, 0x8c, 0x7f, 0xb9, 0x0c, 0x00, 0xe8
    db 0x0b, 0x04, 0xba, 0x8c, 0x7f, 0x32, 0xc0, 0x1e
    db 0xb4, 0x43, 0xcd, 0x21, 0x1f, 0xf7, 0xc1, 0x01
    db 0x00, 0xb4, 0x0b, 0x75, 0x2e, 0xbe, 0x3d, 0x7f
    db 0xbf, 0xa0, 0x7f, 0xb9, 0x0c, 0x00, 0xe8, 0xec
    db 0x03, 0xba, 0x8c, 0x7f, 0xbf, 0xa0, 0x7f, 0x1e
    db 0x06, 0x8c, 0xd8, 0x8e, 0xc0, 0xb4, 0x56, 0xcd
    db 0x21, 0x07, 0x1f, 0x72, 0x01, 0xc3, 0x3c, 0x02
    db 0xb4, 0x07, 0x74, 0x07, 0x3c, 0x10, 0x74, 0x03
    db 0xe9, 0x32, 0x02, 0x8a, 0xc4, 0xf9, 0xc3, 0xe8
    db 0x17, 0x07, 0xbf, 0x03, 0x6f, 0xbe, 0x8e, 0x77
    db 0xb9, 0x0c, 0x00, 0xe8, 0xb7, 0x03, 0xba, 0x03
    db 0x6f, 0x1e, 0xb4, 0x41, 0xcd, 0x21, 0x1f, 0x72
    db 0x01, 0xc3, 0x3c, 0x02, 0xb4, 0x07, 0x74, 0x09
    db 0x3c, 0x05, 0xb4, 0x0b, 0x74, 0x03, 0xe9, 0x04
    db 0x02, 0x8a, 0xc4, 0xf9, 0xc3, 0xb2, 0x09, 0x80
    db 0x3e, 0x06, 0x68, 0x09, 0x74, 0x15, 0xb2, 0x08
    db 0x80, 0x3e, 0x06, 0x68, 0x08, 0x74, 0x0c, 0xb2
    db 0x0a, 0x80, 0x3e, 0x06, 0x68, 0x0a, 0x74, 0x03
    db 0xeb, 0x0c, 0x90, 0xb3, 0xa5, 0xb4, 0xff, 0xcd
    db 0x21, 0x72, 0x03, 0x32, 0xc0, 0xc3, 0xeb, 0xc2
    db 0xe8, 0xbe, 0x06, 0xbf, 0x03, 0x6f, 0xbe, 0x8e
    db 0x77, 0xb9, 0x0c, 0x00, 0xe8, 0x5e, 0x03, 0xba
    db 0x03, 0x6f, 0xb9, 0x05, 0x00, 0x1e, 0xb4, 0x4e
    db 0xcd, 0x21, 0x1f, 0xc3, 0xbf, 0x03, 0x6f, 0xbe
    db 0x8e, 0x77, 0xb9, 0x0c, 0x00, 0xe8, 0x45, 0x03
    db 0xba, 0x03, 0x6f, 0xb5, 0x00, 0xb0, 0x01, 0x8a
    db 0x0e, 0x26, 0x6f, 0x80, 0xf9, 0xff, 0x75, 0x02
    db 0xb0, 0x00, 0x1e, 0xb4, 0x43, 0xcd, 0x21, 0x1f
    db 0x73, 0x03, 0xe9, 0xd3, 0xfe, 0x8b, 0xf1, 0x33
    db 0xc0, 0xf8, 0xc3, 0x80, 0x3e, 0x1b, 0x6f, 0x55
    db 0x75, 0x03, 0xeb, 0x3a, 0x90, 0xe8, 0xa8, 0xff
    db 0x73, 0x03, 0xe9, 0xbb, 0xfe, 0xa1, 0x24, 0x6c
    db 0x0b, 0xc0, 0x75, 0x0e, 0xa1, 0x22, 0x6c, 0xa3
    db 0x13, 0x6f, 0x8b, 0x1e, 0x0d, 0x75, 0x2b, 0xd8
    db 0x73, 0x04, 0xb0, 0x05, 0xf9, 0xc3, 0xb0, 0x00
    db 0xba, 0x03, 0x6f, 0x1e, 0xb4, 0x3d, 0xcd, 0x21
    db 0x1f, 0x73, 0x03, 0xeb, 0x4a, 0x90, 0xa3, 0x19
    db 0x6f, 0xc6, 0x06, 0x1b, 0x6f, 0x55, 0x8b, 0x1e
    db 0x19, 0x6f, 0xba, 0x08, 0x6c, 0xb9, 0x80, 0x00
    db 0x1e, 0xb4, 0x3f, 0xcd, 0x21, 0x1f, 0x72, 0x19
    db 0x3d, 0x00, 0x00, 0x74, 0x0b, 0xa3, 0x06, 0x6c
    db 0xbe, 0x06, 0x6c, 0xb0, 0x80, 0x0a, 0xc0, 0xc3
    db 0xe8, 0x0e, 0x00, 0x72, 0x09, 0xb0, 0x00, 0xf9
    db 0xc3, 0x50, 0xe8, 0x04, 0x00, 0x58, 0xe9, 0x14
    db 0x01, 0xc6, 0x06, 0x1b, 0x6f, 0x00, 0x8b, 0x1e
    db 0x19, 0x6f, 0xb4, 0x3e, 0xcd, 0x21, 0xc3, 0x3c
    db 0x02, 0xb4, 0x07, 0x74, 0x19, 0x3c, 0x04, 0xb4
    db 0x08, 0x74, 0x13, 0x3c, 0x10, 0x74, 0x0f, 0x3c
    db 0x05, 0xb4, 0x0b, 0x74, 0x09, 0x3c, 0x0a, 0xb4
    db 0x03, 0x74, 0x03, 0xe9, 0xe7, 0x00, 0x8a, 0xc4
    db 0xf9, 0xc3, 0x80, 0x3e, 0x1b, 0x6f, 0x55, 0x75
    db 0x03, 0xeb, 0x61, 0x90, 0x80, 0x3e, 0xa5, 0x6f
    db 0x0a, 0x74, 0x16, 0xa1, 0x17, 0x6f, 0x0b, 0xc0
    db 0x75, 0x0f, 0xa1, 0x15, 0x6f, 0x8b, 0x1e, 0x0d
    db 0x75, 0x2b, 0xc3, 0x73, 0x04, 0xb0, 0x03, 0xf9
    db 0xc3, 0xe8, 0xa5, 0x05, 0xbe, 0x8e, 0x77, 0xb9
    db 0x0c, 0x00, 0xbf, 0x03, 0x6f, 0xe8, 0x45, 0x02
    db 0x80, 0x3e, 0x25, 0x6f, 0x00, 0xb1, 0x20, 0x74
    db 0x02, 0xb1, 0x24, 0x32, 0xed, 0xba, 0x03, 0x6f
    db 0x1e, 0xb4, 0x3c, 0xcd, 0x21, 0x1f, 0x73, 0x02
    db 0xeb, 0x8d, 0xa3, 0x19, 0x6f, 0xc6, 0x06, 0x1b
    db 0x6f, 0x55, 0xbe, 0x06, 0x6c, 0x8b, 0x1e, 0x0d
    db 0x75, 0x89, 0x1c, 0x89, 0x1e, 0x1d, 0x6f, 0xb0
    db 0x80, 0x0a, 0xc0, 0xc3, 0x8b, 0x1e, 0x06, 0x6c
    db 0x8b, 0x0e, 0x1d, 0x6f, 0x83, 0xfb, 0x00, 0x74
    db 0x03, 0xb9, 0x80, 0x00, 0x89, 0x1e, 0x1d, 0x6f
    db 0x8b, 0x1e, 0x19, 0x6f, 0xba, 0x08, 0x6c, 0x51
    db 0x1e, 0xb4, 0x40, 0xcd, 0x21, 0x1f, 0x59, 0x72
    db 0x48, 0x3b, 0xc1, 0x75, 0x1b, 0x3d, 0x80, 0x00
    db 0x72, 0x08, 0xbe, 0x06, 0x6c, 0xb0, 0x80, 0x0a
    db 0xc0, 0xc3, 0xe8, 0x4e, 0x10, 0x72, 0x32, 0xe8
    db 0x27, 0xff, 0x72, 0x39, 0xb0, 0x00, 0xf9, 0xc3
    db 0x0b, 0xc0, 0x74, 0x07, 0xe8, 0x1a, 0xff, 0xb4
    db 0x06, 0xeb, 0x56, 0xba, 0x03, 0x6f, 0x1e, 0xb4
    db 0x41, 0xcd, 0x21, 0x1f, 0x72, 0x13, 0xe8, 0x08
    db 0xff, 0xb0, 0x03, 0xf9, 0xc3, 0x80, 0x3e, 0x06
    db 0x68, 0x08, 0x72, 0x3b, 0xa0, 0xc1, 0x6e, 0xeb
    db 0x0c, 0x80, 0x3e, 0x06, 0x68, 0x0a, 0x74, 0x05
    db 0x50, 0xe8, 0xed, 0xfe, 0x58, 0x3c, 0x15, 0xb4
    db 0x0f, 0x74, 0x26, 0x3c, 0x17, 0xb4, 0x11, 0x74
    db 0x20, 0x3c, 0x14, 0xb4, 0x0e, 0x74, 0x1a, 0x3c
    db 0x16, 0xb4, 0x10, 0x74, 0x14, 0x3c, 0x18, 0xb4
    db 0x12, 0x74, 0x0e, 0x3c, 0x0b, 0xb4, 0x04, 0x74
    db 0x08, 0x3c, 0x08, 0xb4, 0x01, 0x74, 0x02, 0xb4
    db 0x06, 0x8a, 0xc4, 0xf9, 0xc3, 0x80, 0x3e, 0x06
    db 0x68, 0x0b, 0x73, 0x07, 0x80, 0x3e, 0x06, 0x68
    db 0x00, 0x75, 0x05, 0xc6, 0x06, 0x06, 0x68, 0x08
    db 0x8a, 0x16, 0x06, 0x68, 0x1e, 0xb4, 0x36, 0xcd
    db 0x21, 0x1f, 0x3d, 0xff, 0xff, 0x74, 0x96, 0xf7
    db 0xe1, 0xf7, 0xe3, 0xa3, 0x15, 0x6f, 0x89, 0x16
    db 0x17, 0x6f, 0xbd, 0x2a, 0x7f, 0x80, 0x3e, 0x06
    db 0x68, 0x0a, 0x75, 0x04, 0xe8, 0xa6, 0x00, 0xc3
    db 0x50, 0x52, 0xb9, 0x10, 0x27, 0xf7, 0xf1, 0xb1
    db 0x64, 0xf6, 0xf1, 0xb7, 0x00, 0xe8, 0xe1, 0x00
    db 0x5a, 0x58, 0x0a, 0xdb, 0x74, 0x13, 0x8b, 0xcb
    db 0x33, 0xf6, 0x33, 0xff, 0x81, 0xc6, 0x40, 0x42
    db 0x83, 0xd7, 0x0f, 0xe2, 0xf7, 0x2b, 0xc6, 0x1b
    db 0xd7, 0x50, 0x52, 0xb9, 0xe8, 0x03, 0xf7, 0xf1
    db 0xb1, 0x64, 0xf6, 0xf1, 0xe8, 0xba, 0x00, 0x5a
    db 0x58, 0x0a, 0xdb, 0x74, 0x13, 0x8b, 0xcb, 0x33
    db 0xf6, 0x33, 0xff, 0x81, 0xc6, 0xa0, 0x86, 0x83
    db 0xd7, 0x01, 0xe2, 0xf7, 0x2b, 0xc6, 0x1b, 0xd7
    db 0x50, 0x52, 0xb9, 0x10, 0x27, 0xf7, 0xf1, 0xe8
    db 0x97, 0x00, 0x5a, 0x58, 0x0a, 0xdb, 0x74, 0x13
    db 0x8b, 0xcb, 0x33, 0xf6, 0x33, 0xff, 0x81, 0xc6
    db 0x10, 0x27, 0x83, 0xd7, 0x00, 0xe2, 0xf7, 0x2b
    db 0xc6, 0x1b, 0xd7, 0x8b, 0xf8, 0x33, 0xd2, 0xb9
    db 0xe8, 0x03, 0xf7, 0xf1, 0xe8, 0x5c, 0x00, 0x8b
    db 0xf8, 0xb9, 0x64, 0x00, 0xf6, 0xf1, 0xe8, 0x52
    db 0x00, 0x8b, 0xf8, 0xb9, 0x0a, 0x00, 0xf6, 0xf1
    db 0xe8, 0x48, 0x00, 0x8b, 0xde, 0x86, 0xdf, 0x32
    db 0xff, 0x2e, 0x8a, 0x87, 0x88, 0x22, 0x3e, 0x88
    db 0x46, 0x00, 0x0a, 0xc0, 0xc3, 0xb9, 0x13, 0x00
    db 0x8b, 0xfd, 0xb0, 0x20, 0x88, 0x05, 0x47, 0x49
    db 0x75, 0xfa, 0xb9, 0x13, 0x00, 0xbe, 0x34, 0x6f
    db 0x8b, 0xfd, 0xac, 0x0a, 0xc0, 0x74, 0x19, 0x88
    db 0x05, 0x49, 0x74, 0x03, 0x47, 0xeb, 0xf3, 0xac
    db 0x0a, 0xc0, 0x74, 0x0c, 0x4f, 0x4f, 0xb0, 0x2e
    db 0x88, 0x05, 0x47, 0x88, 0x05, 0x47, 0x88, 0x05
    db 0x0a, 0xc0, 0xc3, 0x8b, 0xf0, 0xe8, 0x11, 0x00
    db 0x8b, 0xc7, 0x0a, 0xdb, 0x74, 0x0a, 0x8b, 0xc3
    db 0xf7, 0xe1, 0x8b, 0xd0, 0x8b, 0xc7, 0x2b, 0xc2
    db 0xc3, 0x8a, 0xd8, 0x32, 0xff, 0x3c, 0x0f, 0xb0
    db 0x58, 0x73, 0x05, 0x2e, 0x8a, 0x87, 0x88, 0x22
    db 0x3e, 0x88, 0x46, 0x00, 0x45, 0xc3, 0x30, 0x31
    db 0x32, 0x33, 0x34, 0x35, 0x36, 0x37, 0x38, 0x39
    db 0x41, 0x42, 0x43, 0x44, 0x45, 0x46, 0x8a, 0x04
    db 0x3c, 0x00, 0x75, 0x0a, 0xc6, 0x05, 0x20, 0x46
    db 0x47, 0xe2, 0xf9, 0xeb, 0x07, 0x90, 0x88, 0x05
    db 0x46, 0x47, 0xe2, 0xea, 0xc3, 0xa0, 0x06, 0x68
    db 0x0c, 0x40, 0x88, 0x05, 0x47, 0xc6, 0x05, 0x3a
    db 0x47, 0x8a, 0x04, 0x3c, 0x20, 0x74, 0x0e, 0x3c
    db 0x2a, 0x74, 0x0a, 0x3c, 0x3f, 0x74, 0x06, 0x88
    db 0x05, 0x46, 0x47, 0xe2, 0xec, 0xc6, 0x05, 0x00
    db 0xc3, 0xa0, 0x06, 0x68, 0x0c, 0x40, 0xa2, 0x03
    db 0x6f, 0xbe, 0xee, 0x22, 0xbf, 0x04, 0x6f, 0xb9
    db 0x06, 0x00, 0x2e, 0x8a, 0x04, 0x88, 0x05, 0x46
    db 0x47, 0xe2, 0xf7, 0xc3, 0x3a, 0x2a, 0x2e, 0x2a
    db 0x00, 0xe8, 0x0d, 0x03, 0xbe, 0x8e, 0x77, 0xb9
    db 0x0c, 0x00, 0xbf, 0x03, 0x6f, 0xe8, 0xad, 0xff
    db 0x80, 0x3e, 0x25, 0x6f, 0x00, 0xb1, 0x20, 0x74
    db 0x02, 0xb1, 0x24, 0x32, 0xed, 0xba, 0x03, 0x6f
    db 0x1e, 0xb4, 0x3c, 0xcd, 0x21, 0x1f, 0x73, 0x03
    db 0xe9, 0xf4, 0xfc, 0xa3, 0x19, 0x6f, 0xe8, 0xa5
    db 0xe9, 0x33, 0xc0, 0xa2, 0x1f, 0x6f, 0xa2, 0x20
    db 0x6f, 0xa3, 0x21, 0x6f, 0xe8, 0xa8, 0x00, 0xb9
    db 0x00, 0x00, 0xbf, 0x08, 0x6c, 0x51, 0x57, 0xe8
    db 0xdb, 0x2d, 0xe8, 0x4e, 0x05, 0x5f, 0x59, 0x0a
    db 0xe4, 0x75, 0x40, 0xf6, 0x06, 0x51, 0x6d, 0x10
    db 0x75, 0x2f, 0x80, 0x3e, 0x1f, 0x6f, 0x01, 0x74
    db 0x24, 0x80, 0x3e, 0x1f, 0x6f, 0x02, 0x74, 0x12
    db 0xc6, 0x06, 0x1f, 0x6f, 0x01, 0x3c, 0xfe, 0x74
    db 0x04, 0x3c, 0xff, 0x75, 0x10, 0xc6, 0x06, 0x1f
    db 0x6f, 0x02, 0x80, 0x3e, 0x20, 0x6f, 0x00, 0x75
    db 0x46, 0x3c, 0x08, 0x74, 0x3a, 0x3c, 0x1a, 0x74
    db 0x0a, 0x88, 0x05, 0x47, 0x41, 0x81, 0xf9, 0x80
    db 0x00, 0x72, 0xb2, 0x89, 0x0e, 0x1d, 0x6f, 0x01
    db 0x0e, 0x21, 0x6f, 0x51, 0xe8, 0x48, 0x00, 0x59
    db 0x8b, 0x1e, 0x19, 0x6f, 0xba, 0x08, 0x6c, 0x51
    db 0x1e, 0xb4, 0x40, 0xcd, 0x21, 0x1f, 0x59, 0x72
    db 0x25, 0x3b, 0xc1, 0x75, 0x1b, 0x3d, 0x80, 0x00
    db 0x72, 0x02, 0xeb, 0x83, 0xe9, 0x28, 0xfd, 0xc6
    db 0x06, 0x20, 0x6f, 0xff, 0xe9, 0x7e, 0xff, 0xc6
    db 0x06, 0x20, 0x6f, 0x00, 0x2c, 0x60, 0xeb, 0xb9
    db 0xe8, 0x0d, 0xe8, 0xe9, 0x1a, 0xfd, 0xe8, 0x07
    db 0xe8, 0xeb, 0xfb, 0xc6, 0x06, 0x23, 0x6f, 0x0c
    db 0xc6, 0x06, 0x24, 0x6f, 0x1c, 0xeb, 0x0a, 0xc6
    db 0x06, 0x23, 0x6f, 0x0c, 0xc6, 0x06, 0x24, 0x6f
    db 0x25, 0xbf, 0xc3, 0x6e, 0xe8, 0x16, 0x00, 0xa1
    db 0x21, 0x6f, 0x33, 0xd2, 0x55, 0xe8, 0x8b, 0xfa
    db 0xb9, 0x0b, 0x00, 0xbe, 0xc3, 0x6e, 0x8c, 0xda
    db 0xe8, 0xd9, 0x36, 0x5d, 0xc3, 0xb8, 0xff, 0x02
    db 0x89, 0x05, 0x83, 0xc7, 0x02, 0xa0, 0x23, 0x6f
    db 0xb4, 0x00, 0x89, 0x05, 0x83, 0xc7, 0x02, 0xa0
    db 0x24, 0x6f, 0x8b, 0xd0, 0x03, 0xc0, 0x03, 0xc2
    db 0xd1, 0xe0, 0x89, 0x05, 0x83, 0xc7, 0x02, 0xc3
    db 0xe8, 0x1d, 0xfb, 0x73, 0x03, 0xe9, 0x30, 0xfa
    db 0xb0, 0x00, 0xba, 0x03, 0x6f, 0x1e, 0xb4, 0x3d
    db 0xcd, 0x21, 0x1f, 0x73, 0x03, 0xe9, 0xd7, 0xfb
    db 0xa3, 0x19, 0x6f, 0xe8, 0x88, 0xe8, 0xe8, 0x0c
    db 0xe9, 0x73, 0x0a, 0xe8, 0xb5, 0x25, 0x3c, 0x00
    db 0x74, 0xf4, 0xe9, 0xa6, 0x01, 0x33, 0xc0, 0xa3
    db 0x21, 0x6f, 0xa2, 0x1f, 0x6f, 0xe8, 0x7f, 0xff
    db 0xc6, 0x06, 0x2c, 0x6f, 0x00, 0x8b, 0x1e, 0x19
    db 0x6f, 0xba, 0x08, 0x6c, 0xb9, 0x80, 0x00, 0x1e
    db 0xb4, 0x3f, 0xcd, 0x21, 0x1f, 0x73, 0x03, 0xe9
    db 0x79, 0x01, 0x0b, 0xc0, 0x75, 0x03, 0xe9, 0x62
    db 0x01, 0x01, 0x06, 0x21, 0x6f, 0xbe, 0x08, 0x6c
    db 0x50, 0x56, 0x8a, 0x14, 0x80, 0x3e, 0x1f, 0x6f
    db 0x01, 0x74, 0x49, 0x80, 0x3e, 0x1f, 0x6f, 0x02
    db 0x74, 0x2e, 0x80, 0x3e, 0x1f, 0x6f, 0x03, 0x74
    db 0x55, 0xc6, 0x06, 0x1f, 0x6f, 0x01, 0x80, 0xfa
    db 0xfe, 0x74, 0x18, 0x80, 0xfa, 0xff, 0x75, 0x2c
    db 0xc6, 0x06, 0x1f, 0x6f, 0x03, 0xf6, 0x06, 0x51
    db 0x6d, 0x04, 0x74, 0x07, 0x80, 0x0e, 0x1f, 0x6f
    db 0x80, 0xeb, 0x33, 0xc6, 0x06, 0x1f, 0x6f, 0x02
    db 0x80, 0xfa, 0x20, 0x73, 0x0f, 0x52, 0xb2, 0x08
    db 0xb4, 0x04, 0xcd, 0x21, 0x5a, 0x0a, 0xc0, 0x75
    db 0x17, 0x80, 0xc2, 0x60, 0xb4, 0x04, 0xcd, 0x21
    db 0x0a, 0xc0, 0x75, 0x0c, 0x5e, 0x58, 0x46, 0x48
    db 0x75, 0x9e, 0xe8, 0xf2, 0xfe, 0xe9, 0x75, 0xff
    db 0xe8, 0x43, 0xe7, 0xe9, 0x03, 0x01, 0x5e, 0x58
    db 0xf6, 0x06, 0x1f, 0x6f, 0x80, 0x74, 0x10, 0x80
    db 0x26, 0x1f, 0x6f, 0x7f, 0x46, 0x48, 0x8b, 0x0c
    db 0x32, 0xed, 0x41, 0x46, 0x48, 0xe2, 0xfc, 0x50
    db 0x56, 0x8a, 0x14, 0xbe, 0x2c, 0x6f, 0x8a, 0x1c
    db 0x0a, 0xdb, 0x74, 0x3f, 0x32, 0xff, 0xfe, 0xc3
    db 0x88, 0x10, 0x88, 0x1c, 0xfe, 0x4c, 0x01, 0x75
    db 0x4e, 0x8a, 0x44, 0x02, 0x3c, 0xee, 0x75, 0x22
    db 0x8b, 0x44, 0x03, 0x2b, 0x44, 0x05, 0x7e, 0x1a
    db 0xb3, 0x06, 0xf6, 0xf3, 0x0a, 0xc0, 0x74, 0x12
    db 0x50, 0xb2, 0x20, 0xb4, 0x04, 0xcd, 0x21, 0x8a
    db 0xd0, 0x58, 0x0a, 0xd2, 0x75, 0xa2, 0xfe, 0xc8
    db 0xeb, 0xea, 0xc6, 0x06, 0x2c, 0x6f, 0x00, 0xeb
    db 0x1e, 0xeb, 0xb4, 0x80, 0xfa, 0x0c, 0x74, 0x23
    db 0x80, 0xfa, 0xdb, 0x74, 0x1e, 0x80, 0xfa, 0x20
    db 0x72, 0x0d, 0x80, 0xfa, 0xe0, 0x73, 0x2d, 0xb4
    db 0x04, 0xcd, 0x21, 0x0a, 0xc0, 0x75, 0x22, 0x5e
    db 0x58, 0x46, 0x48, 0x75, 0xdc, 0xe8, 0x5f, 0xfe
    db 0xe9, 0xe2, 0xfe, 0xb2, 0x0d, 0xb4, 0x04, 0xcd
    db 0x21, 0x0a, 0xc0, 0x75, 0x0c, 0xb2, 0x0a, 0xb4
    db 0x04, 0xcd, 0x21, 0x0a, 0xc0, 0x75, 0x02, 0xeb
    db 0xde, 0xe9, 0x54, 0xff, 0x80, 0xfa, 0xe8, 0x74
    db 0x1b, 0x80, 0xfa, 0xe9, 0x74, 0x1b, 0x80, 0xfa
    db 0xec, 0x74, 0x1b, 0x80, 0xfa, 0xed, 0x74, 0x1b
    db 0x80, 0xfa, 0xee, 0x74, 0x1b, 0x80, 0xfa, 0xef
    db 0x74, 0x1b, 0xeb, 0xbb, 0xbb, 0x05, 0xe8, 0xeb
    db 0x17, 0xbb, 0x04, 0xe9, 0xeb, 0x12, 0xbb, 0x03
    db 0xec, 0xeb, 0x0d, 0xbb, 0x03, 0xed, 0xeb, 0x08
    db 0xbb, 0x05, 0xee, 0xeb, 0x03, 0xbb, 0x06, 0xef
    db 0xbe, 0x2c, 0x6f, 0xc6, 0x04, 0x02, 0x46, 0x89
    db 0x1c, 0xeb, 0x94, 0xe8, 0x23, 0xfa, 0xb2, 0x1a
    db 0xb4, 0x04, 0xcd, 0x21, 0xe8, 0xe9, 0xe5, 0xb0
    db 0x00, 0xf9, 0xc3, 0xe8, 0xe2, 0xe5, 0xe9, 0x08
    db 0xfa, 0x5e, 0x58, 0xe8, 0x0b, 0xfa, 0xe8, 0xd7
    db 0xe5, 0xb0, 0x0d, 0xf9, 0xc3, 0xe8, 0xde, 0xff
    db 0xc3, 0xba, 0x08, 0x6c, 0x1e, 0xb4, 0x1a, 0xcd
    db 0x21, 0x1f, 0xc3, 0xe8, 0x32, 0xf9, 0x73, 0x03
    db 0xe9, 0x45, 0xf8, 0xb0, 0x00, 0xba, 0x03, 0x6f
    db 0x1e, 0xb4, 0x3d, 0xcd, 0x21, 0x1f, 0x73, 0x03
    db 0xe9, 0xec, 0xf9, 0xa3, 0x19, 0x6f, 0xe8, 0x9d
    db 0xe6, 0x33, 0xc0, 0xc6, 0x06, 0x27, 0x6f, 0x01
    db 0xa2, 0x28, 0x6f, 0xa3, 0x21, 0x6f, 0xe8, 0x9e
    db 0xfd, 0xb4, 0x03, 0xcd, 0x21, 0x0a, 0xe4, 0x74
    db 0x03, 0xe9, 0xb2, 0x00, 0x3c, 0x15, 0x75, 0xf1
    db 0x8b, 0x1e, 0x19, 0x6f, 0xba, 0x0b, 0x6c, 0xb9
    db 0x80, 0x00, 0x1e, 0xb4, 0x3f, 0xcd, 0x21, 0x1f
    db 0x72, 0x70, 0x0b, 0xc0, 0x74, 0x76, 0x3d, 0x80
    db 0x00, 0x74, 0x0f, 0x8b, 0xd8, 0xbe, 0x0b, 0x6c
    db 0xc6, 0x00, 0x1a, 0x43, 0x81, 0xfb, 0x80, 0x00
    db 0x72, 0xf6, 0x01, 0x06, 0x21, 0x6f, 0x50, 0xe8
    db 0x5d, 0xfd, 0x58, 0xbe, 0x08, 0x6c, 0xc6, 0x04
    db 0x01, 0x8a, 0x3e, 0x27, 0x6f, 0x88, 0x7c, 0x01
    db 0xf6, 0xd7, 0x88, 0x7c, 0x02, 0x56, 0x8a, 0x14
    db 0x00, 0x16, 0x28, 0x6f, 0xb4, 0x04, 0xcd, 0x21
    db 0x5e, 0x0a, 0xc0, 0x75, 0x59, 0x46, 0x81, 0xfe
    db 0x8b, 0x6c, 0x75, 0xe9, 0x8a, 0x16, 0x28, 0x6f
    db 0xb4, 0x04, 0xcd, 0x21, 0x0a, 0xc0, 0x75, 0x46
    db 0xc6, 0x06, 0x28, 0x6f, 0x00, 0xb4, 0x03, 0xcd
    db 0x21, 0x0a, 0xe4, 0x75, 0x39, 0xbe, 0x08, 0x6c
    db 0x3c, 0x06, 0x74, 0x09, 0x3c, 0x18, 0x75, 0xc5
    db 0xeb, 0x0a, 0xe9, 0x1e, 0xff, 0xfe, 0x06, 0x27
    db 0x6f, 0xe9, 0x74, 0xff, 0xe8, 0x2a, 0xf9, 0x1e
    db 0xb2, 0x04, 0xb4, 0x04, 0xcd, 0x21, 0x1f, 0x0a
    db 0xc0, 0x75, 0x16, 0xb4, 0x03, 0xcd, 0x21, 0x0a
    db 0xe4, 0x75, 0x0e, 0x3c, 0x06, 0x75, 0xf4, 0xe8
    db 0xde, 0xe4, 0xb0, 0x00, 0xf9, 0xc3, 0xe8, 0x08
    db 0xf9, 0xe8, 0xd4, 0xe4, 0xb0, 0x0d, 0xf9, 0xc3
    db 0xe8, 0xfe, 0xfe, 0xbe, 0x8e, 0x77, 0xb9, 0x0c
    db 0x00, 0xbf, 0x03, 0x6f, 0xe8, 0x9e, 0xfb, 0x80
    db 0x3e, 0x25, 0x6f, 0x00, 0xb1, 0x20, 0x74, 0x02
    db 0xb1, 0x24, 0x32, 0xed, 0xba, 0x03, 0x6f, 0x1e
    db 0xb4, 0x3c, 0xcd, 0x21, 0x1f, 0x73, 0x03, 0xe9
    db 0xe5, 0xf8, 0xa3, 0x19, 0x6f, 0xe8, 0x96, 0xe5
    db 0x33, 0xc0, 0xa3, 0x21, 0x6f, 0xa2, 0x28, 0x6f
    db 0xa2, 0x2a, 0x6f, 0xc6, 0x06, 0x27, 0x6f, 0x01
    db 0xe8, 0x94, 0xfc, 0xb2, 0x15, 0xb4, 0x04, 0xcd
    db 0x21, 0x0a, 0xc0, 0x75, 0x1f, 0xfe, 0x06, 0x2a
    db 0x6f, 0xb1, 0x0a, 0xe8, 0xe3, 0x00, 0xc6, 0x06
    db 0x29, 0x6f, 0x00, 0x90, 0xb8, 0x21, 0x44, 0xcd
    db 0x21, 0x0a, 0xc0, 0x75, 0x1e, 0xe8, 0x0d, 0x22
    db 0x0a, 0xc0, 0x74, 0x03, 0xe9, 0xbc, 0x00, 0xb4
    db 0x2c, 0xcd, 0x21, 0x3a, 0x36, 0x2b, 0x6f, 0x75
    db 0xe3, 0x80, 0x3e, 0x2a, 0x6f, 0x0b, 0x75, 0xc3
    db 0xe9, 0xa5, 0x00, 0x32, 0xc9, 0x88, 0x0e, 0x2a
    db 0x6f, 0xb1, 0x03, 0xe8, 0xab, 0x00, 0xe8, 0x84
    db 0x29, 0x0a, 0xe4, 0x75, 0xd7, 0x8a, 0x1e, 0x29
    db 0x6f, 0xb7, 0x00, 0x88, 0x87, 0x08, 0x6c, 0x43
    db 0x88, 0x1e, 0x29, 0x6f, 0x80, 0xfb, 0x84, 0x73
    db 0x17, 0x00, 0x06, 0x28, 0x6f, 0x80, 0xfb, 0x01
    db 0x75, 0xaa, 0x3c, 0x04, 0x75, 0xa6, 0xb2, 0x06
    db 0xb4, 0x04, 0xcd, 0x21, 0xeb, 0x6a, 0xeb, 0x83
    db 0xc6, 0x06, 0x29, 0x6f, 0x00, 0x90, 0x3a, 0x06
    db 0x28, 0x6f, 0xc6, 0x06, 0x28, 0x6f, 0x00, 0x90
    db 0x75, 0xec, 0xbe, 0x08, 0x6c, 0x80, 0x3c, 0x01
    db 0x75, 0xe4, 0x8a, 0x64, 0x01, 0x3a, 0x26, 0x27
    db 0x6f, 0x74, 0x10, 0xfe, 0xc4, 0x3a, 0x26, 0x27
    db 0x6f, 0x74, 0x30, 0xb2, 0x18, 0xb4, 0x04, 0xcd
    db 0x21, 0xeb, 0x35, 0xb9, 0x80, 0x00, 0x89, 0x0e
    db 0x1d, 0x6f, 0x01, 0x0e, 0x21, 0x6f, 0x51, 0xe8
    db 0xd5, 0xfb, 0x59, 0x8b, 0x1e, 0x19, 0x6f, 0xba
    db 0x0b, 0x6c, 0x1e, 0xb4, 0x40, 0xcd, 0x21, 0x1f
    db 0x72, 0x22, 0x3d, 0x80, 0x00, 0x75, 0x17, 0xfe
    db 0x06, 0x27, 0x6f, 0xb2, 0x06, 0xb4, 0x04, 0xcd
    db 0x21, 0x0a, 0xc0, 0x75, 0x06, 0xe9, 0x34, 0xff
    db 0xe9, 0xac, 0xf8, 0xe9, 0xc8, 0xfe, 0xe8, 0x9f
    db 0xe3, 0xe9, 0xac, 0xf8, 0xe8, 0x99, 0xe3, 0xeb
    db 0xfb, 0x50, 0x51, 0xb4, 0x2c, 0xcd, 0x21, 0x59
    db 0x02, 0xce, 0x80, 0xf9, 0x3c, 0x72, 0x03, 0x80
    db 0xe9, 0x3c, 0x88, 0x0e, 0x2b, 0x6f, 0x58, 0xc3
    db 0xe8, 0x01, 0x00, 0xcb, 0xe8, 0xe9, 0xf6, 0x72
    db 0x30, 0xb0, 0x00, 0xba, 0x03, 0x6f, 0x1e, 0xb4
    db 0x3d, 0xcd, 0x21, 0x1f, 0x72, 0x23, 0xa3, 0x19
    db 0x6f, 0x8b, 0x1e, 0x19, 0x6f, 0xba, 0x08, 0x6c
    db 0xb9, 0x01, 0x00, 0x1e, 0xb4, 0x3f, 0xcd, 0x21
    db 0x1f, 0x72, 0x0e, 0x0b, 0xc0, 0x74, 0x0a, 0xe8
    db 0x7f, 0xf7, 0xbe, 0x08, 0x6c, 0x8a, 0x04, 0xf8
    db 0xc3, 0xf9, 0xc3, 0x50, 0xa0, 0xe6, 0x70, 0x0a
    db 0xc0, 0x75, 0x10, 0xff, 0x36, 0x21, 0x6f, 0x41
    db 0x01, 0x0e, 0x21, 0x6f, 0xe8, 0x38, 0xfb, 0x8f
    db 0x06, 0x21, 0x6f, 0x58, 0xc3, 0xfe, 0xc2, 0x80
    db 0xfa, 0x0b, 0x73, 0x04, 0x88, 0x16, 0x35, 0x6d
    db 0xc7, 0x46, 0x00, 0x09, 0x00, 0xf8, 0xc3, 0xa0
    db 0x35, 0x6d, 0x32, 0xe4, 0x89, 0x46, 0x00, 0xf8
    db 0xc3, 0x89, 0x16, 0x6a, 0x6f, 0x8b, 0x56, 0x08
    db 0x89, 0x16, 0x6c, 0x6f, 0xf8, 0xc3, 0x8b, 0x1e
    db 0x6c, 0x6f, 0x89, 0x5e, 0x0a, 0x8b, 0x1e, 0x6a
    db 0x6f, 0x89, 0x5e, 0x02, 0xf8, 0xc3, 0x0a, 0xd2
    db 0x75, 0x04, 0x8a, 0x16, 0x35, 0x6d, 0x88, 0x16
    db 0x35, 0x6d, 0x88, 0x16, 0xa5, 0x6f, 0xc7, 0x06
    db 0xa3, 0x6f, 0x00, 0x18, 0x80, 0xfa, 0x08, 0x74
    db 0x5c, 0xc7, 0x06, 0xa3, 0x6f, 0x00, 0x40, 0x80
    db 0xfa, 0x0a, 0x75, 0x51, 0x73, 0x1b, 0x80, 0x3e
    db 0xc1, 0x6e, 0x08, 0x75, 0x14, 0x52, 0xe8, 0x95
    db 0x18, 0x5a, 0x73, 0x0d, 0xc7, 0x06, 0x60, 0x6f
    db 0xff, 0xff, 0xc6, 0x06, 0xc1, 0x6e, 0x14, 0xeb
    db 0x6e, 0x52, 0xc7, 0x06, 0xa3, 0x6f, 0x80, 0x05
    db 0xe8, 0xfb, 0x15, 0xe8, 0x78, 0x18, 0x5a, 0x73
    db 0x08, 0xc7, 0x06, 0x60, 0x6f, 0xff, 0xff, 0xeb
    db 0x56, 0xc7, 0x06, 0xa3, 0x6f, 0x80, 0x05, 0xe8
    db 0x02, 0x19, 0xc7, 0x06, 0x60, 0x6f, 0xff, 0xff
    db 0x72, 0x45, 0xb8, 0x00, 0x00, 0x8b, 0xd8, 0x8b
    db 0xc8, 0x8b, 0xd0, 0xeb, 0x49, 0xc7, 0x06, 0x5b
    db 0x6f, 0x00, 0x00, 0xe8, 0x09, 0x12, 0xc7, 0x06
    db 0x60, 0x6f, 0xff, 0xff, 0x72, 0x29, 0xc7, 0x06
    db 0x60, 0x6f, 0x01, 0x00, 0xe8, 0x11, 0x10, 0x8b
    db 0x36, 0x84, 0x6f, 0x33, 0xc9, 0x89, 0x0e, 0x5b
    db 0x6f, 0x89, 0x0e, 0x57, 0x6f, 0xe8, 0x4c, 0x10
    db 0x0b, 0xc0, 0x75, 0x04, 0xff, 0x06, 0x5b, 0x6f
    db 0x41, 0x3b, 0x0e, 0xaa, 0x6f, 0x72, 0xea, 0x8b
    db 0x1e, 0x5b, 0x6f, 0x8b, 0x16, 0xaa, 0x6f, 0x4a
    db 0xb9, 0x80, 0x00, 0xa1, 0x60, 0x6f, 0x89, 0x46
    db 0x00, 0x89, 0x5e, 0x02, 0x89, 0x4e, 0x04, 0x89
    db 0x56, 0x06, 0xc3, 0x89, 0x0e, 0x70, 0x6f, 0x8b
    db 0xf2, 0x52, 0x06, 0x8e, 0x46, 0x08, 0xe8, 0x3c
    db 0x10, 0x07, 0x5a, 0x72, 0x4b, 0xa0, 0xa5, 0x6f
    db 0x3c, 0x0a, 0x75, 0x0c, 0x8b, 0x46, 0x08, 0xa3
    db 0x3d, 0x70, 0xe8, 0xb5, 0x19, 0xe9, 0x81, 0x0f
    db 0xe8, 0x94, 0x11, 0x72, 0x33, 0xe8, 0xcd, 0x12
    db 0x72, 0x2e, 0xe8, 0x89, 0x0e, 0xa0, 0xc1, 0x6e
    db 0x0a, 0xc0, 0x74, 0x27, 0x3c, 0x10, 0x74, 0x20
    db 0x83, 0x3e, 0x7b, 0x6f, 0xff, 0x74, 0x04, 0x8b
    db 0x36, 0x80, 0x6f, 0xe8, 0xd5, 0x12, 0x72, 0x10
    db 0xc7, 0x06, 0xc1, 0x6e, 0x00, 0x00, 0x89, 0x36
    db 0x6e, 0x6f, 0xe8, 0x59, 0x00, 0xe8, 0xf5, 0x12
    db 0xe9, 0x46, 0x0f, 0xe8, 0xbd, 0x12, 0x72, 0xf8
    db 0x89, 0x36, 0x6e, 0x6f, 0xe8, 0x4f, 0x00, 0xeb
    db 0xec, 0xc6, 0x06, 0x5f, 0x6f, 0x3c, 0x89, 0x0e
    db 0x70, 0x6f, 0x8b, 0xf2, 0x52, 0x06, 0x8e, 0x46
    db 0x08, 0xe8, 0xc9, 0x0f, 0x07, 0x5a, 0x72, 0xd8
    db 0xa0, 0xa5, 0x6f, 0x3c, 0x0a, 0x75, 0x0c, 0x8b
    db 0x46, 0x08, 0xa3, 0x3d, 0x70, 0xe8, 0x42, 0x19
    db 0xe9, 0x0e, 0x0f, 0xe8, 0x21, 0x11, 0x72, 0xc0
    db 0xe8, 0x5a, 0x12, 0x72, 0xbb, 0xe8, 0x16, 0x0e
    db 0xa0, 0xc1, 0x6e, 0x0a, 0xc0, 0x75, 0x8d, 0xc6
    db 0x06, 0xc1, 0x6e, 0x0a, 0xeb, 0xaa, 0xe8, 0x9b
    db 0x00, 0xe8, 0x1c, 0x0f, 0xeb, 0x21, 0x56, 0x06
    db 0x8e, 0x06, 0xa3, 0x6f, 0x83, 0xc6, 0x0b, 0x26
    db 0x8a, 0x04, 0xa8, 0x01, 0x75, 0x69, 0x83, 0xc6
    db 0x0f, 0x26, 0x8b, 0x04, 0xa3, 0x57, 0x6f, 0x07
    db 0x5e, 0xe8, 0x78, 0x00, 0xe8, 0xa4, 0x0d, 0xc7
    db 0x06, 0x7e, 0x6f, 0xff, 0xff, 0xc7, 0x06, 0x57
    db 0x6f, 0x02, 0x00, 0xe8, 0x22, 0x0f, 0x8b, 0xf0
    db 0x1e, 0xa1, 0xa3, 0x6f, 0x8e, 0xd8, 0x8b, 0x04
    db 0x1f, 0x8b, 0x16, 0x57, 0x6f, 0xd1, 0xea, 0xba
    db 0xff, 0x0f, 0x46, 0x73, 0x04, 0xba, 0xf0, 0xff
    db 0x46, 0x23, 0xc2, 0x0b, 0xc0, 0x75, 0x31, 0x8b
    db 0x3e, 0x6e, 0x6f, 0x83, 0xc7, 0x1a, 0xa1, 0x57
    db 0x6f, 0xa3, 0x59, 0x6f, 0x06, 0x8e, 0x06, 0xa3
    db 0x6f, 0x26, 0x89, 0x05, 0x26, 0x3b, 0x05, 0x75
    db 0x06, 0xab, 0x07, 0xe8, 0x60, 0x0a, 0xc3, 0x07
    db 0xc6, 0x06, 0xc1, 0x6e, 0x13, 0xf9, 0xc3, 0x07
    db 0x5e, 0xc6, 0x06, 0xc1, 0x6e, 0x05, 0xf9, 0xc3
    db 0xff, 0x06, 0x57, 0x6f, 0xa1, 0xaa, 0x6f, 0x39
    db 0x06, 0x57, 0x6f, 0x72, 0xa3, 0xc6, 0x06, 0xc1
    db 0x6e, 0x0a, 0xf9, 0xc3, 0x87, 0xf7, 0xbe, 0x87
    db 0x6f, 0xfc, 0x06, 0x8e, 0x06, 0xa3, 0x6f, 0xb9
    db 0x0b, 0x00, 0xf3, 0xa4, 0xa0, 0x70, 0x6f, 0x26
    db 0x88, 0x05, 0x26, 0x3a, 0x05, 0x75, 0x14, 0xaa
    db 0x83, 0xc7, 0x0a, 0xe8, 0x15, 0x00, 0x33, 0xc0
    db 0xab, 0xab, 0xab, 0x07, 0xa3, 0x9d, 0x6f, 0xa3
    db 0x9f, 0x6f, 0xc3, 0x07, 0xc6, 0x06, 0xc1, 0x6e
    db 0x13, 0xf9, 0xc3, 0xe8, 0x0c, 0x00, 0xa3, 0x9b
    db 0x6f, 0xab, 0xe8, 0x1d, 0x00, 0xa3, 0x99, 0x6f
    db 0xab, 0xc3, 0x06, 0x57, 0xe8, 0xca, 0x26, 0x5f
    db 0x07, 0xd0, 0xe1, 0xd0, 0xe1, 0xd1, 0xe1, 0xd1
    db 0xe1, 0xd1, 0xe1, 0xd0, 0xee, 0x0a, 0xce, 0x8b
    db 0xc1, 0xc3, 0x06, 0x57, 0xe8, 0x1b, 0x26, 0x5f
    db 0x07, 0x81, 0xe9, 0xbc, 0x07, 0x83, 0xf9, 0x64
    db 0x72, 0x03, 0x83, 0xe9, 0x64, 0x8a, 0xe1, 0x32
    db 0xc0, 0xd1, 0xe0, 0x8a, 0xea, 0xb2, 0x00, 0xd1
    db 0xea, 0xd1, 0xea, 0xd1, 0xea, 0x0a, 0xd5, 0x0b
    db 0xc2, 0xc3, 0x8b, 0x46, 0x00, 0xa2, 0x86, 0x6f
    db 0x8b, 0xf2, 0x52, 0x06, 0x8e, 0x46, 0x08, 0xe8
    db 0x63, 0x0e, 0x07, 0x5a, 0x72, 0x63, 0xa0, 0xa5
    db 0x6f, 0x3c, 0x0a, 0x75, 0x1e, 0xf6, 0x06, 0x86
    db 0x6f, 0x01, 0x74, 0x0b, 0xc6, 0x06, 0x5f, 0x6f
    db 0x3c, 0xb9, 0x20, 0x00, 0xe9, 0xfc, 0xfd, 0x8b
    db 0x46, 0x08, 0xa3, 0x3d, 0x70, 0xe8, 0x9f, 0x18
    db 0xe9, 0x96, 0x0d, 0xe8, 0xa9, 0x0f, 0x72, 0x39
    db 0xa0, 0x86, 0x6f, 0xa8, 0x01, 0x74, 0x05, 0xe8
    db 0xdb, 0x10, 0x72, 0x2d, 0xe8, 0x97, 0x0c, 0xa0
    db 0xc1, 0x6e, 0x0a, 0xc0, 0x75, 0x23, 0xe8, 0xf2
    db 0x10, 0x72, 0x1e, 0xe8, 0x1e, 0x00, 0xa8, 0x01
    db 0x74, 0x0e, 0xa0, 0x86, 0x6f, 0x24, 0x0f, 0x74
    db 0x07, 0xc6, 0x06, 0xc1, 0x6e, 0x05, 0xeb, 0x09
    db 0xc7, 0x06, 0xc1, 0x6e, 0x00, 0x00, 0xe8, 0x04
    db 0x11, 0xe9, 0x55, 0x0d, 0x8b, 0xd6, 0x83, 0xc6
    db 0x1a, 0x06, 0x8e, 0x06, 0xa3, 0x6f, 0x26, 0x8b
    db 0x04, 0xa3, 0x57, 0x6f, 0x8b, 0xf2, 0x83, 0xc6
    db 0x16, 0x26, 0x8b, 0x04, 0xa3, 0x9b, 0x6f, 0x83
    db 0xc6, 0x02, 0x26, 0x8b, 0x04, 0xa3, 0x99, 0x6f
    db 0x8b, 0xf2, 0x83, 0xc6, 0x1c, 0x26, 0x8b, 0x04
    db 0xa3, 0x9d, 0x6f, 0x83, 0xc6, 0x02, 0x26, 0x8b
    db 0x04, 0xa3, 0x9f, 0x6f, 0x8b, 0xf2, 0x83, 0xc6
    db 0x0b, 0x26, 0x8a, 0x04, 0x07, 0xf9, 0xc3, 0xe8
    db 0x20, 0x14, 0xe8, 0x0b, 0x11, 0xe9, 0xf3, 0x0c
    db 0xc6, 0x06, 0x36, 0x70, 0x01, 0x88, 0x16, 0xa5
    db 0x6f, 0x80, 0xfb, 0xa5, 0x75, 0x38, 0x80, 0xfa
    db 0x08, 0x74, 0x36, 0x80, 0xfa, 0x09, 0x74, 0x12
    db 0x80, 0xfa, 0x0a, 0x75, 0x06, 0xe8, 0x42, 0x1b
    db 0xe9, 0x92, 0x00, 0xc6, 0x06, 0xc1, 0x6e, 0x01
    db 0xeb, 0x1c, 0xc7, 0x06, 0xa3, 0x6f, 0x00, 0x40
    db 0xe8, 0x2a, 0x10, 0x72, 0x11, 0xe8, 0x86, 0x0f
    db 0x72, 0x0c, 0x80, 0x3e, 0xad, 0x6f, 0x00, 0x75
    db 0x19, 0xc6, 0x06, 0xc1, 0x6e, 0x13, 0xeb, 0x6d
    db 0x90, 0xc6, 0x06, 0x36, 0x6d, 0x00, 0xc7, 0x06
    db 0xa3, 0x6f, 0x00, 0x18, 0xbb, 0x05, 0x00, 0xe8
    db 0xd2, 0x0f, 0xe8, 0x84, 0x0e, 0xe8, 0xaf, 0x0e
    db 0x33, 0xc0, 0xa3, 0x54, 0x6f, 0xe8, 0x50, 0x00
    db 0x72, 0x4b, 0xff, 0x06, 0x54, 0x6f, 0xe8, 0xd5
    db 0x0f, 0xf6, 0x06, 0xa5, 0x6f, 0x01, 0xbb, 0x28
    db 0x00, 0x74, 0x04, 0x8b, 0x1e, 0xa8, 0x6f, 0xa1
    db 0x54, 0x6f, 0x3b, 0xc3, 0x72, 0xdf, 0xe8, 0xbb
    db 0x00, 0xe8, 0x2b, 0x0e, 0xc7, 0x06, 0x5d, 0x6f
    db 0x20, 0x00, 0xeb, 0x15, 0xa0, 0x56, 0x6f, 0xfe
    db 0xc0, 0xa2, 0x56, 0x6f, 0x3c, 0x21, 0x72, 0x09
    db 0xff, 0x06, 0x54, 0x6f, 0xc6, 0x06, 0x56, 0x6f
    db 0x01, 0xe8, 0xc8, 0x00, 0xff, 0x0e, 0x5d, 0x6f
    db 0x75, 0xe2, 0xe8, 0x2c, 0x0e, 0xe9, 0x3b, 0x0c
    db 0xc6, 0x06, 0x56, 0x6f, 0x01, 0xe8, 0x3a, 0x00
    db 0xb0, 0xe5, 0x8a, 0xe0, 0xfc, 0xb9, 0x20, 0x00
    db 0xbb, 0xa6, 0x5e, 0x06, 0x8e, 0x06, 0xa6, 0x6f
    db 0x51, 0xb9, 0x40, 0x00, 0x26, 0x89, 0x1d, 0x26
    db 0x39, 0x1d, 0x75, 0x15, 0x86, 0xdf, 0x26, 0x89
    db 0x1d, 0x26, 0x39, 0x1d, 0x75, 0x0b, 0x86, 0xdf
    db 0xab, 0xe2, 0xe9, 0x59, 0xe2, 0xe2, 0x07, 0xf8
    db 0xc3, 0x59, 0x07, 0xc6, 0x06, 0xc1, 0x6e, 0x13
    db 0xf9, 0xc3, 0xa1, 0x54, 0x6f, 0xbb, 0x20, 0x00
    db 0xf7, 0xe3, 0x8a, 0x1e, 0x56, 0x6f, 0xb7, 0x00
    db 0x4b, 0x03, 0xc3, 0xbb, 0x80, 0x00, 0xf7, 0xe3
    db 0x8b, 0xf8, 0x81, 0xe7, 0xff, 0x7f, 0xd1, 0xe0
    db 0xd1, 0xd2, 0xb1, 0x0b, 0xd3, 0xe2, 0x80, 0x3e
    db 0xa5, 0x6f, 0x0a, 0x74, 0x19, 0xf6, 0x06, 0xa5
    db 0x6f, 0x01, 0x74, 0x09, 0xe8, 0xc0, 0xd4, 0x81
    db 0xc2, 0x00, 0x40, 0xeb, 0x04, 0x81, 0xc2, 0x00
    db 0x18, 0x89, 0x16, 0xa6, 0x6f, 0xc3, 0x81, 0xc2
    db 0x80, 0x05, 0xeb, 0xf5, 0x06, 0x8e, 0x06, 0xa3
    db 0x6f, 0xc7, 0x06, 0x54, 0x6f, 0x00, 0x00, 0xc6
    db 0x06, 0x56, 0x6f, 0x02, 0xe8, 0xa3, 0xff, 0xfc
    db 0xb8, 0xf9, 0xff, 0xab, 0xb8, 0xff, 0x00, 0xab
    db 0x8b, 0x0e, 0xaa, 0x6f, 0x8b, 0xc1, 0x03, 0xc0
    db 0x03, 0xc8, 0xd1, 0xe9, 0xd1, 0xe9, 0x33, 0xc0
    db 0xf3, 0xab, 0x07, 0xc3, 0x06, 0x8e, 0x06, 0xa3
    db 0x6f, 0xe8, 0x7e, 0xff, 0xb9, 0x04, 0x00, 0xfc
    db 0x32, 0xdb, 0xb7, 0xe5, 0x8a, 0xc7, 0x8a, 0xe7
    db 0x26, 0x89, 0x1d, 0x47, 0x47, 0x51, 0xb9, 0x0f
    db 0x00, 0xf3, 0xab, 0x59, 0xe2, 0xf2, 0x07, 0xc3
    db 0x89, 0x0e, 0x70, 0x6f, 0x8b, 0xf2, 0x06, 0x8e
    db 0x46, 0x08, 0xe8, 0x08, 0x0c, 0x07, 0x72, 0x69
    db 0x8b, 0x3e, 0x6a, 0x6f, 0xa0, 0xa5, 0x6f, 0x88
    db 0x45, 0x10, 0xbe, 0x87, 0x6f, 0xe8, 0x21, 0x09
    db 0xe8, 0x64, 0x0d, 0x72, 0x54, 0xc7, 0x06, 0x5d
    db 0x6f, 0x20, 0x00, 0xe8, 0xf1, 0x0c, 0xc7, 0x06
    db 0x5b, 0x6f, 0x04, 0x00, 0x33, 0xc0, 0xf7, 0xd0
    db 0xa3, 0x7b, 0x6f, 0xa2, 0x7d, 0x6f, 0xe8, 0x21
    db 0xff, 0x8b, 0xf7, 0xeb, 0x2c, 0xe8, 0x3f, 0x0d
    db 0x72, 0x2f, 0x8b, 0x36, 0x6a, 0x6f, 0x8b, 0x44
    db 0x13, 0xa2, 0x5b, 0x6f, 0x88, 0x26, 0x5d, 0x6f
    db 0x8b, 0x44, 0x11, 0xa3, 0x6e, 0x6f, 0x8a, 0x44
    db 0x10, 0xa2, 0xa5, 0x6f, 0xbf, 0x87, 0x6f, 0xe8
    db 0xd7, 0x08, 0x8b, 0x36, 0x6e, 0x6f, 0x83, 0xc6
    db 0x20, 0xc6, 0x06, 0xc1, 0x6e, 0x12, 0xe8, 0x30
    db 0x0a, 0x8b, 0x1e, 0x6a, 0x6f, 0xa1, 0x6e, 0x6f
    db 0x89, 0x47, 0x11, 0xa0, 0x5b, 0x6f, 0x8a, 0x26
    db 0x5d, 0x6f, 0x89, 0x47, 0x13, 0xe9, 0xcb, 0x0a
    db 0x8b, 0x16, 0x6a, 0x6f, 0x1e, 0x06, 0x8c, 0xd8
    db 0x8e, 0xc0, 0x8e, 0x1e, 0xa3, 0x6f, 0xfc, 0x56
    db 0x26, 0xc6, 0x06, 0x3a, 0x70, 0x00, 0x83, 0xc6
    db 0x08, 0x8a, 0x04, 0x3c, 0x20, 0x74, 0x06, 0x26
    db 0x80, 0x0e, 0x3a, 0x70, 0x01, 0x83, 0xc6, 0x04
    db 0x8a, 0x04, 0x3c, 0x00, 0x74, 0x0a, 0x3c, 0xe5
    db 0x74, 0x06, 0x26, 0x80, 0x0e, 0x3a, 0x70, 0x02
    db 0x5e, 0x8b, 0xfa, 0x83, 0xc7, 0x1e, 0xb9, 0x08
    db 0x00, 0xac, 0x26, 0xf6, 0x06, 0x3a, 0x70, 0x02
    db 0x75, 0x04, 0x3c, 0x20, 0x74, 0x01, 0xaa, 0xe2
    db 0xf0, 0x26, 0x80, 0x3e, 0xa5, 0x6f, 0x0a, 0x74
    db 0x0a, 0x8a, 0x04, 0x3c, 0x20, 0xb0, 0x00, 0x74
    db 0x28, 0xeb, 0x24, 0x26, 0xf6, 0x06, 0x3a, 0x70
    db 0x01, 0x75, 0x1c, 0xb0, 0x00, 0x26, 0xf6, 0x06
    db 0x3a, 0x70, 0x02, 0x74, 0x14, 0xb9, 0x04, 0x00
    db 0x83, 0xc6, 0x04, 0xac, 0xaa, 0xe2, 0xfc, 0x32
    db 0xc0, 0xaa, 0x83, 0xee, 0x05, 0xeb, 0x11, 0xb0
    db 0x2e, 0xaa, 0xb9, 0x03, 0x00, 0xac, 0x3c, 0x20
    db 0x74, 0x01, 0xaa, 0xe2, 0xf8, 0x32, 0xc0, 0xaa
    db 0x8b, 0xfa, 0x83, 0xc7, 0x15, 0xa4, 0x83, 0xc6
    db 0x0a, 0x8b, 0xfa, 0x83, 0xc7, 0x16, 0xb9, 0x04
    db 0x00, 0xf3, 0xa4, 0x83, 0xc6, 0x02, 0xb9, 0x04
    db 0x00, 0xf3, 0xa4, 0x07, 0x1f, 0xf9, 0xc3, 0x50
    db 0xbf, 0x87, 0x6f, 0xb9, 0x0b, 0x00, 0x80, 0x3e
    db 0xa5, 0x6f, 0x0a, 0x75, 0x03, 0xb9, 0x0c, 0x00
    db 0xfc, 0x06, 0x56, 0x8e, 0x06, 0xa3, 0x6f, 0x80
    db 0x3e, 0xa5, 0x6f, 0x0a, 0x75, 0x0b, 0x83, 0xf9
    db 0x04, 0x75, 0x06, 0x83, 0xc6, 0x04, 0x83, 0xc7
    db 0x04, 0x26, 0x8a, 0x04, 0x46, 0x8a, 0x25, 0x47
    db 0x80, 0xfc, 0x3f, 0x74, 0x04, 0x3a, 0xc4, 0x75
    db 0x02, 0xe2, 0xdc, 0x5e, 0x26, 0x8a, 0x44, 0x0b
    db 0x07, 0x0b, 0xc9, 0x75, 0x1a, 0x59, 0x51, 0x80
    db 0xe1, 0xfe, 0x80, 0xf9, 0x4e, 0x75, 0x16, 0xa8
    db 0x06, 0x74, 0x12, 0x22, 0x06, 0x70, 0x6f, 0xa8
    db 0x02, 0x75, 0x0a, 0xa8, 0x04, 0x75, 0x06, 0x83
    db 0xc6, 0x20, 0x58, 0xf8, 0xc3, 0x33, 0xc0, 0xa3
    db 0xc1, 0x6e, 0x58, 0x32, 0xe4, 0x3c, 0x56, 0x74
    db 0x16, 0x3c, 0x41, 0x74, 0x15, 0x3c, 0x4e, 0x74
    db 0x14, 0x3c, 0x4f, 0x74, 0x10, 0x3c, 0x43, 0x74
    db 0x0f, 0x3c, 0x3d, 0x74, 0x0e, 0xeb, 0x0f, 0xeb
    db 0x7e, 0x90, 0xe9, 0xaf, 0x07, 0xe9, 0xb8, 0xfe
    db 0xe9, 0x3d, 0x08, 0xeb, 0x06, 0x90, 0xc6, 0x06
    db 0x86, 0x6f, 0x01, 0xa0, 0x86, 0x6f, 0x24, 0x0f
    db 0x74, 0x17, 0x56, 0x06, 0x8e, 0x06, 0xa3, 0x6f
    db 0x83, 0xc6, 0x0b, 0x26, 0x8a, 0x04, 0x07, 0xa8
    db 0x01, 0x74, 0x05, 0xb0, 0x05, 0xa2, 0xc1, 0x6e
    db 0x5e, 0xf9, 0xc3, 0xc6, 0x06, 0x36, 0x70, 0x01
    db 0x89, 0x16, 0x73, 0x6f, 0x8b, 0x56, 0x08, 0x89
    db 0x16, 0x75, 0x6f, 0x89, 0x3e, 0x77, 0x6f, 0x8c
    db 0xc7, 0x89, 0x3e, 0x79, 0x6f, 0xc6, 0x06, 0xc1
    db 0x6e, 0x02, 0x8b, 0x36, 0x73, 0x6f, 0x06, 0x8e
    db 0x46, 0x08, 0xe8, 0xe8, 0x09, 0x07, 0x72, 0x1c
    db 0xa0, 0xa5, 0x6f, 0x3c, 0x0a, 0x75, 0x08, 0xe8
    db 0x1e, 0x17, 0x72, 0x10, 0xeb, 0x0b, 0x90, 0xe8
    db 0x45, 0x0b, 0x72, 0x08, 0xe8, 0x7e, 0x0c, 0x72
    db 0x03, 0xe8, 0x3a, 0x08, 0xe9, 0x0c, 0x09, 0xa0
    db 0xa5, 0x6f, 0x50, 0x56, 0x06, 0x8b, 0x36, 0x77
    db 0x6f, 0x8e, 0x46, 0x0a, 0xe8, 0xb6, 0x09, 0x07
    db 0x5e, 0x58, 0x3a, 0x06, 0xa5, 0x6f, 0x75, 0x13
    db 0x8b, 0xfe, 0xbe, 0x87, 0x6f, 0xfc, 0xb9, 0x0b
    db 0x00, 0x06, 0x8e, 0x06, 0xa3, 0x6f, 0xf3, 0xa4
    db 0x07, 0xf9, 0xc3, 0xc6, 0x06, 0xc1, 0x6e, 0x11
    db 0xf9, 0xc3, 0xb0, 0x00, 0x8a, 0x26, 0xa5, 0x6f
    db 0x8b, 0x1e, 0xa3, 0x6f, 0x53, 0xc6, 0x06, 0xa5
    db 0x6f, 0x08, 0xc7, 0x06, 0xa3, 0x6f, 0x00, 0x18
    db 0x50, 0xe8, 0xeb, 0x0a, 0x58, 0x72, 0x02, 0x0c
    db 0x01, 0xc6, 0x06, 0xa5, 0x6f, 0x09, 0xc7, 0x06
    db 0xa3, 0x6f, 0x00, 0x40, 0x50, 0xe8, 0xd7, 0x0a
    db 0x58, 0x72, 0x02, 0x0c, 0x02, 0x50, 0xe8, 0x0d
    db 0x11, 0x58, 0x72, 0x02, 0x0c, 0x04, 0x88, 0x26
    db 0xa5, 0x6f, 0x5b, 0x89, 0x1e, 0xa3, 0x6f, 0xb4
    db 0x00, 0x89, 0x46, 0x00, 0xf8, 0xc3, 0xe8, 0xb1
    db 0x0f, 0x8b, 0x46, 0x00, 0x3c, 0x28, 0x75, 0x02
    db 0xeb, 0xa8, 0x3c, 0x29, 0x74, 0x5e, 0x0a, 0xc0
    db 0x75, 0x24, 0xe8, 0xec, 0x0c, 0x72, 0x24, 0x8a
    db 0x17, 0xfe, 0xca, 0x80, 0xe2, 0x0f, 0x80, 0xca
    db 0x80, 0x32, 0xf6, 0x89, 0x56, 0x06, 0xf8, 0xc3
    db 0xe8, 0x87, 0x0f, 0x8b, 0x46, 0x00, 0x0a, 0xc0
    db 0x74, 0x11, 0xfe, 0xc8, 0x74, 0x20, 0xc6, 0x06
    db 0xc1, 0x6e, 0x01, 0xa1, 0xc1, 0x6e, 0x89, 0x46
    db 0x00, 0xf9, 0xc3, 0xe8, 0xbb, 0x0c, 0x72, 0xf3
    db 0x8b, 0x4f, 0x16, 0x89, 0x4e, 0x04, 0x8b, 0x57
    db 0x14, 0x89, 0x56, 0x06, 0xf8, 0xc3, 0xc6, 0x06
    db 0x36, 0x70, 0x01, 0x51, 0x52, 0xe8, 0xa1, 0x0c
    db 0x5a, 0x59, 0x72, 0xd7, 0x89, 0x4f, 0x16, 0x89
    db 0x57, 0x14, 0xf8, 0xc3, 0xe8, 0x04, 0x00, 0x89
    db 0x46, 0x00, 0xc3, 0xe8, 0x3c, 0x0f, 0xa0, 0xa5
    db 0x6f, 0x3c, 0x0a, 0x74, 0x05, 0xb8, 0x00, 0x00
    db 0xf8, 0xc3, 0xb2, 0x1a, 0x52, 0xe8, 0x8a, 0xdc
    db 0x5a, 0x72, 0x47, 0x8b, 0xc2, 0xe8, 0xe3, 0x0f
    db 0x8b, 0x0e, 0x4a, 0x70, 0x41, 0x81, 0xf9, 0xfe
    db 0x01, 0x74, 0x0c, 0x51, 0xb2, 0x00, 0xe8, 0x71
    db 0xdc, 0x59, 0x72, 0x2e, 0x41, 0xeb, 0xee, 0x8a
    db 0x16, 0x49, 0x70, 0xe8, 0x64, 0xdc, 0x72, 0x22
    db 0xb2, 0x11, 0xe8, 0x5d, 0xdc, 0x72, 0x1b, 0xe8
    db 0x87, 0x0e, 0x72, 0x16, 0xc6, 0x06, 0x37, 0x70
    db 0x40, 0xe8, 0x0c, 0x0f, 0x72, 0x0c, 0x80, 0x3e
    db 0x51, 0x70, 0x00, 0xa1, 0x3b, 0x70, 0x75, 0x05
    db 0xf8, 0xc3, 0xe9, 0xf5, 0x0f, 0xa3, 0xc1, 0x6e
    db 0xb4, 0x00, 0xf9, 0xc3, 0xe9, 0xc1, 0x00, 0xe9
    db 0xcd, 0x00, 0xe8, 0xcd, 0x0e, 0x80, 0x3e, 0xa5
    db 0x6f, 0x0a, 0x75, 0x1f, 0xf6, 0xc4, 0x80, 0x75
    db 0x13, 0x80, 0xcc, 0x80, 0x88, 0x25, 0x53, 0x51
    db 0x52, 0xe8, 0x12, 0x13, 0x5a, 0x59, 0x5b, 0x73
    db 0x03, 0xe9, 0x9f, 0x00, 0xe8, 0x58, 0x13, 0x89
    db 0x46, 0x00, 0xc3, 0x89, 0x16, 0x62, 0x6f, 0x8b
    db 0x56, 0x08, 0x89, 0x16, 0x64, 0x6f, 0x89, 0x0e
    db 0x66, 0x6f, 0xe8, 0xe4, 0x0b, 0x72, 0xbd, 0xe8
    db 0x95, 0x09, 0x72, 0xb8, 0xa1, 0x9d, 0x6f, 0x8b
    db 0x16, 0x9f, 0x6f, 0x0b, 0xc2, 0x74, 0xb0, 0x8b
    db 0x1e, 0x66, 0x6f, 0x0b, 0xd2, 0x75, 0x04, 0x3b
    db 0xc3, 0x72, 0x7e, 0x2b, 0xc3, 0x83, 0xda, 0x00
    db 0xa3, 0x9d, 0x6f, 0x89, 0x16, 0x9f, 0x6f, 0x89
    db 0x1e, 0x95, 0x6f, 0x8b, 0x0e, 0x66, 0x6f, 0x8b
    db 0x1e, 0x93, 0x6f, 0xb8, 0x80, 0x00, 0x2b, 0xc3
    db 0x3b, 0xc1, 0x77, 0x6b, 0x2b, 0xc8, 0x89, 0x0e
    db 0x66, 0x6f, 0x50, 0xe8, 0x7c, 0x07, 0x58, 0x8b
    db 0xc8, 0x8b, 0x36, 0x93, 0x6f, 0x03, 0xf7, 0x8b
    db 0x3e, 0x62, 0x6f, 0x1e, 0x06, 0x8e, 0x06, 0x64
    db 0x6f, 0x8e, 0x1e, 0xa6, 0x6f, 0xfc, 0xf3, 0xa4
    db 0x07, 0x1f, 0xc7, 0x06, 0x93, 0x6f, 0x00, 0x00
    db 0x89, 0x3e, 0x62, 0x6f, 0xe8, 0x88, 0x07, 0x3d
    db 0xff, 0x0f, 0x75, 0xb7, 0x83, 0x3e, 0x66, 0x6f
    db 0x00, 0x74, 0x05, 0xc6, 0x06, 0xc1, 0x6e, 0x13
    db 0xe8, 0x3c, 0x0c, 0xa1, 0xc1, 0x6e, 0x0b, 0xc0
    db 0x74, 0x4d, 0x89, 0x46, 0x00, 0xf9, 0xc3, 0x33
    db 0xc0, 0xa3, 0x95, 0x6f, 0xa3, 0x97, 0x6f, 0xeb
    db 0xe7, 0xc7, 0x06, 0x9d, 0x6f, 0x00, 0x00, 0xa3
    db 0x66, 0x6f, 0xa3, 0x95, 0x6f, 0xeb, 0x84, 0x0b
    db 0xc9, 0x74, 0xd5, 0x51, 0xe8, 0x13, 0x07, 0x59
    db 0x8b, 0x36, 0x93, 0x6f, 0x03, 0xf7, 0x8b, 0x3e
    db 0x62, 0x6f, 0x1e, 0x06, 0x8e, 0x06, 0x64, 0x6f
    db 0x8e, 0x1e, 0xa6, 0x6f, 0xfc, 0xf3, 0xa4, 0x07
    db 0x1f, 0x8b, 0x36, 0x93, 0x6f, 0x03, 0x36, 0x66
    db 0x6f, 0x89, 0x36, 0x93, 0x6f, 0xeb, 0xa9, 0xf8
    db 0xa1, 0x95, 0x6f, 0x89, 0x46, 0x00, 0xc3, 0xe8
    db 0xb0, 0x0d, 0x80, 0x3e, 0xa5, 0x6f, 0x0a, 0x75
    db 0x1c, 0xf6, 0xc4, 0x80, 0x75, 0x10, 0x80, 0xcc
    db 0x80, 0x88, 0x25, 0x53, 0x51, 0x52, 0xe8, 0x57
    db 0x13, 0x5a, 0x59, 0x5b, 0x72, 0x85, 0xe8, 0x74
    db 0x13, 0x89, 0x46, 0x00, 0xc3, 0xc6, 0x06, 0x36
    db 0x70, 0x01, 0x89, 0x16, 0x62, 0x6f, 0x8b, 0x56
    db 0x08, 0x89, 0x16, 0x64, 0x6f, 0x89, 0x0e, 0x66
    db 0x6f, 0xe8, 0xc5, 0x0a, 0x72, 0x37, 0xe8, 0x76
    db 0x08, 0x72, 0x32, 0xe8, 0xaf, 0x09, 0x72, 0x2d
    db 0xe8, 0xdc, 0x00, 0x73, 0x03, 0xe9, 0xc3, 0x00
    db 0xa0, 0xc1, 0x6e, 0x3c, 0x13, 0x74, 0x1e, 0x33
    db 0xc0, 0xa3, 0xc1, 0x6e, 0xa3, 0x95, 0x6f, 0xa3
    db 0x97, 0x6f, 0xf7, 0xd0, 0xa3, 0x7b, 0x6f, 0xa2
    db 0x7d, 0x6f, 0x8b, 0x0e, 0x66, 0x6f, 0x0b, 0xc9
    db 0x75, 0x06, 0xe8, 0x57, 0x01, 0xe9, 0x2b, 0xff
    db 0x8b, 0x0e, 0x66, 0x6f, 0x0b, 0xc9, 0x74, 0x44
    db 0xb8, 0x80, 0x00, 0x8b, 0x1e, 0x93, 0x6f, 0x2b
    db 0xc3, 0x3b, 0xc1, 0x7e, 0x46, 0x51, 0xe8, 0x51
    db 0x06, 0x59, 0x8b, 0x36, 0x93, 0x6f, 0x8b, 0xd6
    db 0x03, 0xfe, 0x03, 0xd1, 0x89, 0x16, 0x93, 0x6f
    db 0x8b, 0x36, 0x62, 0x6f, 0xa1, 0x95, 0x6f, 0x03
    db 0xc1, 0xa3, 0x95, 0x6f, 0xfc, 0x1e, 0x06, 0x8e
    db 0x06, 0xa6, 0x6f, 0x8e, 0x1e, 0x64, 0x6f, 0x8a
    db 0x04, 0x26, 0x88, 0x05, 0x3a, 0x04, 0x75, 0x0a
    db 0xf3, 0xa4, 0x07, 0x1f, 0xe8, 0x49, 0x0b, 0xe9
    db 0xd9, 0xfe, 0x07, 0x1f, 0xc6, 0x06, 0xc1, 0x6e
    db 0x13, 0xeb, 0xf4, 0x2b, 0xc8, 0x89, 0x0e, 0x66
    db 0x6f, 0x50, 0xe8, 0x05, 0x06, 0x58, 0x8b, 0xc8
    db 0x8b, 0x36, 0x93, 0x6f, 0x03, 0xfe, 0x8b, 0x36
    db 0x62, 0x6f, 0xa1, 0x95, 0x6f, 0x03, 0xc1, 0xa3
    db 0x95, 0x6f, 0xfc, 0x1e, 0x06, 0x8e, 0x06, 0xa6
    db 0x6f, 0x8e, 0x1e, 0x64, 0x6f, 0xf3, 0xa4, 0x07
    db 0x1f, 0x89, 0x36, 0x62, 0x6f, 0xc7, 0x06, 0x93
    db 0x6f, 0x00, 0x00, 0xe8, 0xe3, 0x00, 0x72, 0x03
    db 0xe9, 0x65, 0xff, 0xa0, 0xc1, 0x6e, 0x3c, 0x13
    db 0x74, 0xaa, 0x33, 0xc0, 0xa3, 0xc1, 0x6e, 0xa3
    db 0x95, 0x6f, 0xa3, 0x97, 0x6f, 0xeb, 0x9d, 0xa1
    db 0xa1, 0x6f, 0x74, 0x5d, 0xa0, 0xc1, 0x6e, 0x3c
    db 0x13, 0x74, 0x58, 0x33, 0xc0, 0xa3, 0xc1, 0x6e
    db 0xa3, 0x95, 0x6f, 0xa3, 0x97, 0x6f, 0xf7, 0xd0
    db 0xa3, 0x7b, 0x6f, 0xa2, 0x7d, 0x6f, 0x8b, 0x0e
    db 0xa1, 0x6f, 0x0b, 0xc9, 0x74, 0x3b, 0xb8, 0x80
    db 0x00, 0x8b, 0x1e, 0x93, 0x6f, 0x2b, 0xc3, 0x3b
    db 0xc1, 0x7e, 0x32, 0x51, 0xe8, 0x83, 0x05, 0x59
    db 0x8b, 0x36, 0x93, 0x6f, 0x8b, 0xd6, 0x03, 0xfe
    db 0x03, 0xd1, 0x89, 0x16, 0x93, 0x6f, 0xa1, 0x95
    db 0x6f, 0x03, 0xc1, 0xa3, 0x95, 0x6f, 0x32, 0xc0
    db 0xfc, 0x06, 0x8e, 0x06, 0xa6, 0x6f, 0x26, 0x88
    db 0x05, 0x26, 0x3a, 0x05, 0x75, 0x3e, 0xf3, 0xaa
    db 0x07, 0xf8, 0xc3, 0xf9, 0xc3, 0x2b, 0xc8, 0x89
    db 0x0e, 0xa1, 0x6f, 0x50, 0xe8, 0x4b, 0x05, 0x58
    db 0x8b, 0xc8, 0x8b, 0x36, 0x93, 0x6f, 0x03, 0xfe
    db 0xa1, 0x95, 0x6f, 0x03, 0xc1, 0xa3, 0x95, 0x6f
    db 0x32, 0xc0, 0xfc, 0x06, 0x8e, 0x06, 0xa6, 0x6f
    db 0xf3, 0xaa, 0x07, 0x89, 0x36, 0x62, 0x6f, 0xc7
    db 0x06, 0x93, 0x6f, 0x00, 0x00, 0xe8, 0x31, 0x00
    db 0x73, 0x84, 0xf9, 0xc3, 0x07, 0xc6, 0x06, 0xc1
    db 0x6e, 0x13, 0xf9, 0xc3, 0xa1, 0x57, 0x6f, 0x50
    db 0xe8, 0xa8, 0x03, 0x58, 0xa3, 0x57, 0x6f, 0xa3
    db 0x59, 0x6f, 0xe8, 0xa9, 0x00, 0x8b, 0x1e, 0xb0
    db 0x6f, 0x8b, 0x47, 0x10, 0x89, 0x47, 0x0c, 0x8b
    db 0x57, 0x12, 0x89, 0x57, 0x0e, 0xe8, 0x20, 0x0a
    db 0xc3, 0xe8, 0x23, 0x05, 0x3d, 0xff, 0x0f, 0x74
    db 0x05, 0xa3, 0x59, 0x6f, 0xf8, 0xc3, 0xc7, 0x06
    db 0x57, 0x6f, 0x02, 0x00, 0xe8, 0x01, 0x05, 0x8b
    db 0xf0, 0x1e, 0xa1, 0xa3, 0x6f, 0x8e, 0xd8, 0x8b
    db 0x04, 0x1f, 0x8b, 0x16, 0x57, 0x6f, 0xd1, 0xea
    db 0xba, 0xff, 0x0f, 0x46, 0x73, 0x04, 0xba, 0xf0
    db 0xff, 0x46, 0x23, 0xc2, 0x0b, 0xc0, 0x75, 0x02
    db 0xeb, 0x14, 0xff, 0x06, 0x57, 0x6f, 0xa1, 0xaa
    db 0x6f, 0x39, 0x06, 0x57, 0x6f, 0x72, 0xd2, 0xc6
    db 0x06, 0xc1, 0x6e, 0x0a, 0xf9, 0xc3, 0xa1, 0x59
    db 0x6f, 0x8b, 0xc8, 0xe8, 0xc5, 0x04, 0x8b, 0xf8
    db 0x06, 0x8e, 0x06, 0xa3, 0x6f, 0x26, 0x8b, 0x05
    db 0x8b, 0x16, 0x57, 0x6f, 0x8b, 0xda, 0xd1, 0xe9
    db 0xb9, 0x00, 0xf0, 0x73, 0x0b, 0xb9, 0x0f, 0x00
    db 0xd1, 0xe2, 0xd1, 0xe2, 0xd1, 0xe2, 0xd1, 0xe2
    db 0x23, 0xc1, 0x0b, 0xc2, 0x26, 0x89, 0x05, 0x26
    db 0x3b, 0x05, 0x07, 0x75, 0x0a, 0x8b, 0xc3, 0xa3
    db 0x59, 0x6f, 0xe8, 0x09, 0x00, 0xf8, 0xc3, 0xc6
    db 0x06, 0xc1, 0x6e, 0x13, 0xf9, 0xc3, 0xa1, 0x59
    db 0x6f, 0x8b, 0xc8, 0xe8, 0x7d, 0x04, 0x8b, 0xf8
    db 0x06, 0x8e, 0x06, 0xa3, 0x6f, 0x26, 0x8b, 0x05
    db 0xba, 0xff, 0x0f, 0x8b, 0xda, 0xd1, 0xe9, 0xb9
    db 0x00, 0xf0, 0x73, 0x0b, 0xb9, 0x0f, 0x00, 0xd1
    db 0xe2, 0xd1, 0xe2, 0xd1, 0xe2, 0xd1, 0xe2, 0x23
    db 0xc1, 0x0b, 0xc2, 0x26, 0x89, 0x05, 0x26, 0x3b
    db 0x05, 0x07, 0x75, 0xc3, 0xc3, 0xe8, 0xf2, 0x0a
    db 0x33, 0xc0, 0xa3, 0x95, 0x6f, 0xa3, 0x97, 0x6f
    db 0x89, 0x16, 0x66, 0x6f, 0x89, 0x0e, 0x68, 0x6f
    db 0x8b, 0x46, 0x00, 0xa2, 0xae, 0x6f, 0xe8, 0x28
    db 0x08, 0x72, 0x0d, 0xe8, 0xd9, 0x05, 0x72, 0x08
    db 0xe8, 0xc2, 0x00, 0x73, 0x1a, 0xe9, 0x83, 0x00
    db 0x80, 0x3e, 0xc1, 0x6e, 0x00, 0x74, 0x08, 0xa1
    db 0xc1, 0x6e, 0x89, 0x46, 0x00, 0xf9, 0xc3, 0x89
    db 0x46, 0x00, 0x89, 0x56, 0x06, 0xf8, 0xc3, 0xa1
    db 0x9d, 0x6f, 0x8b, 0x16, 0x9f, 0x6f, 0x8b, 0x1e
    db 0x66, 0x6f, 0x2b, 0xc3, 0x83, 0xda, 0x00, 0xa3
    db 0x9d, 0x6f, 0x89, 0x16, 0x9f, 0x6f, 0x89, 0x1e
    db 0x95, 0x6f, 0x8b, 0x0e, 0x68, 0x6f, 0x89, 0x0e
    db 0x97, 0x6f, 0x8b, 0x0e, 0x66, 0x6f, 0x8b, 0x16
    db 0x68, 0x6f, 0x8b, 0x1e, 0x93, 0x6f, 0xb8, 0x80
    db 0x00, 0x2b, 0xc3, 0x0b, 0xd2, 0x75, 0x04, 0x3b
    db 0xc1, 0x77, 0x53, 0x2b, 0xc8, 0x83, 0xda, 0x00
    db 0x89, 0x0e, 0x66, 0x6f, 0x89, 0x16, 0x68, 0x6f
    db 0x50, 0xe8, 0x96, 0x03, 0x58, 0x8b, 0xc8, 0xc7
    db 0x06, 0x93, 0x6f, 0x00, 0x00, 0xe8, 0xbf, 0x03
    db 0x3d, 0xff, 0x0f, 0x75, 0xc5, 0xa1, 0x68, 0x6f
    db 0x0b, 0x06, 0x66, 0x6f, 0x74, 0x05, 0xc6, 0x06
    db 0xc1, 0x6e, 0x13, 0xe8, 0x71, 0x08, 0x8b, 0x47
    db 0x10, 0x03, 0x06, 0xa1, 0x6f, 0x89, 0x47, 0x10
    db 0x8b, 0x57, 0x12, 0x83, 0xd2, 0x00, 0x89, 0x57
    db 0x12, 0xe9, 0x64, 0xff, 0x33, 0xc0, 0xa3, 0x95
    db 0x6f, 0xa3, 0x97, 0x6f, 0xeb, 0xdd, 0x0b, 0xc9
    db 0x74, 0xd9, 0x51, 0xe8, 0x4c, 0x03, 0x59, 0x8b
    db 0x36, 0x93, 0x6f, 0x03, 0x36, 0x66, 0x6f, 0x89
    db 0x36, 0x93, 0x6f, 0xeb, 0xc6, 0x8b, 0x1e, 0xb0
    db 0x6f, 0x8b, 0x47, 0x10, 0x8b, 0x57, 0x12, 0x8b
    db 0x4f, 0x0c, 0x8b, 0x77, 0x0e, 0x8b, 0xde, 0x8b
    db 0x36, 0x66, 0x6f, 0x8b, 0x3e, 0x68, 0x6f, 0x80
    db 0x3e, 0xae, 0x6f, 0x00, 0x74, 0x26, 0x80, 0x3e
    db 0xae, 0x6f, 0x01, 0x74, 0x19, 0x80, 0x3e, 0xae
    db 0x6f, 0x02, 0x74, 0x07, 0xc6, 0x06, 0xc1, 0x6e
    db 0x01, 0xf9, 0xc3, 0x83, 0xff, 0xff, 0x75, 0x47
    db 0x03, 0xf1, 0x13, 0xfb, 0xeb, 0x0b, 0x03, 0xf0
    db 0x13, 0xfa, 0xeb, 0x05, 0x83, 0xff, 0xff, 0x74
    db 0xe3, 0x3b, 0xfb, 0x72, 0x06, 0x75, 0x14, 0x3b
    db 0xf1, 0x73, 0x10, 0x3b, 0xfa, 0x72, 0x12, 0x75
    db 0x04, 0x3b, 0xf0, 0x72, 0x0c, 0x2b, 0xf0, 0x1b
    db 0xfa, 0xeb, 0x0d, 0x2b, 0xf1, 0x1b, 0xfb, 0xeb
    db 0x16, 0x56, 0x57, 0xe8, 0x3d, 0x00, 0x5f, 0x5e
    db 0x89, 0x36, 0x66, 0x6f, 0x89, 0x3e, 0x68, 0x6f
    db 0x33, 0xc0, 0xa3, 0xa1, 0x6f, 0xf8, 0xc3, 0x3b
    db 0xd3, 0x72, 0x06, 0x75, 0x16, 0x3b, 0xc1, 0x73
    db 0x12, 0x2b, 0xc8, 0x1b, 0xda, 0x89, 0x0e, 0x66
    db 0x6f, 0x89, 0x1e, 0x68, 0x6f, 0x89, 0x36, 0xa1
    db 0x6f, 0xf8, 0xc3, 0x03, 0xce, 0x13, 0xdf, 0x89
    db 0x4f, 0x10, 0x89, 0x5f, 0x12, 0x8b, 0xc1, 0x8b
    db 0xd3, 0xf9, 0xc3, 0x8b, 0x36, 0xb0, 0x6f, 0x83
    db 0xc6, 0x01, 0xbf, 0x87, 0x6f, 0xe8, 0x11, 0x00
    db 0xe8, 0x53, 0x01, 0xe8, 0xe6, 0xf4, 0xe8, 0xe4
    db 0x05, 0x8b, 0x1e, 0xb0, 0x6f, 0xe8, 0xbc, 0x06
    db 0xc3, 0xfc, 0xb9, 0x0b, 0x00, 0x06, 0x8c, 0xd8
    db 0x8e, 0xc0, 0xf3, 0xa4, 0x07, 0xc3, 0xc6, 0x06
    db 0x36, 0x70, 0x01, 0x8b, 0xf2, 0x52, 0x06, 0x8e
    db 0x46, 0x08, 0xe8, 0xb8, 0x02, 0x07, 0x5a, 0x72
    db 0x20, 0xa0, 0xa5, 0x6f, 0x3c, 0x0a, 0x75, 0x0c
    db 0x8b, 0x46, 0x08, 0xa3, 0x3d, 0x70, 0xe8, 0xc3
    db 0x0c, 0xeb, 0x0e, 0x90, 0xe8, 0x10, 0x04, 0x72
    db 0x08, 0xe8, 0x49, 0x05, 0x72, 0x03, 0xe8, 0x05
    db 0x01, 0xe9, 0xd7, 0x01, 0x8b, 0x3e, 0x6e, 0x6f
    db 0x06, 0x8e, 0x06, 0xa3, 0x6f, 0x26, 0x8a, 0x45
    db 0x0b, 0xa8, 0x01, 0x75, 0x1f, 0xb0, 0xe5, 0x57
    db 0x26, 0x88, 0x05, 0x26, 0x3a, 0x05, 0x75, 0x1c
    db 0xaa, 0x5f, 0x83, 0xc7, 0x1a, 0x26, 0x8b, 0x05
    db 0x07, 0xa3, 0x57, 0x6f, 0xe8, 0xf1, 0x01, 0xe8
    db 0x99, 0x00, 0xf9, 0xc3, 0x07, 0xc6, 0x06, 0xc1
    db 0x6e, 0x05, 0xf9, 0xc3, 0x5f, 0x07, 0xc6, 0x06
    db 0xc1, 0x6e, 0x13, 0xf9, 0xc3, 0x8b, 0x46, 0x00
    db 0xa2, 0x72, 0x6f, 0x0a, 0xc0, 0x74, 0x05, 0xc6
    db 0x06, 0x36, 0x70, 0x01, 0x89, 0x0e, 0x70, 0x6f
    db 0x8b, 0xf2, 0x06, 0x8e, 0x46, 0x08, 0xe8, 0x34
    db 0x02, 0x07, 0x72, 0x08, 0xe8, 0xa0, 0x03, 0x72
    db 0x03, 0xe8, 0x9a, 0x00, 0xa1, 0xc1, 0x6e, 0x89
    db 0x46, 0x00, 0x0b, 0xc0, 0x74, 0x19, 0x50, 0xa0
    db 0xa5, 0x6f, 0x3c, 0x0a, 0x58, 0x75, 0x0e, 0xc7
    db 0x06, 0xc1, 0x6e, 0x00, 0x00, 0xc7, 0x06, 0x70
    db 0x6f, 0x20, 0x00, 0xeb, 0xdf, 0xf9, 0xc3, 0xf8
    db 0x8b, 0x0e, 0x70, 0x6f, 0x89, 0x4e, 0x04, 0xc3
    db 0x8b, 0x3e, 0x6e, 0x6f, 0x83, 0xc7, 0x0b, 0x06
    db 0x8e, 0x06, 0xa3, 0x6f, 0x80, 0x3e, 0x72, 0x6f
    db 0x00, 0x74, 0x15, 0xa0, 0x70, 0x6f, 0x26, 0x88
    db 0x05, 0x26, 0x3a, 0x05, 0x75, 0x03, 0xaa, 0xeb
    db 0x0f, 0xc6, 0x06, 0xc1, 0x6e, 0x13, 0xeb, 0x08
    db 0x26, 0x8a, 0x05, 0xb4, 0x00, 0xa3, 0x70, 0x6f
    db 0x07, 0xf9, 0xc3, 0xa1, 0x57, 0x6f, 0x0b, 0xc0
    db 0x74, 0x33, 0xe8, 0x83, 0x01, 0x8b, 0xf0, 0x1e
    db 0xa1, 0xa3, 0x6f, 0x8e, 0xd8, 0x8b, 0x04, 0x1f
    db 0x50, 0x8b, 0x16, 0x57, 0x6f, 0xd1, 0xea, 0xba
    db 0x00, 0xf0, 0x73, 0x03, 0xba, 0x0f, 0x00, 0x23
    db 0xc2, 0x1e, 0x50, 0xa1, 0xa3, 0x6f, 0x8e, 0xd8
    db 0x58, 0x89, 0x04, 0x1f, 0x58, 0xe8, 0x75, 0x01
    db 0x3d, 0xff, 0x0f, 0x75, 0xcd, 0xc3, 0xc6, 0x06
    db 0xc1, 0x6e, 0x02, 0xc7, 0x06, 0x5d, 0x6f, 0x20
    db 0x00, 0xe8, 0x8b, 0x02, 0x33, 0xc0, 0xf7, 0xd0
    db 0xa3, 0x7b, 0x6f, 0xa2, 0x7d, 0x6f, 0xc7, 0x06
    db 0x5b, 0x6f, 0x04, 0x00, 0xe8, 0xbb, 0xf4, 0x8b
    db 0xf7, 0x83, 0x3e, 0x5d, 0x6f, 0x00, 0x74, 0x62
    db 0x89, 0x36, 0x6e, 0x6f, 0x06, 0x8e, 0x06, 0xa3
    db 0x6f, 0x26, 0x8a, 0x04, 0x07, 0x0a, 0xc0, 0x74
    db 0x7f, 0x3c, 0xe5, 0x75, 0x20, 0x80, 0x3e, 0x5f
    db 0x6f, 0x3c, 0x75, 0x48, 0x83, 0x3e, 0x7b, 0x6f
    db 0xff, 0x75, 0x41, 0xa1, 0x54, 0x6f, 0xa3, 0x7b
    db 0x6f, 0x8a, 0x26, 0x56, 0x6f, 0x88, 0x26, 0x7d
    db 0x6f, 0x89, 0x36, 0x80, 0x6f, 0xa0, 0x5f, 0x6f
    db 0xe8, 0x5c, 0xf6, 0x73, 0x2a, 0xff, 0x0e, 0x5b
    db 0x6f, 0x75, 0x1e, 0xc7, 0x06, 0x5b, 0x6f, 0x04
    db 0x00, 0xff, 0x0e, 0x5d, 0x6f, 0xfe, 0x06, 0x56
    db 0x6f, 0x80, 0x3e, 0x56, 0x6f, 0x21, 0x75, 0x09
    db 0xff, 0x06, 0x54, 0x6f, 0xc6, 0x06, 0x56, 0x6f
    db 0x01, 0xc3, 0xeb, 0x2c, 0x83, 0xc6, 0x20, 0xff
    db 0x0e, 0x5b, 0x6f, 0x75, 0x8c, 0xc7, 0x06, 0x5b
    db 0x6f, 0x04, 0x00, 0xff, 0x0e, 0x5d, 0x6f, 0x74
    db 0x17, 0xfe, 0x06, 0x56, 0x6f, 0x80, 0x3e, 0x56
    db 0x6f, 0x21, 0x75, 0x09, 0xff, 0x06, 0x54, 0x6f
    db 0xc6, 0x06, 0x56, 0x6f, 0x01, 0xe9, 0x64, 0xff
    db 0xa0, 0x5f, 0x6f, 0x3c, 0x3c, 0x75, 0x13, 0x83
    db 0x3e, 0x5d, 0x6f, 0x00, 0x75, 0x0c, 0x83, 0x3e
    db 0x7b, 0x6f, 0xff, 0x75, 0x05, 0xc6, 0x06, 0xc1
    db 0x6e, 0x10, 0xc3, 0xa1, 0xc1, 0x6e, 0x0b, 0xc0
    db 0x74, 0x05, 0x89, 0x46, 0x00, 0xf9, 0xc3, 0xa0
    db 0xaf, 0x6f, 0x32, 0xe4, 0x89, 0x46, 0x00, 0xf8
    db 0xc3, 0xa1, 0xc1, 0x6e, 0x0b, 0xc0, 0x74, 0x05
    db 0x89, 0x46, 0x00, 0xf9, 0xc3, 0xa0, 0xaf, 0x6f
    db 0x80, 0x3e, 0xa5, 0x6f, 0x0a, 0x74, 0x02, 0x04
    db 0x05, 0x50, 0x57, 0xbf, 0x3f, 0x70, 0xb4, 0x00
    db 0x03, 0xf8, 0xa0, 0xa5, 0x6f, 0x88, 0x05, 0x5f
    db 0x58, 0x32, 0xe4, 0x89, 0x46, 0x00, 0xf8, 0xc3
    db 0xc6, 0x06, 0x56, 0x6f, 0x02, 0x33, 0xc0, 0xa3
    db 0x54, 0x6f, 0xe8, 0xb5, 0xf3, 0x89, 0x3e, 0x84
    db 0x6f, 0xc3, 0xa1, 0x57, 0x6f, 0x48, 0x48, 0xbb
    db 0x01, 0x00, 0xf7, 0xe3, 0x8a, 0x1e, 0xac, 0x6f
    db 0x80, 0xc3, 0x1f, 0xb7, 0x00, 0x03, 0xc3, 0xbb
    db 0x20, 0x00, 0xf7, 0xf3, 0xa3, 0x54, 0x6f, 0x42
    db 0x88, 0x16, 0x56, 0x6f, 0xe8, 0x8b, 0xf3, 0xc3
    db 0xa1, 0x57, 0x6f, 0xba, 0x03, 0x00, 0xf7, 0xe2
    db 0xd1, 0xe8, 0x03, 0x06, 0x84, 0x6f, 0xc3, 0xe8
    db 0xee, 0xff, 0x8b, 0xf0, 0x1e, 0xa1, 0xa3, 0x6f
    db 0x8e, 0xd8, 0x8b, 0x04, 0x1f, 0x8b, 0x16, 0x57
    db 0x6f, 0xd1, 0xea, 0x73, 0x09, 0xd1, 0xe8, 0xd1
    db 0xe8, 0xd1, 0xe8, 0xd1, 0xe8, 0x46, 0x46, 0x25
    db 0xff, 0x0f, 0xa3, 0x57, 0x6f, 0xc3, 0xc6, 0x06
    db 0xc1, 0x6e, 0x03, 0xf9, 0xc3, 0xa0, 0x35, 0x6d
    db 0xa2, 0xa5, 0x6f, 0x26, 0x8a, 0x04, 0x0a, 0xc0
    db 0x74, 0xec, 0xbf, 0x87, 0x6f, 0xb9, 0x0b, 0x00
    db 0xb0, 0x3f, 0x88, 0x05, 0x47, 0xe2, 0xfb, 0x47
    db 0xb9, 0x04, 0x00, 0xb0, 0x3f, 0x88, 0x05, 0x47
    db 0xe2, 0xfb, 0xbf, 0x87, 0x6f, 0x8b, 0xd7, 0xb9
    db 0x00, 0x01, 0xb3, 0x00, 0x8b, 0xfa, 0x8a, 0xe0
    db 0x26, 0x8a, 0x04, 0x46, 0x3c, 0x3a, 0x74, 0x6e
    db 0x3c, 0x2a, 0x75, 0x03, 0xe9, 0x97, 0x00, 0x80
    db 0x3e, 0xa5, 0x6f, 0x0a, 0x74, 0x04, 0x3c, 0x2e
    db 0x74, 0x66, 0x0a, 0xc0, 0x74, 0x24, 0x80, 0x3e
    db 0xa5, 0x6f, 0x0a, 0x74, 0x07, 0x80, 0xfb, 0x08
    db 0x73, 0xd4, 0xeb, 0x0f, 0x80, 0xfb, 0x0c, 0x73
    db 0xcd, 0x80, 0xfb, 0x08, 0x72, 0x05, 0x75, 0x03
    db 0x83, 0xc7, 0x04, 0x88, 0x05, 0x47, 0xfe, 0xc3
    db 0xe2, 0xbc, 0x80, 0x3e, 0xa5, 0x6f, 0x0a, 0x75
    db 0x05, 0x80, 0xfb, 0x08, 0x73, 0x0c, 0xb0, 0x20
    db 0x88, 0x05, 0x47, 0xfe, 0xc3, 0x80, 0xfb, 0x0b
    db 0x72, 0xe8, 0x80, 0x3e, 0xa5, 0x6f, 0x0a, 0xb8
    db 0x80, 0x05, 0x74, 0x0d, 0xf6, 0x06, 0xa5, 0x6f
    db 0x01, 0xb8, 0x00, 0x18, 0x74, 0x03, 0xb8, 0x00
    db 0x40, 0xa3, 0xa3, 0x6f, 0xf8, 0xc3, 0x80, 0xe4
    db 0x0f, 0x88, 0x26, 0xa5, 0x6f, 0xe9, 0x7a, 0xff
    db 0xb0, 0x20, 0x80, 0xfb, 0x08, 0x73, 0x07, 0x88
    db 0x05, 0x47, 0xfe, 0xc3, 0xeb, 0xf4, 0x26, 0x8a
    db 0x04, 0x46, 0x3c, 0x2a, 0x74, 0x1e, 0x0a, 0xc0
    db 0x74, 0xa8, 0x88, 0x05, 0x47, 0xfe, 0xc3, 0x80
    db 0xfb, 0x0b, 0x72, 0xea, 0xeb, 0xb4, 0xb0, 0x3f
    db 0x80, 0xfb, 0x08, 0x73, 0x15, 0x88, 0x05, 0x47
    db 0xfe, 0xc3, 0xeb, 0xf4, 0xb0, 0x3f, 0x88, 0x05
    db 0x47, 0xfe, 0xc3, 0x80, 0xfb, 0x0b, 0x72, 0xf4
    db 0xeb, 0x98, 0x80, 0x3e, 0xa5, 0x6f, 0x0a, 0x74
    db 0x03, 0xe9, 0x32, 0xff, 0x26, 0x8a, 0x04, 0x46
    db 0x3c, 0x2e, 0x74, 0xac, 0xe9, 0x43, 0xff, 0x80
    db 0x3e, 0xa5, 0x6f, 0x0a, 0x75, 0x0c, 0xc6, 0x06
    db 0x56, 0x6f, 0x01, 0xc7, 0x06, 0x54, 0x6f, 0x00
    db 0x00, 0xc3, 0xa0, 0xac, 0x6f, 0xfe, 0xc8, 0xb4
    db 0x00, 0xb3, 0x20, 0xf6, 0xf3, 0xfe, 0xc4, 0x88
    db 0x26, 0x56, 0x6f, 0xb4, 0x00, 0xa3, 0x54, 0x6f
    db 0xc3, 0xa0, 0xad, 0x6f, 0xb4, 0x00, 0x1e, 0x50
    db 0xa1, 0xa3, 0x6f, 0xf6, 0x06, 0xa5, 0x6f, 0x01
    db 0x8e, 0xd8, 0x58, 0xc7, 0x06, 0x00, 0x00, 0x97
    db 0x19, 0xc7, 0x06, 0x02, 0x00, 0x26, 0x01, 0xa3
    db 0x04, 0x00, 0x75, 0x06, 0xc7, 0x06, 0x04, 0x00
    db 0x05, 0x00, 0x1f, 0xe8, 0x11, 0x00, 0xc3, 0x1e
    db 0x50, 0xa1, 0xa3, 0x6f, 0x8e, 0xd8, 0x58, 0xc7
    db 0x06, 0x00, 0x00, 0x00, 0x00, 0x1f, 0xc3, 0x50
    db 0x53, 0x51, 0x52, 0x80, 0x3e, 0xa5, 0x6f, 0x0a
    db 0x74, 0x78, 0x1e, 0x8b, 0x1e, 0xa3, 0x6f, 0xf6
    db 0x06, 0xa5, 0x6f, 0x01, 0x8e, 0xdb, 0x74, 0x1a
    db 0x81, 0xfb, 0x00, 0x40, 0x74, 0x07, 0xbb, 0x00
    db 0x00, 0x8e, 0xdb, 0xeb, 0x12, 0xe8, 0x32, 0xcf
    db 0x73, 0x0d, 0x1f, 0xc6, 0x06, 0xc1, 0x6e, 0x08
    db 0xeb, 0x10, 0xe8, 0x53, 0x00, 0x75, 0x05, 0xe8
    db 0x55, 0x00, 0x74, 0x17, 0x1f, 0xc6, 0x06, 0xc1
    db 0x6e, 0x11, 0x33, 0xc0, 0xa3, 0xa8, 0x6f, 0xa3
    db 0xaa, 0x6f, 0xa2, 0xac, 0x6f, 0xa2, 0xad, 0x6f
    db 0xf9, 0xeb, 0x30, 0xa1, 0x04, 0x00, 0x1f, 0x8b
    db 0xc8, 0xa2, 0xad, 0x6f, 0xd1, 0xe0, 0xd1, 0xe0
    db 0xd1, 0xe0, 0xa3, 0xa8, 0x6f, 0x8b, 0xd8, 0x8b
    db 0xc1, 0x02, 0xc0, 0x02, 0xc1, 0x04, 0x02, 0xa2
    db 0xac, 0x6f, 0x04, 0x1d, 0x8a, 0xc8, 0xb5, 0x00
    db 0xb8, 0x20, 0x00, 0xf7, 0xe3, 0x2b, 0xc1, 0xa3
    db 0xaa, 0x6f, 0xf8, 0x5a, 0x59, 0x5b, 0x58, 0xc3
    db 0x83, 0x3e, 0x04, 0x00, 0x05, 0x75, 0x0e, 0x81
    db 0x3e, 0x00, 0x00, 0x97, 0x19, 0x75, 0x06, 0x81
    db 0x3e, 0x02, 0x00, 0x26, 0x01, 0xc3, 0xe8, 0xb9
    db 0xce, 0x73, 0x07, 0xc6, 0x06, 0xc1, 0x6e, 0x08
    db 0xf9, 0xc3, 0x33, 0xdb, 0xb9, 0x10, 0x00, 0x06
    db 0xba, 0x00, 0x00, 0x52, 0xe8, 0x18, 0xc6, 0x8b
    db 0xc2, 0x5a, 0x05, 0x00, 0x40, 0x8e, 0xc0, 0xb8
    db 0xa6, 0x5e, 0x26, 0xa3, 0x00, 0x00, 0x26, 0x39
    db 0x06, 0x00, 0x00, 0x75, 0x0e, 0xb8, 0xff, 0xff
    db 0x26, 0xa3, 0x00, 0x00, 0x43, 0x81, 0xc2, 0x00
    db 0x08, 0xe2, 0xd8, 0x0b, 0xdb, 0x74, 0x28, 0x8b
    db 0xcb, 0x33, 0xdb, 0xba, 0x00, 0x00, 0x52, 0xe8
    db 0xe5, 0xc5, 0x8b, 0xc2, 0x5a, 0x05, 0x00, 0x40
    db 0x8e, 0xc0, 0x26, 0xa1, 0x00, 0x00, 0x3d, 0xff
    db 0xff, 0x75, 0x0c, 0x26, 0x89, 0x1e, 0x00, 0x00
    db 0x81, 0xc2, 0x00, 0x08, 0x43, 0xe2, 0xdf, 0x07
    db 0x88, 0x1e, 0xad, 0x6f, 0x0b, 0xdb, 0x74, 0x0f
    db 0xb8, 0x20, 0x00, 0xf7, 0xe3, 0xa3, 0x21, 0x6f
    db 0x55, 0xe8, 0x53, 0xe7, 0x5d, 0xf8, 0xc3, 0xc6
    db 0x06, 0xc1, 0x6e, 0x13, 0xf9, 0xc3, 0x8b, 0x1e
    db 0x54, 0x6f, 0xb8, 0x04, 0x00, 0xf7, 0xe3, 0xa3
    db 0x21, 0x6f, 0xc6, 0x06, 0x23, 0x6f, 0x0e, 0x55
    db 0xe8, 0x39, 0xe7, 0x5d, 0xc3, 0x80, 0x3e, 0xa5
    db 0x6f, 0x08, 0x74, 0x05, 0xe8, 0x1d, 0xce, 0x72
    db 0x02, 0xf8, 0xc3, 0xc6, 0x06, 0xc1, 0x6e, 0x0b
    db 0xc3, 0x06, 0x8c, 0xd9, 0x8e, 0xc1, 0xbf, 0xb2
    db 0x6f, 0xb9, 0x04, 0x00, 0xb0, 0xff, 0xfc, 0xf3
    db 0xaa, 0x07, 0xc3, 0x06, 0x8c, 0xd9, 0x8e, 0xc1
    db 0xbf, 0xb2, 0x6f, 0xb9, 0x04, 0x00, 0xb0, 0xff
    db 0xfc, 0xf2, 0xae, 0x07, 0x74, 0x07, 0xc6, 0x06
    db 0xc1, 0x6e, 0x04, 0xf9, 0xc3, 0x41, 0xb8, 0x04
    db 0x00, 0x2b, 0xc1, 0x4f, 0x88, 0x05, 0xa2, 0xaf
    db 0x6f, 0xb4, 0x20, 0xf6, 0xe4, 0x05, 0xb6, 0x6f
    db 0xa3, 0xb0, 0x6f, 0xf8, 0xc3, 0x8b, 0x1e, 0xb0
    db 0x6f, 0xa0, 0xa5, 0x6f, 0x88, 0x07, 0x06, 0x8c
    db 0xd9, 0x8e, 0xc1, 0xb9, 0x0b, 0x00, 0xbe, 0x87
    db 0x6f, 0xbf, 0x01, 0x00, 0x03, 0xfb, 0xfc, 0xf3
    db 0xa4, 0x07, 0xa1, 0x9d, 0x6f, 0x89, 0x47, 0x0c
    db 0xa1, 0x9f, 0x6f, 0x89, 0x47, 0x0e, 0xa1, 0x9b
    db 0x6f, 0x89, 0x47, 0x16, 0xa1, 0x99, 0x6f, 0x89
    db 0x47, 0x14, 0x33, 0xc0, 0x89, 0x47, 0x10, 0x89
    db 0x47, 0x12, 0x89, 0x47, 0x1c, 0xa1, 0x6e, 0x6f
    db 0x89, 0x47, 0x1e, 0xa1, 0x57, 0x6f, 0x89, 0x47
    db 0x18, 0xa1, 0x59, 0x6f, 0x89, 0x47, 0x1a, 0xc3
    db 0x80, 0x3e, 0xa5, 0x6f, 0x0a, 0x75, 0x04, 0xe8
    db 0xab, 0x09, 0xc3, 0x83, 0xeb, 0x05, 0x83, 0xfb
    db 0x04, 0x73, 0x56, 0x8a, 0x87, 0xb2, 0x6f, 0x3c
    db 0xff, 0x74, 0x4e, 0x3c, 0x04, 0x73, 0x4a, 0xc6
    db 0x87, 0xb2, 0x6f, 0xff, 0x8b, 0x1e, 0xb0, 0x6f
    db 0x8b, 0x47, 0x14, 0x0b, 0xc0, 0x74, 0x28, 0x06
    db 0x8e, 0x06, 0xa3, 0x6f, 0x8b, 0x7f, 0x1e, 0x83
    db 0xc7, 0x16, 0x8b, 0x47, 0x16, 0x26, 0x89, 0x05
    db 0x26, 0x3b, 0x05, 0x75, 0x14, 0xab, 0x8b, 0x47
    db 0x14, 0xab, 0x07, 0xa0, 0xc1, 0x6e, 0x3c, 0x13
    db 0x74, 0x0d, 0xc6, 0x06, 0xc1, 0x6e, 0x00, 0xf8
    db 0xc3, 0x07, 0xc6, 0x06, 0xc1, 0x6e, 0x13, 0xf9
    db 0xc3, 0x83, 0xeb, 0x05, 0x83, 0xfb, 0x04, 0x72
    db 0x07, 0xc6, 0x06, 0xc1, 0x6e, 0x06, 0xf9, 0xc3
    db 0x8a, 0x87, 0xb2, 0x6f, 0x3c, 0xff, 0x74, 0xf1
    db 0x3c, 0x04, 0x73, 0xed, 0xa2, 0xaf, 0x6f, 0xb4
    db 0x20, 0xf6, 0xe4, 0xbb, 0xb6, 0x6f, 0x03, 0xd8
    db 0x89, 0x1e, 0xb0, 0x6f, 0x56, 0x57, 0x55, 0x8b
    db 0x47, 0x0c, 0x8b, 0x57, 0x0e, 0x8b, 0x4f, 0x10
    db 0x8b, 0x6f, 0x12, 0x33, 0xf6, 0x33, 0xff, 0x3b
    db 0xd5, 0x72, 0x06, 0x75, 0x10, 0x3b, 0xc1, 0x73
    db 0x0c, 0x8b, 0xf1, 0x8b, 0xfd, 0x2b, 0xf0, 0x1b
    db 0xfa, 0x8b, 0xc8, 0x8b, 0xea, 0x89, 0x36, 0xa1
    db 0x6f, 0x2b, 0xc1, 0x1b, 0xd5, 0xa3, 0x9d, 0x6f
    db 0x89, 0x16, 0x9f, 0x6f, 0x5d, 0x5f, 0x5e, 0x8a
    db 0x07, 0xa2, 0xa5, 0x6f, 0x3c, 0x0a, 0xc7, 0x06
    db 0xa3, 0x6f, 0x80, 0x05, 0x74, 0x10, 0x3c, 0x08
    db 0xc7, 0x06, 0xa3, 0x6f, 0x00, 0x18, 0x74, 0x06
    db 0xc7, 0x06, 0xa3, 0x6f, 0x00, 0x40, 0x06, 0x57
    db 0x8e, 0x06, 0xa3, 0x6f, 0x8b, 0x7f, 0x1e, 0x83
    db 0xc7, 0x16, 0x26, 0x8b, 0x05, 0x3b, 0x47, 0x16
    db 0x75, 0x37, 0x83, 0xc7, 0x02, 0x26, 0x8b, 0x05
    db 0x3b, 0x47, 0x14, 0x75, 0x2c, 0x5f, 0x07, 0x8b
    db 0x47, 0x16, 0xa3, 0x9b, 0x6f, 0x8b, 0x47, 0x14
    db 0xa3, 0x99, 0x6f, 0x8b, 0x47, 0x1c, 0xa3, 0x93
    db 0x6f, 0x8b, 0x47, 0x1e, 0xa3, 0x82, 0x6f, 0x8b
    db 0x47, 0x18, 0xa3, 0x57, 0x6f, 0xa3, 0x59, 0x6f
    db 0xe8, 0x05, 0xfb, 0x8b, 0x1e, 0xb0, 0x6f, 0xf8
    db 0xc3, 0x5f, 0x07, 0x33, 0xc0, 0x89, 0x47, 0x14
    db 0xc6, 0x06, 0xc1, 0x6e, 0x13, 0xf9, 0xc3, 0x8b
    db 0x1e, 0xb0, 0x6f, 0xa1, 0x93, 0x6f, 0x89, 0x47
    db 0x1c, 0xa1, 0x82, 0x6f, 0x89, 0x47, 0x1e, 0xa1
    db 0x57, 0x6f, 0x89, 0x47, 0x18, 0xa1, 0x59, 0x6f
    db 0x89, 0x47, 0x1a, 0x8b, 0x47, 0x10, 0x03, 0x06
    db 0x95, 0x6f, 0x89, 0x47, 0x10, 0x8b, 0x57, 0x12
    db 0x13, 0x16, 0x97, 0x6f, 0x89, 0x57, 0x12, 0xc3
    db 0xe8, 0xcc, 0xff, 0x55, 0x8b, 0x4f, 0x0c, 0x8b
    db 0x6f, 0x0e, 0x3b, 0xd5, 0x72, 0x10, 0x75, 0x04
    db 0x3b, 0xc1, 0x72, 0x0a, 0x8b, 0xc8, 0x8b, 0xea
    db 0x89, 0x4f, 0x0c, 0x89, 0x6f, 0x0e, 0xe8, 0x02
    db 0x00, 0x5d, 0xc3, 0x89, 0x0e, 0x9d, 0x6f, 0x89
    db 0x2e, 0x9f, 0x6f, 0x8b, 0x3e, 0x82, 0x6f, 0x83
    db 0xc7, 0x16, 0x06, 0x8e, 0x06, 0xa3, 0x6f, 0x53
    db 0xe8, 0x38, 0xec, 0x5b, 0xa1, 0x9b, 0x6f, 0x89
    db 0x47, 0x16, 0xa1, 0x99, 0x6f, 0x89, 0x47, 0x14
    db 0x83, 0xc7, 0x02, 0xa1, 0x9d, 0x6f, 0x26, 0x89
    db 0x05, 0x26, 0x3b, 0x05, 0x75, 0x08, 0xab, 0xa1
    db 0x9f, 0x6f, 0xab, 0x07, 0xf8, 0xc3, 0x07, 0xc6
    db 0x06, 0xc1, 0x6e, 0x13, 0xf9, 0xc3, 0xbf, 0x34
    db 0x6f, 0xb9, 0x10, 0x00, 0xb8, 0x00, 0x00, 0x89
    db 0x05, 0x47, 0x47, 0xe2, 0xfa, 0xc6, 0x06, 0x56
    db 0x6f, 0x01, 0xc7, 0x06, 0x54, 0x6f, 0x00, 0x00
    db 0xc7, 0x06, 0x5d, 0x6f, 0x20, 0x00, 0xe8, 0x73
    db 0xee, 0xff, 0x0e, 0x5d, 0x6f, 0x75, 0x01, 0xc3
    db 0xfe, 0x06, 0x56, 0x6f, 0xeb, 0xf0, 0x50, 0x32
    db 0xc0, 0xa2, 0x4c, 0x70, 0xa2, 0x4d, 0x70, 0xa2
    db 0x4e, 0x70, 0xa2, 0x4f, 0x70, 0xa2, 0x50, 0x70
    db 0xa2, 0x51, 0x70, 0xa2, 0x52, 0x70, 0xa2, 0x53
    db 0x70, 0xa2, 0x54, 0x70, 0x58, 0xc3, 0xb9, 0xfa
    db 0x16, 0xe2, 0xfe, 0xb2, 0x13, 0xe8, 0x42, 0xce
    db 0xc3, 0xe8, 0xca, 0xce, 0x73, 0x00, 0xc3, 0x02
    db 0x18, 0x11, 0xe8, 0xc9, 0xff, 0xe8, 0xe6, 0xff
    db 0x56, 0xbe, 0x89, 0x3f, 0xe8, 0x1e, 0xcf, 0x5e
    db 0x73, 0x06, 0x0a, 0xc0, 0x75, 0x36, 0xf9, 0xc3
    db 0xe8, 0xab, 0xce, 0x72, 0x2f, 0xa2, 0x4f, 0x70
    db 0x3c, 0x13, 0x75, 0x2a, 0xe8, 0x9f, 0xce, 0x72
    db 0x23, 0xa2, 0x50, 0x70, 0x3c, 0x18, 0x75, 0x1e
    db 0xe8, 0x93, 0xce, 0x72, 0x17, 0xa2, 0x52, 0x70
    db 0x3c, 0x06, 0x75, 0x12, 0xe8, 0x87, 0xce, 0x72
    db 0x0b, 0xa2, 0x54, 0x70, 0x3c, 0x11, 0x75, 0x06
    db 0x32, 0xc0, 0xf8, 0xc3, 0xf9, 0xc3, 0x33, 0xc0
    db 0xb0, 0x18, 0xa3, 0xc1, 0x6e, 0x33, 0xc0, 0xf9
    db 0xc3, 0x02, 0x06, 0x11, 0xe8, 0x8f, 0xff, 0xbe
    db 0xe3, 0x3f, 0xe8, 0xa9, 0xce, 0xc3, 0x02, 0x15
    db 0x11, 0xe8, 0x48, 0xce, 0x72, 0x15, 0xa2, 0x4c
    db 0x70, 0xe8, 0x40, 0xce, 0x72, 0x0d, 0xa2, 0x4d
    db 0x70, 0xe8, 0x38, 0xce, 0x72, 0x05, 0xa2, 0x4e
    db 0x70, 0xf8, 0xc3, 0xf9, 0xc3, 0x8b, 0xf2, 0xb9
    db 0x0c, 0x00, 0x06, 0x8e, 0x06, 0x3d, 0x70, 0x26
    db 0x8a, 0x14, 0x07, 0x80, 0xfa, 0x00, 0x74, 0x15
    db 0x8a, 0xc2, 0x32, 0xe4, 0xe8, 0xfc, 0x00, 0x51
    db 0x56, 0xe8, 0x96, 0xcd, 0x5e, 0x59, 0x72, 0x0c
    db 0x46, 0xe2, 0xdf, 0xb2, 0x00, 0xe8, 0x8a, 0xcd
    db 0x72, 0x02, 0xf8, 0xc3, 0xf9, 0xc3, 0x8b, 0x16
    db 0x19, 0x6f, 0x86, 0xd6, 0x52, 0xe8, 0x7a, 0xcd
    db 0x5a, 0x72, 0x15, 0x8a, 0xc2, 0xe8, 0xd3, 0x00
    db 0x86, 0xd6, 0x52, 0xe8, 0x6c, 0xcd, 0x5a, 0x72
    db 0x07, 0x8a, 0xc2, 0xe8, 0xc5, 0x00, 0xf8, 0xc3
    db 0xf9, 0xc3, 0x89, 0x1e, 0x19, 0x6f, 0x83, 0xfb
    db 0x0a, 0x72, 0x06, 0xc6, 0x06, 0xa5, 0x6f, 0x08
    db 0xc3, 0xbf, 0x3f, 0x70, 0x03, 0xfb, 0x8a, 0x05
    db 0x8a, 0xe0, 0x24, 0x0f, 0xa2, 0xa5, 0x6f, 0xc3
    db 0xe8, 0xd3, 0xfe, 0xe8, 0xb6, 0xcd, 0x72, 0x2f
    db 0xa2, 0x4f, 0x70, 0x3c, 0x13, 0x74, 0x02, 0xf8
    db 0xc3, 0xe8, 0xa8, 0xcd, 0x72, 0x21, 0xa2, 0x50
    db 0x70, 0x3a, 0x06, 0x37, 0x70, 0x74, 0x1a, 0x3c
    db 0x06, 0x75, 0x07, 0xe8, 0x74, 0x00, 0x0a, 0xc0
    db 0xf8, 0xc3, 0x3c, 0x0f, 0x75, 0x07, 0xe8, 0x69
    db 0x00, 0x0a, 0xc0, 0xf8, 0xc3, 0xf8, 0xc3, 0xf9
    db 0xc3, 0xe8, 0x80, 0xcd, 0x72, 0xf9, 0xa2, 0x51
    db 0x70, 0xc7, 0x06, 0x3b, 0x70, 0x00, 0x00, 0x3c
    db 0x00, 0x74, 0x16, 0xe8, 0x6e, 0xcd, 0x72, 0xe7
    db 0x32, 0xe4, 0xa3, 0x3b, 0x70, 0xa2, 0x52, 0x70
    db 0xe8, 0x3f, 0x00, 0x72, 0xda, 0x33, 0xc0, 0xeb
    db 0xd6, 0xe8, 0x47, 0x00, 0x72, 0xd1, 0xa0, 0x37
    db 0x70, 0x3c, 0x3f, 0x74, 0x03, 0xe8, 0x2a, 0x00
    db 0xa0, 0x37, 0x70, 0x3c, 0x13, 0x74, 0x1f, 0x3c
    db 0x17, 0x74, 0x1b, 0x3c, 0x3f, 0x74, 0x17, 0x3c
    db 0x3d, 0x74, 0x13, 0x3c, 0x3e, 0x74, 0x0f, 0x3c
    db 0x3c, 0x74, 0x0b, 0x3c, 0x40, 0x74, 0x07, 0x3c
    db 0x44, 0x74, 0x03, 0xe8, 0xce, 0xfe, 0x32, 0xc0
    db 0xf8, 0xc3, 0xe8, 0x1f, 0xcd, 0x72, 0x00, 0xa2
    db 0x54, 0x70, 0xc3, 0x9f, 0x98, 0x00, 0x06, 0x49
    db 0x70, 0x9e, 0xc3, 0xa0, 0x37, 0x70, 0x3c, 0x13
    db 0x74, 0x2c, 0x3c, 0x17, 0x74, 0x28, 0x3c, 0x47
    db 0x74, 0x25, 0x3c, 0x4e, 0x74, 0x25, 0x3c, 0x4f
    db 0x74, 0x2a, 0x3c, 0x3d, 0x74, 0x2e, 0x3c, 0x3e
    db 0x74, 0x14, 0x3c, 0x3c, 0x74, 0x26, 0x3c, 0x3f
    db 0x74, 0x26, 0x3c, 0x40, 0x74, 0x23, 0x3c, 0x44
    db 0x74, 0x04, 0xb0, 0x1b, 0xf9, 0xc3, 0xc3, 0xe8
    db 0xb3, 0x00, 0xc3, 0xc6, 0x06, 0x38, 0x70, 0x00
    db 0xe8, 0x29, 0x01, 0xc3, 0xfe, 0x06, 0x38, 0x70
    db 0xe8, 0x21, 0x01, 0xc3, 0xe8, 0x30, 0x03, 0xc3
    db 0xc3, 0xc3, 0x32, 0xe4, 0x3c, 0x1b, 0x75, 0x05
    db 0xb0, 0x15, 0xeb, 0x07, 0x90, 0x3c, 0x09, 0x75
    db 0x02, 0xb0, 0x17, 0xa3, 0xc1, 0x6e, 0x50, 0xe8
    db 0x91, 0xcb, 0x58, 0xf9, 0xc3, 0x33, 0xc0, 0xb0
    db 0x18, 0xa3, 0xc1, 0x6e, 0x50, 0xe8, 0x83, 0xcb
    db 0x58, 0xf9, 0xc3, 0x02, 0x47, 0x11, 0xa1, 0x2a
    db 0x6d, 0x50, 0xa1, 0x2c, 0x6d, 0x50, 0xa1, 0x2e
    db 0x6d, 0x50, 0xc6, 0x06, 0x2a, 0x6d, 0x06, 0xc6
    db 0x06, 0x2b, 0x6d, 0x01, 0xc6, 0x06, 0x2c, 0x6d
    db 0x00, 0xc6, 0x06, 0x2d, 0x6d, 0x00, 0xc6, 0x06
    db 0x2e, 0x6d, 0x00, 0xe8, 0xec, 0xca, 0x58, 0xa3
    db 0x2e, 0x6d, 0x58, 0xa3, 0x2c, 0x6d, 0x58, 0xa3
    db 0x2a, 0x6d, 0xe8, 0x3e, 0xcb, 0xe8, 0x0d, 0xcb
    db 0xc7, 0x06, 0xab, 0x6d, 0x01, 0x00, 0xe8, 0xa1
    db 0xfd, 0x73, 0x0b, 0x0b, 0xc0, 0x75, 0x23, 0xc6
    db 0x06, 0xc1, 0x6e, 0x16, 0xf9, 0xc3, 0xe8, 0x7d
    db 0xfd, 0xbe, 0xa5, 0x41, 0xe8, 0x97, 0xcc, 0x72
    db 0x0c, 0xc6, 0x06, 0x37, 0x70, 0x47, 0xe8, 0x77
    db 0xfe, 0x72, 0x07, 0x74, 0x03, 0xeb, 0x03, 0x90
    db 0xf8, 0xc3, 0xe9, 0x65, 0xff, 0xba, 0x1f, 0x00
    db 0xbf, 0x34, 0x6f, 0x52, 0x57, 0xe8, 0x1c, 0xcc
    db 0x5f, 0x5a, 0x72, 0x18, 0x0b, 0xd2, 0x74, 0x04
    db 0x4a, 0x88, 0x05, 0x47, 0x0a, 0xc0, 0x75, 0xeb
    db 0xe8, 0x09, 0xcc, 0x72, 0x07, 0xa2, 0x53, 0x70
    db 0x32, 0xc0, 0xf8, 0xc3, 0xf9, 0xc3, 0x02, 0x4e
    db 0x11, 0x02, 0x4f, 0x11, 0xe8, 0x2f, 0xfd, 0xbe
    db 0x40, 0x42, 0xe8, 0x49, 0xcc, 0x72, 0x34, 0xc6
    db 0x06, 0x37, 0x70, 0x4e, 0xe8, 0x29, 0xfe, 0x72
    db 0x2a, 0xb9, 0x7f, 0x00, 0x51, 0xe8, 0x16, 0xfd
    db 0xbe, 0x43, 0x42, 0xe8, 0x30, 0xcc, 0x59, 0x72
    db 0x1a, 0x51, 0xc6, 0x06, 0x37, 0x70, 0x4f, 0xe8
    db 0x0e, 0xfe, 0x59, 0x72, 0x0e, 0xe2, 0xe5, 0xc6
    db 0x06, 0x51, 0x70, 0x00, 0xc6, 0x06, 0x52, 0x70
    db 0x00, 0xf8, 0xc3, 0x0a, 0xc0, 0x74, 0x03, 0xe9
    db 0xf0, 0xfe, 0x80, 0x3e, 0x52, 0x70, 0x12, 0x74
    db 0xe6, 0xe9, 0x01, 0xff, 0xba, 0x00, 0x00, 0xc6
    db 0x06, 0x39, 0x70, 0x00, 0xa0, 0x38, 0x70, 0xb4
    db 0x00, 0xb1, 0x05, 0xd3, 0xe0, 0x8b, 0xd8, 0xe8
    db 0xb9, 0x00, 0x52, 0x53, 0xe8, 0x8d, 0xcb, 0x5b
    db 0x5a, 0x72, 0x15, 0xe8, 0x14, 0x00, 0x72, 0x0e
    db 0x75, 0xf0, 0xe8, 0x7f, 0xcb, 0x72, 0x09, 0xa2
    db 0x53, 0x70, 0x32, 0xc0, 0xf8, 0xc3, 0xf9, 0xc3
    db 0xf9, 0xc3, 0x81, 0xfa, 0xff, 0x00, 0x73, 0x6e
    db 0x80, 0xfa, 0x09, 0x73, 0x6b, 0x80, 0xfa, 0x01
    db 0x74, 0x3c, 0x80, 0xfa, 0x02, 0x74, 0x3c, 0x80
    db 0xfa, 0x03, 0x74, 0x3c, 0x80, 0xfa, 0x04, 0x74
    db 0x3c, 0x80, 0xfa, 0x05, 0x74, 0x3c, 0x80, 0xfa
    db 0x06, 0x74, 0x3c, 0x80, 0xfa, 0x07, 0x74, 0x3c
    db 0x80, 0xfa, 0x08, 0x74, 0x3c, 0xbf, 0x0b, 0x00
    db 0x81, 0xfb, 0x00, 0x10, 0x73, 0x09, 0x06, 0x8e
    db 0x06, 0xa3, 0x6f, 0x03, 0xfb, 0xaa, 0x07, 0x42
    db 0xb0, 0x01, 0x0a, 0xc0, 0xf8, 0xc3, 0xbf, 0x16
    db 0x00, 0xeb, 0xe5, 0xbf, 0x17, 0x00, 0xeb, 0xe0
    db 0xbf, 0x18, 0x00, 0xeb, 0xdb, 0xbf, 0x19, 0x00
    db 0xeb, 0xd6, 0xbf, 0x1c, 0x00, 0xeb, 0xd1, 0xbf
    db 0x1d, 0x00, 0xeb, 0xcc, 0xbf, 0x1e, 0x00, 0xeb
    db 0xc7, 0xbf, 0x1f, 0x00, 0xeb, 0xc2, 0xf9, 0xc3
    db 0x0a, 0xc0, 0x74, 0x11, 0x83, 0xfa, 0x15, 0x73
    db 0xc6, 0x83, 0xfa, 0x11, 0x73, 0x0e, 0x8b, 0xfa
    db 0x83, 0xef, 0x09, 0xeb, 0xab, 0xb0, 0x00, 0x42
    db 0x0a, 0xc0, 0xf8, 0xc3, 0x8b, 0xfa, 0x83, 0xef
    db 0x05, 0xeb, 0x9d, 0x81, 0xfb, 0x00, 0x10, 0x73
    db 0x18, 0x06, 0x8e, 0x06, 0xa3, 0x6f, 0x8b, 0xfb
    db 0xb9, 0x0b, 0x00, 0xb0, 0x20, 0xfc, 0xf3, 0xaa
    db 0x47, 0xb9, 0x04, 0x00, 0xb0, 0x00, 0xf3, 0xaa
    db 0x07, 0xc3, 0x83, 0xc2, 0x02, 0x52, 0xe8, 0xed
    db 0xfb, 0xb2, 0x3c, 0xe8, 0x34, 0xca, 0x72, 0x79
    db 0xc6, 0x06, 0x49, 0x70, 0x3c, 0x8b, 0x1e, 0x19
    db 0x6f, 0x33, 0xd2, 0x33, 0xc9, 0xe8, 0xba, 0xe7
    db 0x8b, 0xc8, 0x51, 0xe8, 0x9c, 0xe7, 0x8b, 0xd0
    db 0x52, 0x5a, 0x59, 0x8a, 0xc2, 0xe8, 0x73, 0xfd
    db 0x8a, 0xc6, 0xe8, 0x6e, 0xfd, 0x8a, 0xc1, 0xe8
    db 0x69, 0xfd, 0x8a, 0xc5, 0xe8, 0x64, 0xfd, 0x51
    db 0x52, 0xe8, 0xfe, 0xc9, 0x5a, 0x59, 0x72, 0x41
    db 0x8a, 0xd6, 0x51, 0xe8, 0xf4, 0xc9, 0x59, 0x72
    db 0x38, 0x8a, 0xd1, 0x51, 0xe8, 0xeb, 0xc9, 0x59
    db 0x72, 0x2f, 0x8a, 0xd5, 0xe8, 0xe3, 0xc9, 0x72
    db 0x28, 0x5a, 0xe8, 0x28, 0xfc, 0x72, 0x23, 0x8a
    db 0x16, 0x49, 0x70, 0xe8, 0xd4, 0xc9, 0x72, 0x1a
    db 0xb2, 0x11, 0xe8, 0xcd, 0xc9, 0x72, 0x13, 0xc6
    db 0x06, 0x37, 0x70, 0x3c, 0xe8, 0x81, 0xfc, 0x72
    db 0x09, 0xa1, 0x3b, 0x70, 0xa2, 0xaf, 0x6f, 0xf8
    db 0xc3, 0x5a, 0x0a, 0xc0, 0x74, 0x03, 0xe9, 0x69
    db 0xfd, 0xe9, 0x81, 0xfd, 0x83, 0xc2, 0x02, 0x52
    db 0xe8, 0x5b, 0xfb, 0xb2, 0x13, 0xe8, 0xa2, 0xc9
    db 0x72, 0x2a, 0xc6, 0x06, 0x49, 0x70, 0x13, 0x5a
    db 0xe8, 0xe2, 0xfb, 0x72, 0x20, 0x8a, 0x16, 0x49
    db 0x70, 0xe8, 0x8e, 0xc9, 0x72, 0x17, 0xb2, 0x11
    db 0xe8, 0x87, 0xc9, 0x72, 0x10, 0xc6, 0x06, 0x37
    db 0x70, 0x13, 0xe8, 0x3b, 0xfc, 0x72, 0x06, 0xa1
    db 0x3b, 0x70, 0xf8, 0xc3, 0x5a, 0x0a, 0xc0, 0x74
    db 0x03, 0xe9, 0x26, 0xfd, 0xe9, 0x3e, 0xfd, 0x83
    db 0xc2, 0x02, 0x52, 0xe8, 0x18, 0xfb, 0xb2, 0x3d
    db 0xe8, 0x5f, 0xc9, 0xb2, 0x00, 0xe8, 0x5a, 0xc9
    db 0x5a, 0x72, 0x32, 0xc6, 0x06, 0x49, 0x70, 0x3d
    db 0xe8, 0x9a, 0xfb, 0x72, 0x28, 0x51, 0x56, 0x8a
    db 0x16, 0x49, 0x70, 0xe8, 0x44, 0xc9, 0x72, 0x1b
    db 0xb2, 0x11, 0xe8, 0x3d, 0xc9, 0x72, 0x14, 0x5e
    db 0x59, 0xc6, 0x06, 0x37, 0x70, 0x3d, 0xe8, 0xef
    db 0xfb, 0x72, 0x0a, 0xa1, 0x3b, 0x70, 0xa2, 0xaf
    db 0x6f, 0xf8, 0xc3, 0x5e, 0x59, 0x0a, 0xc0, 0x74
    db 0x03, 0xe9, 0xd6, 0xfc, 0xe9, 0xee, 0xfc, 0xe8
    db 0x92, 0xc9, 0x72, 0x10, 0x8a, 0xd0, 0x52, 0xe8
    db 0x8a, 0xc9, 0x5a, 0x72, 0x07, 0x8a, 0xe2, 0xa3
    db 0x3b, 0x70, 0xf8, 0xc3, 0xf9, 0xc3, 0xc7, 0x06
    db 0x13, 0x6f, 0x01, 0x00, 0xc7, 0x06, 0x21, 0x6f
    db 0x00, 0x00, 0xe8, 0xa9, 0xfa, 0xb2, 0x3f, 0xe8
    db 0xf0, 0xc8, 0x72, 0x31, 0xe8, 0x67, 0xfb, 0x72
    db 0x2c, 0xb2, 0x11, 0xe8, 0xe4, 0xc8, 0x72, 0x25
    db 0xc6, 0x06, 0x37, 0x70, 0x3f, 0xe8, 0x98, 0xfb
    db 0x72, 0x1b, 0xc7, 0x06, 0xc1, 0x6e, 0x00, 0x00
    db 0xa1, 0x3b, 0x70, 0xc6, 0x06, 0x20, 0x6f, 0x00
    db 0xc6, 0x06, 0x49, 0x70, 0x3f, 0xc7, 0x06, 0x4a
    db 0x70, 0x03, 0x00, 0xf8, 0xc3, 0x0a, 0xc0, 0x74
    db 0x03, 0xe9, 0x6e, 0xfc, 0xe9, 0x86, 0xfc, 0x83
    db 0xf9, 0x00, 0x74, 0x0a, 0x83, 0x3e, 0x13, 0x6f
    db 0x00, 0x74, 0x03, 0xeb, 0x0a, 0x90, 0x33, 0xc9
    db 0x8b, 0xc1, 0xa3, 0x95, 0x6f, 0xf8, 0xc3, 0x89
    db 0x0e, 0x95, 0x6f, 0x8b, 0xfa, 0x8b, 0x1e, 0x4a
    db 0x70, 0x51, 0x57, 0x53, 0xe8, 0x05, 0xc9, 0x5b
    db 0x5f, 0x59, 0x72, 0x70, 0x43, 0x81, 0xfb, 0xfe
    db 0x01, 0x7c, 0x3a, 0x51, 0x57, 0xe8, 0xf4, 0xc8
    db 0x5f, 0x59, 0x72, 0x60, 0xa2, 0x53, 0x70, 0x51
    db 0x57, 0xe8, 0xe8, 0xc8, 0x5f, 0x59, 0x72, 0x54
    db 0xa2, 0x54, 0x70, 0x51, 0x57, 0x56, 0xe8, 0x83
    db 0xfa, 0x5e, 0x5f, 0x59, 0x72, 0x46, 0x51, 0x57
    db 0xe8, 0xd1, 0xc8, 0x5f, 0x59, 0x72, 0x3d, 0xa2
    db 0x4f, 0x70, 0x33, 0xdb, 0x88, 0x1e, 0x49, 0x70
    db 0x43, 0x89, 0x1e, 0x4a, 0x70, 0x0a, 0xc0, 0x74
    db 0xb0, 0x80, 0x3e, 0x20, 0x6f, 0x00, 0x74, 0x09
    db 0xc6, 0x06, 0x20, 0x6f, 0x00, 0x2c, 0x60, 0xeb
    db 0x0f, 0x3c, 0x08, 0x75, 0x07, 0xc6, 0x06, 0x20
    db 0x6f, 0xff, 0xeb, 0x95, 0x3c, 0x1a, 0x74, 0x1e
    db 0x88, 0x05, 0xe8, 0x7e, 0xfb, 0x47, 0xe2, 0x89
    db 0x51, 0x59, 0xeb, 0x57, 0x50, 0x8b, 0x1e, 0x19
    db 0x6f, 0xe8, 0xae, 0xfa, 0x80, 0xe4, 0x7f, 0x88
    db 0x25, 0x58, 0xf9, 0xe9, 0xbc, 0xfb, 0xc7, 0x06
    db 0x13, 0x6f, 0x00, 0x00, 0x89, 0x0e, 0x3b, 0x70
    db 0xb8, 0xfe, 0x01, 0x2b, 0xc3, 0x8b, 0xc8, 0xe3
    db 0x11, 0x51, 0x53, 0xe8, 0x66, 0xc8, 0x5b, 0x59
    db 0x72, 0xd2, 0x43, 0x0a, 0xc0, 0x75, 0x0b, 0x49
    db 0xeb, 0xed, 0x53, 0xe8, 0x56, 0xc8, 0x5b, 0x72
    db 0xc3, 0x43, 0xa2, 0x53, 0x70, 0x53, 0xe8, 0x4b
    db 0xc8, 0x5b, 0x72, 0xb8, 0x43, 0xa2, 0x54, 0x70
    db 0x53, 0xe8, 0xe8, 0xf9, 0x5b, 0x72, 0xad, 0x8b
    db 0x0e, 0x3b, 0x70, 0x89, 0x1e, 0x4a, 0x70, 0xa1
    db 0x95, 0x6f, 0x2b, 0xc1, 0xa3, 0x95, 0x6f, 0x01
    db 0x06, 0x21, 0x6f, 0xc7, 0x06, 0xc1, 0x6e, 0x00
    db 0x00, 0x50, 0xe8, 0xae, 0xdd, 0x58, 0xf8, 0xc3
    db 0xc7, 0x06, 0x21, 0x6f, 0x00, 0x00, 0xe8, 0x4d
    db 0xf9, 0xb2, 0x40, 0xe8, 0x94, 0xc7, 0xc6, 0x06
    db 0x49, 0x70, 0x40, 0x72, 0x0d, 0xe8, 0x06, 0xfa
    db 0x72, 0x08, 0xc7, 0x06, 0x4a, 0x70, 0x04, 0x00
    db 0xf8, 0xc3, 0xe9, 0x35, 0xfb, 0x89, 0x0e, 0x95
    db 0x6f, 0xc7, 0x06, 0xc1, 0x6e, 0x00, 0x00, 0x0b
    db 0xc9, 0x75, 0x04, 0x8b, 0xc1, 0xf8, 0xc3, 0x8b
    db 0xf2, 0x8b, 0x1e, 0x4a, 0x70, 0x51, 0x56, 0x0b
    db 0xdb, 0x75, 0x08, 0xe8, 0x10, 0xf9, 0x72, 0x7f
    db 0x33, 0xdb, 0x43, 0x5e, 0x8a, 0x14, 0x56, 0x80
    db 0xfa, 0x20, 0x73, 0x16, 0x52, 0xb2, 0x08, 0x53
    db 0x52, 0xe8, 0x46, 0xc7, 0x59, 0x5b, 0x5a, 0x72
    db 0x66, 0x8b, 0xc1, 0xe8, 0x9d, 0xfa, 0x43, 0x80
    db 0xc2, 0x60, 0x53, 0x52, 0xe8, 0x33, 0xc7, 0x5a
    db 0x5b, 0x72, 0x54, 0x8b, 0xc2, 0xe8, 0x8b, 0xfa
    db 0x43, 0x81, 0xfb, 0xfc, 0x01, 0x7c, 0x31, 0x81
    db 0xfb, 0xfe, 0x01, 0x7d, 0x0c, 0x53, 0x33, 0xd2
    db 0xe8, 0x17, 0xc7, 0x5b, 0x72, 0x39, 0x43, 0xeb
    db 0xee, 0x8a, 0x16, 0x49, 0x70, 0xe8, 0x0a, 0xc7
    db 0x72, 0x2d, 0xb2, 0x11, 0xe8, 0x03, 0xc7, 0x72
    db 0x26, 0xe8, 0x2d, 0xf9, 0x33, 0xdb, 0x89, 0x1e
    db 0x4a, 0x70, 0x88, 0x1e, 0x49, 0x70, 0x72, 0x17
    db 0x5e, 0x59, 0x46, 0xe2, 0x88, 0xa1, 0x95, 0x6f
    db 0x01, 0x06, 0x21, 0x6f, 0x89, 0x1e, 0x4a, 0x70
    db 0x50, 0xe8, 0xe7, 0xdc, 0x58, 0xf8, 0xc3, 0x5e
    db 0x59, 0x50, 0x8b, 0x1e, 0x19, 0x6f, 0xe8, 0x71
    db 0xf9, 0x80, 0xe4, 0x7f, 0x88, 0x25, 0x58, 0xf9
    db 0xe9, 0x7f, 0xfa, 0xa1, 0x3b, 0x70, 0xa3, 0xc1
    db 0x6e, 0xb4, 0x00, 0xf9, 0xc3, 0x89, 0x1e, 0x19
    db 0x6f, 0xe8, 0x6a, 0xf8, 0xb2, 0x3e, 0xe8, 0xb1
    db 0xc6, 0x72, 0x1b, 0xe8, 0x28, 0xf9, 0x72, 0x16
    db 0xb2, 0x11, 0xe8, 0xa5, 0xc6, 0x72, 0x0f, 0xc6
    db 0x06, 0x37, 0x70, 0x3e, 0xe8, 0x59, 0xf9, 0x72
    db 0x05, 0xa1, 0x3b, 0x70, 0xf8, 0xc3, 0x0a, 0xc0
    db 0x74, 0x03, 0xe9, 0x45, 0xfa, 0xe9, 0x5d, 0xfa
    db 0xe8, 0x3b, 0xf8, 0xb2, 0x17, 0xe8, 0x82, 0xc6
    db 0x72, 0x59, 0xc6, 0x06, 0x49, 0x70, 0x17, 0xff
    db 0x36, 0x3d, 0x70, 0x8b, 0x16, 0x75, 0x6f, 0x89
    db 0x16, 0x3d, 0x70, 0x8b, 0x16, 0x73, 0x6f, 0x42
    db 0x42, 0xe8, 0xb1, 0xf8, 0x8f, 0x06, 0x3d, 0x70
    db 0x72, 0x39, 0xff, 0x36, 0x3d, 0x70, 0x8b, 0x16
    db 0x79, 0x6f, 0x89, 0x16, 0x3d, 0x70, 0x8b, 0x16
    db 0x77, 0x6f, 0x42, 0x42, 0xe8, 0x96, 0xf8, 0x8f
    db 0x06, 0x3d, 0x70, 0x72, 0x1e, 0x8a, 0x16, 0x49
    db 0x70, 0xe8, 0x3e, 0xc6, 0x72, 0x15, 0xb2, 0x11
    db 0xe8, 0x37, 0xc6, 0x72, 0x0e, 0xc6, 0x06, 0x37
    db 0x70, 0x17, 0xe8, 0xeb, 0xf8, 0x72, 0x04, 0x32
    db 0xc0, 0xf8, 0xc3, 0x0a, 0xc0, 0x74, 0x03, 0xe9
    db 0xd8, 0xf9, 0xe9, 0xf0, 0xf9, 0x04, 0x44, 0x05
    db 0x00, 0x11, 0xe8, 0xc9, 0xf7, 0xbe, 0xa7, 0x47
    db 0xe8, 0xe3, 0xc6, 0x72, 0x0f, 0xc6, 0x06, 0x37
    db 0x70, 0x44, 0xe8, 0xc3, 0xf8, 0x72, 0x05, 0xa1
    db 0x3b, 0x70, 0xf8, 0xc3, 0x0a, 0xc0, 0x74, 0x03
    db 0xe9, 0xaf, 0xf9, 0xe9, 0xc7, 0xf9, 0xcd, 0x21
    db 0xcb, 0x81, 0x3e, 0x33, 0x6d, 0x96, 0x19, 0x75
    db 0x1a, 0xc6, 0x06, 0x53, 0x6d, 0x00, 0x80, 0x3e
    db 0x06, 0x68, 0x08, 0x74, 0x13, 0x80, 0x3e, 0x06
    db 0x68, 0x09, 0x74, 0x0c, 0x80, 0x3e, 0x06, 0x68
    db 0x0a, 0x74, 0x05, 0x80, 0x0e, 0x53, 0x6d, 0x01
    db 0xe8, 0x7c, 0x00, 0xe8, 0xd5, 0x00, 0xe8, 0x14
    db 0x01, 0xe8, 0x3b, 0x01, 0x80, 0x3e, 0x53, 0x6d
    db 0x00, 0x74, 0x02, 0xf9, 0xc3, 0xf8, 0xc3, 0xc6
    db 0x06, 0x06, 0x68, 0x08, 0xc6, 0x06, 0x35, 0x6d
    db 0x08, 0xe8, 0x3c, 0xbc, 0x74, 0x0b, 0xb3, 0xa5
    db 0xb2, 0x08, 0xb4, 0xff, 0x9a, 0xd0, 0x47, 0x00
    db 0xc0, 0xe8, 0xe8, 0x11, 0xe8, 0xfe, 0x11, 0xe8
    db 0xcf, 0xdd, 0xe8, 0x7c, 0x00, 0xe8, 0xc3, 0x00
    db 0xe8, 0xf4, 0x00, 0xe8, 0x16, 0x01, 0xe8, 0x01
    db 0x00, 0xc3, 0xc7, 0x06, 0x12, 0x68, 0x18, 0x77
    db 0x33, 0xc0, 0xa3, 0x81, 0x6d, 0xa3, 0x55, 0x6d
    db 0xa2, 0xb4, 0x6e, 0xa2, 0x36, 0x6d, 0xa2, 0x4e
    db 0x6d, 0xa2, 0x51, 0x6d, 0xa2, 0x52, 0x6d, 0xa2
    db 0x07, 0x68, 0xa3, 0x0d, 0x68, 0xa2, 0x58, 0x6d
    db 0xa2, 0x54, 0x6d, 0xa2, 0x57, 0x6d, 0xa2, 0x73
    db 0x76, 0xfe, 0xc0, 0xa2, 0x24, 0x6d, 0xc3, 0xe8
    db 0x00, 0x09, 0x81, 0xf9, 0xbc, 0x07, 0x72, 0x2b
    db 0x81, 0xf9, 0x33, 0x08, 0x73, 0x25, 0x0a, 0xf6
    db 0x74, 0x21, 0x80, 0xfe, 0x0d, 0x73, 0x1c, 0x0a
    db 0xd2, 0x74, 0x18, 0x80, 0xfe, 0x20, 0x73, 0x13
    db 0xe8, 0x76, 0x09, 0x80, 0xfd, 0x18, 0x73, 0x0b
    db 0x80, 0xf9, 0x3c, 0x73, 0x06, 0x80, 0xfe, 0x3c
    db 0x73, 0x01, 0xc3, 0x80, 0x0e, 0x53, 0x6d, 0x02
    db 0xc3, 0xb9, 0xcc, 0x07, 0xba, 0x01, 0x01, 0xb4
    db 0x2b, 0xcd, 0x21, 0x33, 0xc9, 0x33, 0xd2, 0xb4
    db 0x2d, 0xcd, 0x21, 0xe8, 0x3d, 0xc1, 0xc7, 0x06
    db 0x33, 0x6d, 0x96, 0x19, 0xc7, 0x06, 0x31, 0x6d
    db 0xb0, 0x04, 0xc3
validate_rs232_setup_C000_48D5:
    db 0xfc    ; cld
    db 0xbe, 0x2a, 0x6d    ; mov si,0x6d2a
    db 0xac    ; lodsb ; baud index
    db 0x3c, 0x03    ; cmp al,0x03
    jc rs232_invalid_C000_48F7
    db 0x3c, 0x08    ; cmp al,0x08
    jnc rs232_invalid_C000_48F7
    db 0xac    ; lodsb ; bit length
    db 0x3c, 0x02    ; cmp al,0x02
    jnc rs232_invalid_C000_48F7
    db 0xac    ; lodsb ; stop bits
    db 0x3c, 0x02    ; cmp al,0x02
    jnc rs232_invalid_C000_48F7
    db 0xac    ; lodsb ; parity
    db 0x3c, 0x03    ; cmp al,0x03
    jnc rs232_invalid_C000_48F7
    db 0xac    ; lodsb ; XON/XOFF
    db 0x3c, 0x02    ; cmp al,0x02
    jnc rs232_invalid_C000_48F7
    db 0xc3    ; ret
rs232_invalid_C000_48F7:
    db 0x80, 0x0e, 0x53, 0x6d, 0x04    ; or byte [0x6d53],0x04
    db 0xc3    ; ret
    db 0xb0, 0x06, 0xa2, 0x2a, 0x6d, 0xb0, 0x01, 0xa2
    db 0x2b, 0x6d, 0xb0, 0x00, 0xa2, 0x2c, 0x6d, 0xb0
    db 0x00, 0xa2, 0x2d, 0x6d, 0xb0, 0x00, 0xa2, 0x2e
    db 0x6d, 0xc3
validate_printer_setup_C000_4917:
    db 0xfc    ; cld
    db 0xbe, 0x59, 0x6d    ; mov si,0x6d59
    db 0xac    ; lodsb
    db 0x3c, 0x07    ; cmp al,0x07
    jnc printer_invalid_C000_492B
    db 0xac, 0x3c, 0x02, 0x73, 0x06, 0xac, 0x3c, 0x02
    db 0x73, 0x01, 0xc3
printer_invalid_C000_492B:
    db 0x80, 0x0e, 0x53, 0x6d, 0x08    ; or byte [0x6d53],0x08
    db 0xc3, 0xb0, 0x03, 0xa2, 0x59, 0x6d, 0x32, 0xc0
    db 0xa2, 0x5a, 0x6d, 0x32, 0xc0, 0xa2, 0x5b, 0x6d
    db 0xc3
validate_power_setup_C000_4941:
    db 0xfc    ; cld
    db 0xbe, 0x2f, 0x6d    ; mov si,0x6d2f
    db 0xac    ; lodsb
    db 0x3c, 0x07    ; cmp al,0x07
    jnc printer_invalid_C000_492B
    db 0xac    ; lodsb
    db 0x3c, 0x04    ; cmp al,0x04
    jnc printer_invalid_C000_492B
    db 0xc3    ; ret

; helper call targets covered by other slices
disarm_timer_C000_0B50 equ 0x0B50
retained_cleanup_done_C000_0499 equ 0x0499
serial_delay_countdown_C000_0BEC equ 0x0BEC
serial_power_down_C000_0D2A equ 0x0D2A
